Loading plugins phase: Elapsed time ==> 0s.205ms
<CYPRESSTAG name="CyDsfit arguments...">
cydsfit arguments: -.fdsnotice -.fdswarpdepfile=warp_dependencies.txt -.fdselabdepfile=elab_dependencies.txt -.fdsbldfile=generated_files.txt -.fdsreffile=referenced_files.txt -p C:\Users\amant\Generate\Uplift-Solutions\uplift-fw-sp25\src\psoc_4200_uplift.cydsn\psoc_4200_uplift.cyprj -d CY8C4245AXI-483 -s C:\Users\amant\Generate\Uplift-Solutions\uplift-fw-sp25\src\psoc_4200_uplift.cydsn\Generated_Source\PSoC4 -- -yv2 -q10 -ygs -o2 -v3 -.fftcfgtype=LE
</CYPRESSTAG>
<CYPRESSTAG name="Design elaboration results...">
</CYPRESSTAG>
Elaboration phase: Elapsed time ==> 1s.188ms
<CYPRESSTAG name="HDL generation results...">
</CYPRESSTAG>
HDL generation phase: Elapsed time ==> 0s.047ms
<CYPRESSTAG name="Synthesis results...">

     | | | | | | |
   _________________
  -|               |-
  -|               |-
  -|               |-
  -|    CYPRESS    |-
  -|               |-
  -|               |-   Warp Verilog Synthesis Compiler: Version 6.3 IR 41
  -|               |-   Copyright (C) 1991-2001 Cypress Semiconductor
   |_______________|
     | | | | | | |

======================================================================
Compiling:  psoc_4200_uplift.v
Program  :   C:\Program Files (x86)\Cypress\PSoC Creator\4.4\PSoC Creator\warp\bin\warp.exe
Options  :    -yv2 -q10 -ygs -o2 -v3 -.fftcfgtype=LE -ya -.fftprj=C:\Users\amant\Generate\Uplift-Solutions\uplift-fw-sp25\src\psoc_4200_uplift.cydsn\psoc_4200_uplift.cyprj -dcpsoc3 psoc_4200_uplift.v -verilog
======================================================================

======================================================================
Compiling:  psoc_4200_uplift.v
Program  :   C:\Program Files (x86)\Cypress\PSoC Creator\4.4\PSoC Creator\warp\bin\warp.exe
Options  :    -yv2 -q10 -ygs -o2 -v3 -.fftcfgtype=LE -ya -.fftprj=C:\Users\amant\Generate\Uplift-Solutions\uplift-fw-sp25\src\psoc_4200_uplift.cydsn\psoc_4200_uplift.cyprj -dcpsoc3 psoc_4200_uplift.v -verilog
======================================================================

======================================================================
Compiling:  psoc_4200_uplift.v
Program  :   vlogfe
Options  :    -yv2 -q10 -ygs -o2 -v3 -.fftcfgtype=LE -ya -.fftprj=C:\Users\amant\Generate\Uplift-Solutions\uplift-fw-sp25\src\psoc_4200_uplift.cydsn\psoc_4200_uplift.cyprj -dcpsoc3 -verilog psoc_4200_uplift.v
======================================================================

vlogfe V6.3 IR 41:  Verilog parser
Fri Apr 11 01:50:06 2025


======================================================================
Compiling:  psoc_4200_uplift.v
Program  :   vpp
Options  :    -yv2 -q10 psoc_4200_uplift.v
======================================================================

vpp V6.3 IR 41:  Verilog Pre-Processor
Fri Apr 11 01:50:06 2025

Flattening file 'C:\Program Files (x86)\Cypress\PSoC Creator\4.4\PSoC Creator\psoc\content\CyPrimitives\cyprimitives.cylib\cy_virtualmux_v1_0\cy_virtualmux_v1_0.v'
Flattening file 'C:\Program Files (x86)\Cypress\PSoC Creator\4.4\PSoC Creator\psoc\content\CyPrimitives\cyprimitives.cylib\ZeroTerminal\ZeroTerminal.v'
Flattening file 'C:\Program Files (x86)\Cypress\PSoC Creator\4.4\PSoC Creator\psoc\content\CyPrimitives\cyprimitives.cylib\or_v1_0\or_v1_0.v'
Flattening file 'C:\Program Files (x86)\Cypress\PSoC Creator\4.4\PSoC Creator\psoc\content\CyComponentLibrary\CyComponentLibrary.cylib\B_PWM_v3_30\B_PWM_v3_30.v'
Flattening file 'C:\Program Files (x86)\Cypress\PSoC Creator\4.4\PSoC Creator\warp\lib\common\cypress.v'
Flattening file 'C:\Program Files (x86)\Cypress\PSoC Creator\4.4\PSoC Creator\warp\lib\common\cy_psoc3_inc.v'

vpp:  No errors.

Library 'work' => directory 'lcpsoc3'
General_symbol_table
General_symbol_table
Linking 'C:\Program Files (x86)\Cypress\PSoC Creator\4.4\PSoC Creator\warp\lib\common\std.vhd'.
Linking 'C:\Program Files (x86)\Cypress\PSoC Creator\4.4\PSoC Creator\warp\lib\common\cypress.vhd'.
Linking 'C:\Program Files (x86)\Cypress\PSoC Creator\4.4\PSoC Creator\warp\lib\common\work\cypress.vif'.
Linking 'C:\Program Files (x86)\Cypress\PSoC Creator\4.4\PSoC Creator\warp\lib\ieee\work\stdlogic.vif'.
Linking 'C:\Program Files (x86)\Cypress\PSoC Creator\4.4\PSoC Creator\warp\lib\common\stdlogic\lpmpkg.vif'.
Linking 'C:\Program Files (x86)\Cypress\PSoC Creator\4.4\PSoC Creator\warp\lib\common\stdlogic\rtlpkg.vif'.
Linking 'C:\Program Files (x86)\Cypress\PSoC Creator\4.4\PSoC Creator\warp\lib\common\stdlogic\mod_cnst.vif'.
Linking 'C:\Program Files (x86)\Cypress\PSoC Creator\4.4\PSoC Creator\warp\lib\common\stdlogic\mod_mthv.vif'.
Linking 'C:\Program Files (x86)\Cypress\PSoC Creator\4.4\PSoC Creator\warp\lib\common\stdlogic\mod_genv.vif'.
Using control file 'psoc_4200_uplift.ctl'.
C:\Program Files (x86)\Cypress\PSoC Creator\4.4\PSoC Creator\psoc\content\CyComponentLibrary\CyComponentLibrary.cylib\B_PWM_v3_30\B_PWM_v3_30.v (line 947, col 46):  Note: Substituting module 'sub_vi_vv' for '-'.
C:\Program Files (x86)\Cypress\PSoC Creator\4.4\PSoC Creator\psoc\content\CyComponentLibrary\CyComponentLibrary.cylib\B_PWM_v3_30\B_PWM_v3_30.v (line 977, col 46):  Note: Substituting module 'add_vi_vv' for '+'.
Linking 'C:\Program Files (x86)\Cypress\PSoC Creator\4.4\PSoC Creator\warp\lib\common\stdlogic\cy_psoc3pkg.vif'.
Linking 'C:\Program Files (x86)\Cypress\PSoC Creator\4.4\PSoC Creator\warp\lib\common\stdlogic\cy_psoc3.vif'.

vlogfe:  No errors.


======================================================================
Compiling:  psoc_4200_uplift.v
Program  :   tovif
Options  :    -yv2 -q10 -ygs -o2 -v3 -.fftcfgtype=LE -ya -.fftprj=C:\Users\amant\Generate\Uplift-Solutions\uplift-fw-sp25\src\psoc_4200_uplift.cydsn\psoc_4200_uplift.cyprj -dcpsoc3 -verilog psoc_4200_uplift.v
======================================================================

tovif V6.3 IR 41:  High-level synthesis
Fri Apr 11 01:50:06 2025

Linking 'C:\Program Files (x86)\Cypress\PSoC Creator\4.4\PSoC Creator\warp\lib\common\std.vhd'.
Linking 'C:\Program Files (x86)\Cypress\PSoC Creator\4.4\PSoC Creator\warp\lib\common\cypress.vhd'.
Linking 'C:\Program Files (x86)\Cypress\PSoC Creator\4.4\PSoC Creator\warp\lib\common\work\cypress.vif'.
Linking 'C:\Program Files (x86)\Cypress\PSoC Creator\4.4\PSoC Creator\warp\lib\ieee\work\stdlogic.vif'.
Linking 'C:\Program Files (x86)\Cypress\PSoC Creator\4.4\PSoC Creator\warp\lib\common\stdlogic\lpmpkg.vif'.
Linking 'C:\Program Files (x86)\Cypress\PSoC Creator\4.4\PSoC Creator\warp\lib\common\stdlogic\rtlpkg.vif'.
Linking 'C:\Program Files (x86)\Cypress\PSoC Creator\4.4\PSoC Creator\warp\lib\common\stdlogic\mod_cnst.vif'.
Linking 'C:\Program Files (x86)\Cypress\PSoC Creator\4.4\PSoC Creator\warp\lib\common\stdlogic\mod_mthv.vif'.
Linking 'C:\Program Files (x86)\Cypress\PSoC Creator\4.4\PSoC Creator\warp\lib\common\stdlogic\mod_genv.vif'.
Linking 'C:\Users\amant\Generate\Uplift-Solutions\uplift-fw-sp25\src\psoc_4200_uplift.cydsn\codegentemp\psoc_4200_uplift.ctl'.
Linking 'C:\Program Files (x86)\Cypress\PSoC Creator\4.4\PSoC Creator\psoc\content\CyPrimitives\cyprimitives.cylib\cy_virtualmux_v1_0\cy_virtualmux_v1_0.v'.
Linking 'C:\Users\amant\Generate\Uplift-Solutions\uplift-fw-sp25\src\psoc_4200_uplift.cydsn\codegentemp\psoc_4200_uplift.v'.
Linking 'C:\Program Files (x86)\Cypress\PSoC Creator\4.4\PSoC Creator\psoc\content\CyPrimitives\cyprimitives.cylib\ZeroTerminal\ZeroTerminal.v'.
Linking 'C:\Program Files (x86)\Cypress\PSoC Creator\4.4\PSoC Creator\psoc\content\CyPrimitives\cyprimitives.cylib\or_v1_0\or_v1_0.v'.
Linking 'C:\Program Files (x86)\Cypress\PSoC Creator\4.4\PSoC Creator\psoc\content\CyComponentLibrary\CyComponentLibrary.cylib\B_PWM_v3_30\B_PWM_v3_30.v'.
Linking 'C:\Program Files (x86)\Cypress\PSoC Creator\4.4\PSoC Creator\warp\lib\common\cypress.v'.
Linking 'C:\Program Files (x86)\Cypress\PSoC Creator\4.4\PSoC Creator\warp\lib\common\cy_psoc3_inc.v'.
Linking 'C:\Program Files (x86)\Cypress\PSoC Creator\4.4\PSoC Creator\warp\lib\common\stdlogic\cy_psoc3pkg.vif'.
Linking 'C:\Program Files (x86)\Cypress\PSoC Creator\4.4\PSoC Creator\warp\lib\common\stdlogic\cy_psoc3.vif'.
Linking 'C:\Program Files (x86)\Cypress\PSoC Creator\4.4\PSoC Creator\warp\lib\lcpsoc3\stdlogic\mod_cnst.vif'.

tovif:  No errors.


======================================================================
Compiling:  psoc_4200_uplift.v
Program  :   topld
Options  :    -yv2 -q10 -ygs -o2 -v3 -.fftcfgtype=LE -ya -.fftprj=C:\Users\amant\Generate\Uplift-Solutions\uplift-fw-sp25\src\psoc_4200_uplift.cydsn\psoc_4200_uplift.cyprj -dcpsoc3 -verilog psoc_4200_uplift.v
======================================================================

topld V6.3 IR 41:  Synthesis and optimization
Fri Apr 11 01:50:07 2025

Linking 'C:\Program Files (x86)\Cypress\PSoC Creator\4.4\PSoC Creator\warp\lib\common\std.vhd'.
Linking 'C:\Program Files (x86)\Cypress\PSoC Creator\4.4\PSoC Creator\warp\lib\common\cypress.vhd'.
Linking 'C:\Program Files (x86)\Cypress\PSoC Creator\4.4\PSoC Creator\warp\lib\common\work\cypress.vif'.
Linking 'C:\Program Files (x86)\Cypress\PSoC Creator\4.4\PSoC Creator\warp\lib\ieee\work\stdlogic.vif'.
Linking 'C:\Program Files (x86)\Cypress\PSoC Creator\4.4\PSoC Creator\warp\lib\common\stdlogic\lpmpkg.vif'.
Linking 'C:\Program Files (x86)\Cypress\PSoC Creator\4.4\PSoC Creator\warp\lib\common\stdlogic\rtlpkg.vif'.
Linking 'C:\Program Files (x86)\Cypress\PSoC Creator\4.4\PSoC Creator\warp\lib\common\stdlogic\mod_cnst.vif'.
Linking 'C:\Program Files (x86)\Cypress\PSoC Creator\4.4\PSoC Creator\warp\lib\common\stdlogic\mod_mthv.vif'.
Linking 'C:\Program Files (x86)\Cypress\PSoC Creator\4.4\PSoC Creator\warp\lib\common\stdlogic\mod_genv.vif'.
Linking 'C:\Users\amant\Generate\Uplift-Solutions\uplift-fw-sp25\src\psoc_4200_uplift.cydsn\codegentemp\psoc_4200_uplift.ctl'.
Linking 'C:\Program Files (x86)\Cypress\PSoC Creator\4.4\PSoC Creator\psoc\content\CyPrimitives\cyprimitives.cylib\cy_virtualmux_v1_0\cy_virtualmux_v1_0.v'.
Linking 'C:\Users\amant\Generate\Uplift-Solutions\uplift-fw-sp25\src\psoc_4200_uplift.cydsn\codegentemp\psoc_4200_uplift.v'.
Linking 'C:\Program Files (x86)\Cypress\PSoC Creator\4.4\PSoC Creator\psoc\content\CyPrimitives\cyprimitives.cylib\ZeroTerminal\ZeroTerminal.v'.
Linking 'C:\Program Files (x86)\Cypress\PSoC Creator\4.4\PSoC Creator\psoc\content\CyPrimitives\cyprimitives.cylib\or_v1_0\or_v1_0.v'.
Linking 'C:\Program Files (x86)\Cypress\PSoC Creator\4.4\PSoC Creator\psoc\content\CyComponentLibrary\CyComponentLibrary.cylib\B_PWM_v3_30\B_PWM_v3_30.v'.
Linking 'C:\Program Files (x86)\Cypress\PSoC Creator\4.4\PSoC Creator\warp\lib\common\cypress.v'.
Linking 'C:\Program Files (x86)\Cypress\PSoC Creator\4.4\PSoC Creator\warp\lib\common\cy_psoc3_inc.v'.
Linking 'C:\Program Files (x86)\Cypress\PSoC Creator\4.4\PSoC Creator\warp\lib\common\stdlogic\cy_psoc3pkg.vif'.
Linking 'C:\Program Files (x86)\Cypress\PSoC Creator\4.4\PSoC Creator\warp\lib\common\stdlogic\cy_psoc3.vif'.
Linking 'C:\Program Files (x86)\Cypress\PSoC Creator\4.4\PSoC Creator\warp\lib\lcpsoc3\stdlogic\mod_cnst.vif'.
Linking 'C:\Program Files (x86)\Cypress\PSoC Creator\4.4\PSoC Creator\warp\lib\lcpsoc3\stdlogic\cpsoc3.vif'.

----------------------------------------------------------
Detecting unused logic.
----------------------------------------------------------
    User names
	\I2C_0:Net_1257\
	\I2C_0:uncfg_rx_irq\
	\I2C_0:Net_1099\
	\I2C_0:Net_1258\
	Net_8
	Net_9
	Net_10
	Net_11
	Net_12
	Net_13
	Net_14
	Net_17
	Net_18
	Net_25
	\PWM_REAR_0:PWMUDB:km_run\
	\PWM_REAR_0:PWMUDB:ctrl_cmpmode2_2\
	\PWM_REAR_0:PWMUDB:ctrl_cmpmode2_1\
	\PWM_REAR_0:PWMUDB:ctrl_cmpmode2_0\
	\PWM_REAR_0:PWMUDB:ctrl_cmpmode1_2\
	\PWM_REAR_0:PWMUDB:ctrl_cmpmode1_1\
	\PWM_REAR_0:PWMUDB:ctrl_cmpmode1_0\
	\PWM_REAR_0:PWMUDB:capt_rising\
	\PWM_REAR_0:PWMUDB:capt_falling\
	\PWM_REAR_0:PWMUDB:trig_rise\
	\PWM_REAR_0:PWMUDB:trig_fall\
	\PWM_REAR_0:PWMUDB:sc_kill\
	\PWM_REAR_0:PWMUDB:min_kill\
	\PWM_REAR_0:PWMUDB:db_tc\
	\PWM_REAR_0:PWMUDB:dith_sel\
	\PWM_REAR_0:PWMUDB:compare2\
	Net_7587
	Net_7584
	Net_7585
	\PWM_REAR_0:PWMUDB:MODULE_1:b_31\
	\PWM_REAR_0:PWMUDB:MODULE_1:b_30\
	\PWM_REAR_0:PWMUDB:MODULE_1:b_29\
	\PWM_REAR_0:PWMUDB:MODULE_1:b_28\
	\PWM_REAR_0:PWMUDB:MODULE_1:b_27\
	\PWM_REAR_0:PWMUDB:MODULE_1:b_26\
	\PWM_REAR_0:PWMUDB:MODULE_1:b_25\
	\PWM_REAR_0:PWMUDB:MODULE_1:b_24\
	\PWM_REAR_0:PWMUDB:MODULE_1:b_23\
	\PWM_REAR_0:PWMUDB:MODULE_1:b_22\
	\PWM_REAR_0:PWMUDB:MODULE_1:b_21\
	\PWM_REAR_0:PWMUDB:MODULE_1:b_20\
	\PWM_REAR_0:PWMUDB:MODULE_1:b_19\
	\PWM_REAR_0:PWMUDB:MODULE_1:b_18\
	\PWM_REAR_0:PWMUDB:MODULE_1:b_17\
	\PWM_REAR_0:PWMUDB:MODULE_1:b_16\
	\PWM_REAR_0:PWMUDB:MODULE_1:b_15\
	\PWM_REAR_0:PWMUDB:MODULE_1:b_14\
	\PWM_REAR_0:PWMUDB:MODULE_1:b_13\
	\PWM_REAR_0:PWMUDB:MODULE_1:b_12\
	\PWM_REAR_0:PWMUDB:MODULE_1:b_11\
	\PWM_REAR_0:PWMUDB:MODULE_1:b_10\
	\PWM_REAR_0:PWMUDB:MODULE_1:b_9\
	\PWM_REAR_0:PWMUDB:MODULE_1:b_8\
	\PWM_REAR_0:PWMUDB:MODULE_1:b_7\
	\PWM_REAR_0:PWMUDB:MODULE_1:b_6\
	\PWM_REAR_0:PWMUDB:MODULE_1:b_5\
	\PWM_REAR_0:PWMUDB:MODULE_1:b_4\
	\PWM_REAR_0:PWMUDB:MODULE_1:b_3\
	\PWM_REAR_0:PWMUDB:MODULE_1:b_2\
	\PWM_REAR_0:PWMUDB:MODULE_1:b_1\
	\PWM_REAR_0:PWMUDB:MODULE_1:b_0\
	\PWM_REAR_0:PWMUDB:MODULE_1:g2:a0:a_31\
	\PWM_REAR_0:PWMUDB:MODULE_1:g2:a0:a_30\
	\PWM_REAR_0:PWMUDB:MODULE_1:g2:a0:a_29\
	\PWM_REAR_0:PWMUDB:MODULE_1:g2:a0:a_28\
	\PWM_REAR_0:PWMUDB:MODULE_1:g2:a0:a_27\
	\PWM_REAR_0:PWMUDB:MODULE_1:g2:a0:a_26\
	\PWM_REAR_0:PWMUDB:MODULE_1:g2:a0:a_25\
	\PWM_REAR_0:PWMUDB:MODULE_1:g2:a0:a_24\
	\PWM_REAR_0:PWMUDB:MODULE_1:g2:a0:b_31\
	\PWM_REAR_0:PWMUDB:MODULE_1:g2:a0:b_30\
	\PWM_REAR_0:PWMUDB:MODULE_1:g2:a0:b_29\
	\PWM_REAR_0:PWMUDB:MODULE_1:g2:a0:b_28\
	\PWM_REAR_0:PWMUDB:MODULE_1:g2:a0:b_27\
	\PWM_REAR_0:PWMUDB:MODULE_1:g2:a0:b_26\
	\PWM_REAR_0:PWMUDB:MODULE_1:g2:a0:b_25\
	\PWM_REAR_0:PWMUDB:MODULE_1:g2:a0:b_24\
	\PWM_REAR_0:PWMUDB:MODULE_1:g2:a0:b_23\
	\PWM_REAR_0:PWMUDB:MODULE_1:g2:a0:b_22\
	\PWM_REAR_0:PWMUDB:MODULE_1:g2:a0:b_21\
	\PWM_REAR_0:PWMUDB:MODULE_1:g2:a0:b_20\
	\PWM_REAR_0:PWMUDB:MODULE_1:g2:a0:b_19\
	\PWM_REAR_0:PWMUDB:MODULE_1:g2:a0:b_18\
	\PWM_REAR_0:PWMUDB:MODULE_1:g2:a0:b_17\
	\PWM_REAR_0:PWMUDB:MODULE_1:g2:a0:b_16\
	\PWM_REAR_0:PWMUDB:MODULE_1:g2:a0:b_15\
	\PWM_REAR_0:PWMUDB:MODULE_1:g2:a0:b_14\
	\PWM_REAR_0:PWMUDB:MODULE_1:g2:a0:b_13\
	\PWM_REAR_0:PWMUDB:MODULE_1:g2:a0:b_12\
	\PWM_REAR_0:PWMUDB:MODULE_1:g2:a0:b_11\
	\PWM_REAR_0:PWMUDB:MODULE_1:g2:a0:b_10\
	\PWM_REAR_0:PWMUDB:MODULE_1:g2:a0:b_9\
	\PWM_REAR_0:PWMUDB:MODULE_1:g2:a0:b_8\
	\PWM_REAR_0:PWMUDB:MODULE_1:g2:a0:b_7\
	\PWM_REAR_0:PWMUDB:MODULE_1:g2:a0:b_6\
	\PWM_REAR_0:PWMUDB:MODULE_1:g2:a0:b_5\
	\PWM_REAR_0:PWMUDB:MODULE_1:g2:a0:b_4\
	\PWM_REAR_0:PWMUDB:MODULE_1:g2:a0:b_3\
	\PWM_REAR_0:PWMUDB:MODULE_1:g2:a0:b_2\
	\PWM_REAR_0:PWMUDB:MODULE_1:g2:a0:b_1\
	\PWM_REAR_0:PWMUDB:MODULE_1:g2:a0:b_0\
	\PWM_REAR_0:PWMUDB:MODULE_1:g2:a0:s_31\
	\PWM_REAR_0:PWMUDB:MODULE_1:g2:a0:s_30\
	\PWM_REAR_0:PWMUDB:MODULE_1:g2:a0:s_29\
	\PWM_REAR_0:PWMUDB:MODULE_1:g2:a0:s_28\
	\PWM_REAR_0:PWMUDB:MODULE_1:g2:a0:s_27\
	\PWM_REAR_0:PWMUDB:MODULE_1:g2:a0:s_26\
	\PWM_REAR_0:PWMUDB:MODULE_1:g2:a0:s_25\
	\PWM_REAR_0:PWMUDB:MODULE_1:g2:a0:s_24\
	\PWM_REAR_0:PWMUDB:MODULE_1:g2:a0:s_23\
	\PWM_REAR_0:PWMUDB:MODULE_1:g2:a0:s_22\
	\PWM_REAR_0:PWMUDB:MODULE_1:g2:a0:s_21\
	\PWM_REAR_0:PWMUDB:MODULE_1:g2:a0:s_20\
	\PWM_REAR_0:PWMUDB:MODULE_1:g2:a0:s_19\
	\PWM_REAR_0:PWMUDB:MODULE_1:g2:a0:s_18\
	\PWM_REAR_0:PWMUDB:MODULE_1:g2:a0:s_17\
	\PWM_REAR_0:PWMUDB:MODULE_1:g2:a0:s_16\
	\PWM_REAR_0:PWMUDB:MODULE_1:g2:a0:s_15\
	\PWM_REAR_0:PWMUDB:MODULE_1:g2:a0:s_14\
	\PWM_REAR_0:PWMUDB:MODULE_1:g2:a0:s_13\
	\PWM_REAR_0:PWMUDB:MODULE_1:g2:a0:s_12\
	\PWM_REAR_0:PWMUDB:MODULE_1:g2:a0:s_11\
	\PWM_REAR_0:PWMUDB:MODULE_1:g2:a0:s_10\
	\PWM_REAR_0:PWMUDB:MODULE_1:g2:a0:s_9\
	\PWM_REAR_0:PWMUDB:MODULE_1:g2:a0:s_8\
	\PWM_REAR_0:PWMUDB:MODULE_1:g2:a0:s_7\
	\PWM_REAR_0:PWMUDB:MODULE_1:g2:a0:s_6\
	\PWM_REAR_0:PWMUDB:MODULE_1:g2:a0:s_5\
	\PWM_REAR_0:PWMUDB:MODULE_1:g2:a0:s_4\
	\PWM_REAR_0:PWMUDB:MODULE_1:g2:a0:s_3\
	\PWM_REAR_0:PWMUDB:MODULE_1:g2:a0:s_2\
	\PWM_REAR_0:PWMUDB:MODULE_1:g2:a0:g1:z1:s0:g1:u0:c_31\
	\PWM_REAR_0:PWMUDB:MODULE_1:g2:a0:g1:z1:s0:g1:u0:c_30\
	\PWM_REAR_0:PWMUDB:MODULE_1:g2:a0:g1:z1:s0:g1:u0:c_29\
	\PWM_REAR_0:PWMUDB:MODULE_1:g2:a0:g1:z1:s0:g1:u0:c_28\
	\PWM_REAR_0:PWMUDB:MODULE_1:g2:a0:g1:z1:s0:g1:u0:c_27\
	\PWM_REAR_0:PWMUDB:MODULE_1:g2:a0:g1:z1:s0:g1:u0:c_26\
	\PWM_REAR_0:PWMUDB:MODULE_1:g2:a0:g1:z1:s0:g1:u0:c_25\
	\PWM_REAR_0:Net_139\
	\PWM_REAR_0:Net_138\
	\PWM_REAR_0:Net_183\
	\PWM_REAR_0:Net_181\
	\BUZZER_PWM_0:PWMUDB:km_run\
	\BUZZER_PWM_0:PWMUDB:ctrl_cmpmode2_2\
	\BUZZER_PWM_0:PWMUDB:ctrl_cmpmode2_1\
	\BUZZER_PWM_0:PWMUDB:ctrl_cmpmode2_0\
	\BUZZER_PWM_0:PWMUDB:ctrl_cmpmode1_2\
	\BUZZER_PWM_0:PWMUDB:ctrl_cmpmode1_1\
	\BUZZER_PWM_0:PWMUDB:ctrl_cmpmode1_0\
	\BUZZER_PWM_0:PWMUDB:capt_rising\
	\BUZZER_PWM_0:PWMUDB:capt_falling\
	\BUZZER_PWM_0:PWMUDB:trig_rise\
	\BUZZER_PWM_0:PWMUDB:trig_fall\
	\BUZZER_PWM_0:PWMUDB:sc_kill\
	\BUZZER_PWM_0:PWMUDB:min_kill\
	\BUZZER_PWM_0:PWMUDB:db_tc\
	\BUZZER_PWM_0:PWMUDB:dith_sel\
	\BUZZER_PWM_0:PWMUDB:compare2\
	Net_7599
	Net_7596
	Net_7597
	\BUZZER_PWM_0:PWMUDB:MODULE_2:b_31\
	\BUZZER_PWM_0:PWMUDB:MODULE_2:b_30\
	\BUZZER_PWM_0:PWMUDB:MODULE_2:b_29\
	\BUZZER_PWM_0:PWMUDB:MODULE_2:b_28\
	\BUZZER_PWM_0:PWMUDB:MODULE_2:b_27\
	\BUZZER_PWM_0:PWMUDB:MODULE_2:b_26\
	\BUZZER_PWM_0:PWMUDB:MODULE_2:b_25\
	\BUZZER_PWM_0:PWMUDB:MODULE_2:b_24\
	\BUZZER_PWM_0:PWMUDB:MODULE_2:b_23\
	\BUZZER_PWM_0:PWMUDB:MODULE_2:b_22\
	\BUZZER_PWM_0:PWMUDB:MODULE_2:b_21\
	\BUZZER_PWM_0:PWMUDB:MODULE_2:b_20\
	\BUZZER_PWM_0:PWMUDB:MODULE_2:b_19\
	\BUZZER_PWM_0:PWMUDB:MODULE_2:b_18\
	\BUZZER_PWM_0:PWMUDB:MODULE_2:b_17\
	\BUZZER_PWM_0:PWMUDB:MODULE_2:b_16\
	\BUZZER_PWM_0:PWMUDB:MODULE_2:b_15\
	\BUZZER_PWM_0:PWMUDB:MODULE_2:b_14\
	\BUZZER_PWM_0:PWMUDB:MODULE_2:b_13\
	\BUZZER_PWM_0:PWMUDB:MODULE_2:b_12\
	\BUZZER_PWM_0:PWMUDB:MODULE_2:b_11\
	\BUZZER_PWM_0:PWMUDB:MODULE_2:b_10\
	\BUZZER_PWM_0:PWMUDB:MODULE_2:b_9\
	\BUZZER_PWM_0:PWMUDB:MODULE_2:b_8\
	\BUZZER_PWM_0:PWMUDB:MODULE_2:b_7\
	\BUZZER_PWM_0:PWMUDB:MODULE_2:b_6\
	\BUZZER_PWM_0:PWMUDB:MODULE_2:b_5\
	\BUZZER_PWM_0:PWMUDB:MODULE_2:b_4\
	\BUZZER_PWM_0:PWMUDB:MODULE_2:b_3\
	\BUZZER_PWM_0:PWMUDB:MODULE_2:b_2\
	\BUZZER_PWM_0:PWMUDB:MODULE_2:b_1\
	\BUZZER_PWM_0:PWMUDB:MODULE_2:b_0\
	\BUZZER_PWM_0:PWMUDB:MODULE_2:g2:a0:a_31\
	\BUZZER_PWM_0:PWMUDB:MODULE_2:g2:a0:a_30\
	\BUZZER_PWM_0:PWMUDB:MODULE_2:g2:a0:a_29\
	\BUZZER_PWM_0:PWMUDB:MODULE_2:g2:a0:a_28\
	\BUZZER_PWM_0:PWMUDB:MODULE_2:g2:a0:a_27\
	\BUZZER_PWM_0:PWMUDB:MODULE_2:g2:a0:a_26\
	\BUZZER_PWM_0:PWMUDB:MODULE_2:g2:a0:a_25\
	\BUZZER_PWM_0:PWMUDB:MODULE_2:g2:a0:a_24\
	\BUZZER_PWM_0:PWMUDB:MODULE_2:g2:a0:b_31\
	\BUZZER_PWM_0:PWMUDB:MODULE_2:g2:a0:b_30\
	\BUZZER_PWM_0:PWMUDB:MODULE_2:g2:a0:b_29\
	\BUZZER_PWM_0:PWMUDB:MODULE_2:g2:a0:b_28\
	\BUZZER_PWM_0:PWMUDB:MODULE_2:g2:a0:b_27\
	\BUZZER_PWM_0:PWMUDB:MODULE_2:g2:a0:b_26\
	\BUZZER_PWM_0:PWMUDB:MODULE_2:g2:a0:b_25\
	\BUZZER_PWM_0:PWMUDB:MODULE_2:g2:a0:b_24\
	\BUZZER_PWM_0:PWMUDB:MODULE_2:g2:a0:b_23\
	\BUZZER_PWM_0:PWMUDB:MODULE_2:g2:a0:b_22\
	\BUZZER_PWM_0:PWMUDB:MODULE_2:g2:a0:b_21\
	\BUZZER_PWM_0:PWMUDB:MODULE_2:g2:a0:b_20\
	\BUZZER_PWM_0:PWMUDB:MODULE_2:g2:a0:b_19\
	\BUZZER_PWM_0:PWMUDB:MODULE_2:g2:a0:b_18\
	\BUZZER_PWM_0:PWMUDB:MODULE_2:g2:a0:b_17\
	\BUZZER_PWM_0:PWMUDB:MODULE_2:g2:a0:b_16\
	\BUZZER_PWM_0:PWMUDB:MODULE_2:g2:a0:b_15\
	\BUZZER_PWM_0:PWMUDB:MODULE_2:g2:a0:b_14\
	\BUZZER_PWM_0:PWMUDB:MODULE_2:g2:a0:b_13\
	\BUZZER_PWM_0:PWMUDB:MODULE_2:g2:a0:b_12\
	\BUZZER_PWM_0:PWMUDB:MODULE_2:g2:a0:b_11\
	\BUZZER_PWM_0:PWMUDB:MODULE_2:g2:a0:b_10\
	\BUZZER_PWM_0:PWMUDB:MODULE_2:g2:a0:b_9\
	\BUZZER_PWM_0:PWMUDB:MODULE_2:g2:a0:b_8\
	\BUZZER_PWM_0:PWMUDB:MODULE_2:g2:a0:b_7\
	\BUZZER_PWM_0:PWMUDB:MODULE_2:g2:a0:b_6\
	\BUZZER_PWM_0:PWMUDB:MODULE_2:g2:a0:b_5\
	\BUZZER_PWM_0:PWMUDB:MODULE_2:g2:a0:b_4\
	\BUZZER_PWM_0:PWMUDB:MODULE_2:g2:a0:b_3\
	\BUZZER_PWM_0:PWMUDB:MODULE_2:g2:a0:b_2\
	\BUZZER_PWM_0:PWMUDB:MODULE_2:g2:a0:b_1\
	\BUZZER_PWM_0:PWMUDB:MODULE_2:g2:a0:b_0\
	\BUZZER_PWM_0:PWMUDB:MODULE_2:g2:a0:s_31\
	\BUZZER_PWM_0:PWMUDB:MODULE_2:g2:a0:s_30\
	\BUZZER_PWM_0:PWMUDB:MODULE_2:g2:a0:s_29\
	\BUZZER_PWM_0:PWMUDB:MODULE_2:g2:a0:s_28\
	\BUZZER_PWM_0:PWMUDB:MODULE_2:g2:a0:s_27\
	\BUZZER_PWM_0:PWMUDB:MODULE_2:g2:a0:s_26\
	\BUZZER_PWM_0:PWMUDB:MODULE_2:g2:a0:s_25\
	\BUZZER_PWM_0:PWMUDB:MODULE_2:g2:a0:s_24\
	\BUZZER_PWM_0:PWMUDB:MODULE_2:g2:a0:s_23\
	\BUZZER_PWM_0:PWMUDB:MODULE_2:g2:a0:s_22\
	\BUZZER_PWM_0:PWMUDB:MODULE_2:g2:a0:s_21\
	\BUZZER_PWM_0:PWMUDB:MODULE_2:g2:a0:s_20\
	\BUZZER_PWM_0:PWMUDB:MODULE_2:g2:a0:s_19\
	\BUZZER_PWM_0:PWMUDB:MODULE_2:g2:a0:s_18\
	\BUZZER_PWM_0:PWMUDB:MODULE_2:g2:a0:s_17\
	\BUZZER_PWM_0:PWMUDB:MODULE_2:g2:a0:s_16\
	\BUZZER_PWM_0:PWMUDB:MODULE_2:g2:a0:s_15\
	\BUZZER_PWM_0:PWMUDB:MODULE_2:g2:a0:s_14\
	\BUZZER_PWM_0:PWMUDB:MODULE_2:g2:a0:s_13\
	\BUZZER_PWM_0:PWMUDB:MODULE_2:g2:a0:s_12\
	\BUZZER_PWM_0:PWMUDB:MODULE_2:g2:a0:s_11\
	\BUZZER_PWM_0:PWMUDB:MODULE_2:g2:a0:s_10\
	\BUZZER_PWM_0:PWMUDB:MODULE_2:g2:a0:s_9\
	\BUZZER_PWM_0:PWMUDB:MODULE_2:g2:a0:s_8\
	\BUZZER_PWM_0:PWMUDB:MODULE_2:g2:a0:s_7\
	\BUZZER_PWM_0:PWMUDB:MODULE_2:g2:a0:s_6\
	\BUZZER_PWM_0:PWMUDB:MODULE_2:g2:a0:s_5\
	\BUZZER_PWM_0:PWMUDB:MODULE_2:g2:a0:s_4\
	\BUZZER_PWM_0:PWMUDB:MODULE_2:g2:a0:s_3\
	\BUZZER_PWM_0:PWMUDB:MODULE_2:g2:a0:s_2\
	\BUZZER_PWM_0:PWMUDB:MODULE_2:g2:a0:g1:z1:s0:g1:u0:c_31\
	\BUZZER_PWM_0:PWMUDB:MODULE_2:g2:a0:g1:z1:s0:g1:u0:c_30\
	\BUZZER_PWM_0:PWMUDB:MODULE_2:g2:a0:g1:z1:s0:g1:u0:c_29\
	\BUZZER_PWM_0:PWMUDB:MODULE_2:g2:a0:g1:z1:s0:g1:u0:c_28\
	\BUZZER_PWM_0:PWMUDB:MODULE_2:g2:a0:g1:z1:s0:g1:u0:c_27\
	\BUZZER_PWM_0:PWMUDB:MODULE_2:g2:a0:g1:z1:s0:g1:u0:c_26\
	\BUZZER_PWM_0:PWMUDB:MODULE_2:g2:a0:g1:z1:s0:g1:u0:c_25\
	\BUZZER_PWM_0:Net_139\
	\BUZZER_PWM_0:Net_138\
	\BUZZER_PWM_0:Net_183\
	\BUZZER_PWM_0:Net_181\
	\PWM_FRONT_0:PWMUDB:km_run\
	\PWM_FRONT_0:PWMUDB:ctrl_cmpmode2_2\
	\PWM_FRONT_0:PWMUDB:ctrl_cmpmode2_1\
	\PWM_FRONT_0:PWMUDB:ctrl_cmpmode2_0\
	\PWM_FRONT_0:PWMUDB:ctrl_cmpmode1_2\
	\PWM_FRONT_0:PWMUDB:ctrl_cmpmode1_1\
	\PWM_FRONT_0:PWMUDB:ctrl_cmpmode1_0\
	\PWM_FRONT_0:PWMUDB:capt_rising\
	\PWM_FRONT_0:PWMUDB:capt_falling\
	\PWM_FRONT_0:PWMUDB:trig_rise\
	\PWM_FRONT_0:PWMUDB:trig_fall\
	\PWM_FRONT_0:PWMUDB:sc_kill\
	\PWM_FRONT_0:PWMUDB:min_kill\
	\PWM_FRONT_0:PWMUDB:db_tc\
	\PWM_FRONT_0:PWMUDB:dith_sel\
	\PWM_FRONT_0:PWMUDB:compare2\
	Net_7611
	Net_7608
	Net_7609
	\PWM_FRONT_0:PWMUDB:MODULE_3:b_31\
	\PWM_FRONT_0:PWMUDB:MODULE_3:b_30\
	\PWM_FRONT_0:PWMUDB:MODULE_3:b_29\
	\PWM_FRONT_0:PWMUDB:MODULE_3:b_28\
	\PWM_FRONT_0:PWMUDB:MODULE_3:b_27\
	\PWM_FRONT_0:PWMUDB:MODULE_3:b_26\
	\PWM_FRONT_0:PWMUDB:MODULE_3:b_25\
	\PWM_FRONT_0:PWMUDB:MODULE_3:b_24\
	\PWM_FRONT_0:PWMUDB:MODULE_3:b_23\
	\PWM_FRONT_0:PWMUDB:MODULE_3:b_22\
	\PWM_FRONT_0:PWMUDB:MODULE_3:b_21\
	\PWM_FRONT_0:PWMUDB:MODULE_3:b_20\
	\PWM_FRONT_0:PWMUDB:MODULE_3:b_19\
	\PWM_FRONT_0:PWMUDB:MODULE_3:b_18\
	\PWM_FRONT_0:PWMUDB:MODULE_3:b_17\
	\PWM_FRONT_0:PWMUDB:MODULE_3:b_16\
	\PWM_FRONT_0:PWMUDB:MODULE_3:b_15\
	\PWM_FRONT_0:PWMUDB:MODULE_3:b_14\
	\PWM_FRONT_0:PWMUDB:MODULE_3:b_13\
	\PWM_FRONT_0:PWMUDB:MODULE_3:b_12\
	\PWM_FRONT_0:PWMUDB:MODULE_3:b_11\
	\PWM_FRONT_0:PWMUDB:MODULE_3:b_10\
	\PWM_FRONT_0:PWMUDB:MODULE_3:b_9\
	\PWM_FRONT_0:PWMUDB:MODULE_3:b_8\
	\PWM_FRONT_0:PWMUDB:MODULE_3:b_7\
	\PWM_FRONT_0:PWMUDB:MODULE_3:b_6\
	\PWM_FRONT_0:PWMUDB:MODULE_3:b_5\
	\PWM_FRONT_0:PWMUDB:MODULE_3:b_4\
	\PWM_FRONT_0:PWMUDB:MODULE_3:b_3\
	\PWM_FRONT_0:PWMUDB:MODULE_3:b_2\
	\PWM_FRONT_0:PWMUDB:MODULE_3:b_1\
	\PWM_FRONT_0:PWMUDB:MODULE_3:b_0\
	\PWM_FRONT_0:PWMUDB:MODULE_3:g2:a0:a_31\
	\PWM_FRONT_0:PWMUDB:MODULE_3:g2:a0:a_30\
	\PWM_FRONT_0:PWMUDB:MODULE_3:g2:a0:a_29\
	\PWM_FRONT_0:PWMUDB:MODULE_3:g2:a0:a_28\
	\PWM_FRONT_0:PWMUDB:MODULE_3:g2:a0:a_27\
	\PWM_FRONT_0:PWMUDB:MODULE_3:g2:a0:a_26\
	\PWM_FRONT_0:PWMUDB:MODULE_3:g2:a0:a_25\
	\PWM_FRONT_0:PWMUDB:MODULE_3:g2:a0:a_24\
	\PWM_FRONT_0:PWMUDB:MODULE_3:g2:a0:b_31\
	\PWM_FRONT_0:PWMUDB:MODULE_3:g2:a0:b_30\
	\PWM_FRONT_0:PWMUDB:MODULE_3:g2:a0:b_29\
	\PWM_FRONT_0:PWMUDB:MODULE_3:g2:a0:b_28\
	\PWM_FRONT_0:PWMUDB:MODULE_3:g2:a0:b_27\
	\PWM_FRONT_0:PWMUDB:MODULE_3:g2:a0:b_26\
	\PWM_FRONT_0:PWMUDB:MODULE_3:g2:a0:b_25\
	\PWM_FRONT_0:PWMUDB:MODULE_3:g2:a0:b_24\
	\PWM_FRONT_0:PWMUDB:MODULE_3:g2:a0:b_23\
	\PWM_FRONT_0:PWMUDB:MODULE_3:g2:a0:b_22\
	\PWM_FRONT_0:PWMUDB:MODULE_3:g2:a0:b_21\
	\PWM_FRONT_0:PWMUDB:MODULE_3:g2:a0:b_20\
	\PWM_FRONT_0:PWMUDB:MODULE_3:g2:a0:b_19\
	\PWM_FRONT_0:PWMUDB:MODULE_3:g2:a0:b_18\
	\PWM_FRONT_0:PWMUDB:MODULE_3:g2:a0:b_17\
	\PWM_FRONT_0:PWMUDB:MODULE_3:g2:a0:b_16\
	\PWM_FRONT_0:PWMUDB:MODULE_3:g2:a0:b_15\
	\PWM_FRONT_0:PWMUDB:MODULE_3:g2:a0:b_14\
	\PWM_FRONT_0:PWMUDB:MODULE_3:g2:a0:b_13\
	\PWM_FRONT_0:PWMUDB:MODULE_3:g2:a0:b_12\
	\PWM_FRONT_0:PWMUDB:MODULE_3:g2:a0:b_11\
	\PWM_FRONT_0:PWMUDB:MODULE_3:g2:a0:b_10\
	\PWM_FRONT_0:PWMUDB:MODULE_3:g2:a0:b_9\
	\PWM_FRONT_0:PWMUDB:MODULE_3:g2:a0:b_8\
	\PWM_FRONT_0:PWMUDB:MODULE_3:g2:a0:b_7\
	\PWM_FRONT_0:PWMUDB:MODULE_3:g2:a0:b_6\
	\PWM_FRONT_0:PWMUDB:MODULE_3:g2:a0:b_5\
	\PWM_FRONT_0:PWMUDB:MODULE_3:g2:a0:b_4\
	\PWM_FRONT_0:PWMUDB:MODULE_3:g2:a0:b_3\
	\PWM_FRONT_0:PWMUDB:MODULE_3:g2:a0:b_2\
	\PWM_FRONT_0:PWMUDB:MODULE_3:g2:a0:b_1\
	\PWM_FRONT_0:PWMUDB:MODULE_3:g2:a0:b_0\
	\PWM_FRONT_0:PWMUDB:MODULE_3:g2:a0:s_31\
	\PWM_FRONT_0:PWMUDB:MODULE_3:g2:a0:s_30\
	\PWM_FRONT_0:PWMUDB:MODULE_3:g2:a0:s_29\
	\PWM_FRONT_0:PWMUDB:MODULE_3:g2:a0:s_28\
	\PWM_FRONT_0:PWMUDB:MODULE_3:g2:a0:s_27\
	\PWM_FRONT_0:PWMUDB:MODULE_3:g2:a0:s_26\
	\PWM_FRONT_0:PWMUDB:MODULE_3:g2:a0:s_25\
	\PWM_FRONT_0:PWMUDB:MODULE_3:g2:a0:s_24\
	\PWM_FRONT_0:PWMUDB:MODULE_3:g2:a0:s_23\
	\PWM_FRONT_0:PWMUDB:MODULE_3:g2:a0:s_22\
	\PWM_FRONT_0:PWMUDB:MODULE_3:g2:a0:s_21\
	\PWM_FRONT_0:PWMUDB:MODULE_3:g2:a0:s_20\
	\PWM_FRONT_0:PWMUDB:MODULE_3:g2:a0:s_19\
	\PWM_FRONT_0:PWMUDB:MODULE_3:g2:a0:s_18\
	\PWM_FRONT_0:PWMUDB:MODULE_3:g2:a0:s_17\
	\PWM_FRONT_0:PWMUDB:MODULE_3:g2:a0:s_16\
	\PWM_FRONT_0:PWMUDB:MODULE_3:g2:a0:s_15\
	\PWM_FRONT_0:PWMUDB:MODULE_3:g2:a0:s_14\
	\PWM_FRONT_0:PWMUDB:MODULE_3:g2:a0:s_13\
	\PWM_FRONT_0:PWMUDB:MODULE_3:g2:a0:s_12\
	\PWM_FRONT_0:PWMUDB:MODULE_3:g2:a0:s_11\
	\PWM_FRONT_0:PWMUDB:MODULE_3:g2:a0:s_10\
	\PWM_FRONT_0:PWMUDB:MODULE_3:g2:a0:s_9\
	\PWM_FRONT_0:PWMUDB:MODULE_3:g2:a0:s_8\
	\PWM_FRONT_0:PWMUDB:MODULE_3:g2:a0:s_7\
	\PWM_FRONT_0:PWMUDB:MODULE_3:g2:a0:s_6\
	\PWM_FRONT_0:PWMUDB:MODULE_3:g2:a0:s_5\
	\PWM_FRONT_0:PWMUDB:MODULE_3:g2:a0:s_4\
	\PWM_FRONT_0:PWMUDB:MODULE_3:g2:a0:s_3\
	\PWM_FRONT_0:PWMUDB:MODULE_3:g2:a0:s_2\
	\PWM_FRONT_0:PWMUDB:MODULE_3:g2:a0:g1:z1:s0:g1:u0:c_31\
	\PWM_FRONT_0:PWMUDB:MODULE_3:g2:a0:g1:z1:s0:g1:u0:c_30\
	\PWM_FRONT_0:PWMUDB:MODULE_3:g2:a0:g1:z1:s0:g1:u0:c_29\
	\PWM_FRONT_0:PWMUDB:MODULE_3:g2:a0:g1:z1:s0:g1:u0:c_28\
	\PWM_FRONT_0:PWMUDB:MODULE_3:g2:a0:g1:z1:s0:g1:u0:c_27\
	\PWM_FRONT_0:PWMUDB:MODULE_3:g2:a0:g1:z1:s0:g1:u0:c_26\
	\PWM_FRONT_0:PWMUDB:MODULE_3:g2:a0:g1:z1:s0:g1:u0:c_25\
	\PWM_FRONT_0:Net_139\
	\PWM_FRONT_0:Net_138\
	\PWM_FRONT_0:Net_183\
	\PWM_FRONT_0:Net_181\

    Synthesized names
	\PWM_REAR_0:PWMUDB:add_vi_vv_MODGEN_1_31\
	\PWM_REAR_0:PWMUDB:add_vi_vv_MODGEN_1_30\
	\PWM_REAR_0:PWMUDB:add_vi_vv_MODGEN_1_29\
	\PWM_REAR_0:PWMUDB:add_vi_vv_MODGEN_1_28\
	\PWM_REAR_0:PWMUDB:add_vi_vv_MODGEN_1_27\
	\PWM_REAR_0:PWMUDB:add_vi_vv_MODGEN_1_26\
	\PWM_REAR_0:PWMUDB:add_vi_vv_MODGEN_1_25\
	\PWM_REAR_0:PWMUDB:add_vi_vv_MODGEN_1_24\
	\PWM_REAR_0:PWMUDB:add_vi_vv_MODGEN_1_23\
	\PWM_REAR_0:PWMUDB:add_vi_vv_MODGEN_1_22\
	\PWM_REAR_0:PWMUDB:add_vi_vv_MODGEN_1_21\
	\PWM_REAR_0:PWMUDB:add_vi_vv_MODGEN_1_20\
	\PWM_REAR_0:PWMUDB:add_vi_vv_MODGEN_1_19\
	\PWM_REAR_0:PWMUDB:add_vi_vv_MODGEN_1_18\
	\PWM_REAR_0:PWMUDB:add_vi_vv_MODGEN_1_17\
	\PWM_REAR_0:PWMUDB:add_vi_vv_MODGEN_1_16\
	\PWM_REAR_0:PWMUDB:add_vi_vv_MODGEN_1_15\
	\PWM_REAR_0:PWMUDB:add_vi_vv_MODGEN_1_14\
	\PWM_REAR_0:PWMUDB:add_vi_vv_MODGEN_1_13\
	\PWM_REAR_0:PWMUDB:add_vi_vv_MODGEN_1_12\
	\PWM_REAR_0:PWMUDB:add_vi_vv_MODGEN_1_11\
	\PWM_REAR_0:PWMUDB:add_vi_vv_MODGEN_1_10\
	\PWM_REAR_0:PWMUDB:add_vi_vv_MODGEN_1_9\
	\PWM_REAR_0:PWMUDB:add_vi_vv_MODGEN_1_8\
	\PWM_REAR_0:PWMUDB:add_vi_vv_MODGEN_1_7\
	\PWM_REAR_0:PWMUDB:add_vi_vv_MODGEN_1_6\
	\PWM_REAR_0:PWMUDB:add_vi_vv_MODGEN_1_5\
	\PWM_REAR_0:PWMUDB:add_vi_vv_MODGEN_1_4\
	\PWM_REAR_0:PWMUDB:add_vi_vv_MODGEN_1_3\
	\PWM_REAR_0:PWMUDB:add_vi_vv_MODGEN_1_2\
	\BUZZER_PWM_0:PWMUDB:add_vi_vv_MODGEN_2_31\
	\BUZZER_PWM_0:PWMUDB:add_vi_vv_MODGEN_2_30\
	\BUZZER_PWM_0:PWMUDB:add_vi_vv_MODGEN_2_29\
	\BUZZER_PWM_0:PWMUDB:add_vi_vv_MODGEN_2_28\
	\BUZZER_PWM_0:PWMUDB:add_vi_vv_MODGEN_2_27\
	\BUZZER_PWM_0:PWMUDB:add_vi_vv_MODGEN_2_26\
	\BUZZER_PWM_0:PWMUDB:add_vi_vv_MODGEN_2_25\
	\BUZZER_PWM_0:PWMUDB:add_vi_vv_MODGEN_2_24\
	\BUZZER_PWM_0:PWMUDB:add_vi_vv_MODGEN_2_23\
	\BUZZER_PWM_0:PWMUDB:add_vi_vv_MODGEN_2_22\
	\BUZZER_PWM_0:PWMUDB:add_vi_vv_MODGEN_2_21\
	\BUZZER_PWM_0:PWMUDB:add_vi_vv_MODGEN_2_20\
	\BUZZER_PWM_0:PWMUDB:add_vi_vv_MODGEN_2_19\
	\BUZZER_PWM_0:PWMUDB:add_vi_vv_MODGEN_2_18\
	\BUZZER_PWM_0:PWMUDB:add_vi_vv_MODGEN_2_17\
	\BUZZER_PWM_0:PWMUDB:add_vi_vv_MODGEN_2_16\
	\BUZZER_PWM_0:PWMUDB:add_vi_vv_MODGEN_2_15\
	\BUZZER_PWM_0:PWMUDB:add_vi_vv_MODGEN_2_14\
	\BUZZER_PWM_0:PWMUDB:add_vi_vv_MODGEN_2_13\
	\BUZZER_PWM_0:PWMUDB:add_vi_vv_MODGEN_2_12\
	\BUZZER_PWM_0:PWMUDB:add_vi_vv_MODGEN_2_11\
	\BUZZER_PWM_0:PWMUDB:add_vi_vv_MODGEN_2_10\
	\BUZZER_PWM_0:PWMUDB:add_vi_vv_MODGEN_2_9\
	\BUZZER_PWM_0:PWMUDB:add_vi_vv_MODGEN_2_8\
	\BUZZER_PWM_0:PWMUDB:add_vi_vv_MODGEN_2_7\
	\BUZZER_PWM_0:PWMUDB:add_vi_vv_MODGEN_2_6\
	\BUZZER_PWM_0:PWMUDB:add_vi_vv_MODGEN_2_5\
	\BUZZER_PWM_0:PWMUDB:add_vi_vv_MODGEN_2_4\
	\BUZZER_PWM_0:PWMUDB:add_vi_vv_MODGEN_2_3\
	\BUZZER_PWM_0:PWMUDB:add_vi_vv_MODGEN_2_2\
	\PWM_FRONT_0:PWMUDB:add_vi_vv_MODGEN_3_31\
	\PWM_FRONT_0:PWMUDB:add_vi_vv_MODGEN_3_30\
	\PWM_FRONT_0:PWMUDB:add_vi_vv_MODGEN_3_29\
	\PWM_FRONT_0:PWMUDB:add_vi_vv_MODGEN_3_28\
	\PWM_FRONT_0:PWMUDB:add_vi_vv_MODGEN_3_27\
	\PWM_FRONT_0:PWMUDB:add_vi_vv_MODGEN_3_26\
	\PWM_FRONT_0:PWMUDB:add_vi_vv_MODGEN_3_25\
	\PWM_FRONT_0:PWMUDB:add_vi_vv_MODGEN_3_24\
	\PWM_FRONT_0:PWMUDB:add_vi_vv_MODGEN_3_23\
	\PWM_FRONT_0:PWMUDB:add_vi_vv_MODGEN_3_22\
	\PWM_FRONT_0:PWMUDB:add_vi_vv_MODGEN_3_21\
	\PWM_FRONT_0:PWMUDB:add_vi_vv_MODGEN_3_20\
	\PWM_FRONT_0:PWMUDB:add_vi_vv_MODGEN_3_19\
	\PWM_FRONT_0:PWMUDB:add_vi_vv_MODGEN_3_18\
	\PWM_FRONT_0:PWMUDB:add_vi_vv_MODGEN_3_17\
	\PWM_FRONT_0:PWMUDB:add_vi_vv_MODGEN_3_16\
	\PWM_FRONT_0:PWMUDB:add_vi_vv_MODGEN_3_15\
	\PWM_FRONT_0:PWMUDB:add_vi_vv_MODGEN_3_14\
	\PWM_FRONT_0:PWMUDB:add_vi_vv_MODGEN_3_13\
	\PWM_FRONT_0:PWMUDB:add_vi_vv_MODGEN_3_12\
	\PWM_FRONT_0:PWMUDB:add_vi_vv_MODGEN_3_11\
	\PWM_FRONT_0:PWMUDB:add_vi_vv_MODGEN_3_10\
	\PWM_FRONT_0:PWMUDB:add_vi_vv_MODGEN_3_9\
	\PWM_FRONT_0:PWMUDB:add_vi_vv_MODGEN_3_8\
	\PWM_FRONT_0:PWMUDB:add_vi_vv_MODGEN_3_7\
	\PWM_FRONT_0:PWMUDB:add_vi_vv_MODGEN_3_6\
	\PWM_FRONT_0:PWMUDB:add_vi_vv_MODGEN_3_5\
	\PWM_FRONT_0:PWMUDB:add_vi_vv_MODGEN_3_4\
	\PWM_FRONT_0:PWMUDB:add_vi_vv_MODGEN_3_3\
	\PWM_FRONT_0:PWMUDB:add_vi_vv_MODGEN_3_2\

Deleted 410 User equations/components.
Deleted 90 Synthesized equations/components.

------------------------------------------------------
Alias Detection
------------------------------------------------------
Aliasing one to tmpOE__PWM_REAR_net_0
Aliasing tmpOE__PWM_FRONT_net_0 to tmpOE__PWM_REAR_net_0
Aliasing \I2C_0:select_s_wire\ to zero
Aliasing \I2C_0:rx_wire\ to zero
Aliasing \I2C_0:sclk_s_wire\ to zero
Aliasing \I2C_0:mosi_s_wire\ to zero
Aliasing \I2C_0:miso_m_wire\ to zero
Aliasing \I2C_0:tmpOE__sda_net_0\ to tmpOE__PWM_REAR_net_0
Aliasing \I2C_0:tmpOE__scl_net_0\ to tmpOE__PWM_REAR_net_0
Aliasing \I2C_0:cts_wire\ to zero
Aliasing \PWM_REAR_0:Net_180\ to zero
Aliasing \PWM_REAR_0:PWMUDB:hwCapture\ to zero
Aliasing \PWM_REAR_0:Net_178\ to zero
Aliasing \PWM_REAR_0:PWMUDB:trig_out\ to tmpOE__PWM_REAR_net_0
Aliasing \PWM_REAR_0:Net_186\ to zero
Aliasing \PWM_REAR_0:PWMUDB:runmode_enable\\S\ to zero
Aliasing \PWM_REAR_0:Net_179\ to tmpOE__PWM_REAR_net_0
Aliasing \PWM_REAR_0:PWMUDB:ltch_kill_reg\\R\ to \PWM_REAR_0:PWMUDB:runmode_enable\\R\
Aliasing \PWM_REAR_0:PWMUDB:ltch_kill_reg\\S\ to zero
Aliasing \PWM_REAR_0:PWMUDB:km_tc\ to zero
Aliasing \PWM_REAR_0:PWMUDB:min_kill_reg\\R\ to \PWM_REAR_0:PWMUDB:runmode_enable\\R\
Aliasing \PWM_REAR_0:PWMUDB:min_kill_reg\\S\ to zero
Aliasing \PWM_REAR_0:PWMUDB:final_kill\ to tmpOE__PWM_REAR_net_0
Aliasing \PWM_REAR_0:PWMUDB:dith_count_1\\R\ to \PWM_REAR_0:PWMUDB:runmode_enable\\R\
Aliasing \PWM_REAR_0:PWMUDB:dith_count_1\\S\ to zero
Aliasing \PWM_REAR_0:PWMUDB:dith_count_0\\R\ to \PWM_REAR_0:PWMUDB:runmode_enable\\R\
Aliasing \PWM_REAR_0:PWMUDB:dith_count_0\\S\ to zero
Aliasing \PWM_REAR_0:PWMUDB:status_6\ to zero
Aliasing \PWM_REAR_0:PWMUDB:status_4\ to zero
Aliasing \PWM_REAR_0:PWMUDB:cmp2\ to zero
Aliasing \PWM_REAR_0:PWMUDB:cmp1_status_reg\\R\ to \PWM_REAR_0:PWMUDB:runmode_enable\\R\
Aliasing \PWM_REAR_0:PWMUDB:cmp1_status_reg\\S\ to zero
Aliasing \PWM_REAR_0:PWMUDB:cmp2_status_reg\\R\ to \PWM_REAR_0:PWMUDB:runmode_enable\\R\
Aliasing \PWM_REAR_0:PWMUDB:cmp2_status_reg\\S\ to zero
Aliasing \PWM_REAR_0:PWMUDB:final_kill_reg\\R\ to \PWM_REAR_0:PWMUDB:runmode_enable\\R\
Aliasing \PWM_REAR_0:PWMUDB:final_kill_reg\\S\ to zero
Aliasing \PWM_REAR_0:PWMUDB:cs_addr_0\ to \PWM_REAR_0:PWMUDB:runmode_enable\\R\
Aliasing \PWM_REAR_0:PWMUDB:pwm1_i\ to zero
Aliasing \PWM_REAR_0:PWMUDB:pwm2_i\ to zero
Aliasing \PWM_REAR_0:PWMUDB:MODULE_1:g2:a0:a_23\ to zero
Aliasing \PWM_REAR_0:PWMUDB:MODULE_1:g2:a0:a_22\ to zero
Aliasing \PWM_REAR_0:PWMUDB:MODULE_1:g2:a0:a_21\ to zero
Aliasing \PWM_REAR_0:PWMUDB:MODULE_1:g2:a0:a_20\ to zero
Aliasing \PWM_REAR_0:PWMUDB:MODULE_1:g2:a0:a_19\ to zero
Aliasing \PWM_REAR_0:PWMUDB:MODULE_1:g2:a0:a_18\ to zero
Aliasing \PWM_REAR_0:PWMUDB:MODULE_1:g2:a0:a_17\ to zero
Aliasing \PWM_REAR_0:PWMUDB:MODULE_1:g2:a0:a_16\ to zero
Aliasing \PWM_REAR_0:PWMUDB:MODULE_1:g2:a0:a_15\ to zero
Aliasing \PWM_REAR_0:PWMUDB:MODULE_1:g2:a0:a_14\ to zero
Aliasing \PWM_REAR_0:PWMUDB:MODULE_1:g2:a0:a_13\ to zero
Aliasing \PWM_REAR_0:PWMUDB:MODULE_1:g2:a0:a_12\ to zero
Aliasing \PWM_REAR_0:PWMUDB:MODULE_1:g2:a0:a_11\ to zero
Aliasing \PWM_REAR_0:PWMUDB:MODULE_1:g2:a0:a_10\ to zero
Aliasing \PWM_REAR_0:PWMUDB:MODULE_1:g2:a0:a_9\ to zero
Aliasing \PWM_REAR_0:PWMUDB:MODULE_1:g2:a0:a_8\ to zero
Aliasing \PWM_REAR_0:PWMUDB:MODULE_1:g2:a0:a_7\ to zero
Aliasing \PWM_REAR_0:PWMUDB:MODULE_1:g2:a0:a_6\ to zero
Aliasing \PWM_REAR_0:PWMUDB:MODULE_1:g2:a0:a_5\ to zero
Aliasing \PWM_REAR_0:PWMUDB:MODULE_1:g2:a0:a_4\ to zero
Aliasing \PWM_REAR_0:PWMUDB:MODULE_1:g2:a0:a_3\ to zero
Aliasing \PWM_REAR_0:PWMUDB:MODULE_1:g2:a0:a_2\ to zero
Aliasing \PWM_REAR_0:PWMUDB:MODULE_1:g2:a0:g1:z1:s0:g1:u0:b_0\ to tmpOE__PWM_REAR_net_0
Aliasing tmpOE__DIR_FRONT_net_0 to tmpOE__PWM_REAR_net_0
Aliasing tmpOE__DIR_FRONT_RIGHT_net_0 to tmpOE__PWM_REAR_net_0
Aliasing tmpOE__DIR_REAR_net_0 to tmpOE__PWM_REAR_net_0
Aliasing tmpOE__DIR_REAR_RIGHT_net_0 to tmpOE__PWM_REAR_net_0
Aliasing tmpOE__ENABLE_FRONT_MOTORS_net_0 to tmpOE__PWM_REAR_net_0
Aliasing tmpOE__CURRENT_SENSE_EN_net_0 to tmpOE__PWM_REAR_net_0
Aliasing tmpOE__LED_4_net_0 to tmpOE__PWM_REAR_net_0
Aliasing tmpOE__LED_1_net_0 to tmpOE__PWM_REAR_net_0
Aliasing tmpOE__LED_2_net_0 to tmpOE__PWM_REAR_net_0
Aliasing tmpOE__LED_3_net_0 to tmpOE__PWM_REAR_net_0
Aliasing tmpOE__BUTTON_TILT_EN_net_0 to tmpOE__PWM_REAR_net_0
Aliasing tmpOE__BUTTON_MOTOR_EN_net_0 to tmpOE__PWM_REAR_net_0
Aliasing tmpOE__BUTTON_DIR_UP_net_0 to tmpOE__PWM_REAR_net_0
Aliasing tmpOE__BUTTON_DIR_DOWN_net_0 to tmpOE__PWM_REAR_net_0
Aliasing \BUZZER_PWM_0:Net_68\ to \PWM_REAR_0:Net_68\
Aliasing \BUZZER_PWM_0:Net_180\ to zero
Aliasing \BUZZER_PWM_0:PWMUDB:hwCapture\ to zero
Aliasing \BUZZER_PWM_0:Net_178\ to zero
Aliasing \BUZZER_PWM_0:PWMUDB:trig_out\ to tmpOE__PWM_REAR_net_0
Aliasing \BUZZER_PWM_0:Net_186\ to zero
Aliasing \BUZZER_PWM_0:PWMUDB:runmode_enable\\S\ to zero
Aliasing \BUZZER_PWM_0:Net_179\ to tmpOE__PWM_REAR_net_0
Aliasing \BUZZER_PWM_0:PWMUDB:ltch_kill_reg\\R\ to \BUZZER_PWM_0:PWMUDB:runmode_enable\\R\
Aliasing \BUZZER_PWM_0:PWMUDB:ltch_kill_reg\\S\ to zero
Aliasing \BUZZER_PWM_0:PWMUDB:km_tc\ to zero
Aliasing \BUZZER_PWM_0:PWMUDB:min_kill_reg\\R\ to \BUZZER_PWM_0:PWMUDB:runmode_enable\\R\
Aliasing \BUZZER_PWM_0:PWMUDB:min_kill_reg\\S\ to zero
Aliasing \BUZZER_PWM_0:PWMUDB:final_kill\ to tmpOE__PWM_REAR_net_0
Aliasing \BUZZER_PWM_0:PWMUDB:dith_count_1\\R\ to \BUZZER_PWM_0:PWMUDB:runmode_enable\\R\
Aliasing \BUZZER_PWM_0:PWMUDB:dith_count_1\\S\ to zero
Aliasing \BUZZER_PWM_0:PWMUDB:dith_count_0\\R\ to \BUZZER_PWM_0:PWMUDB:runmode_enable\\R\
Aliasing \BUZZER_PWM_0:PWMUDB:dith_count_0\\S\ to zero
Aliasing \BUZZER_PWM_0:PWMUDB:status_6\ to zero
Aliasing \BUZZER_PWM_0:PWMUDB:status_4\ to zero
Aliasing \BUZZER_PWM_0:PWMUDB:cmp2\ to zero
Aliasing \BUZZER_PWM_0:PWMUDB:cmp1_status_reg\\R\ to \BUZZER_PWM_0:PWMUDB:runmode_enable\\R\
Aliasing \BUZZER_PWM_0:PWMUDB:cmp1_status_reg\\S\ to zero
Aliasing \BUZZER_PWM_0:PWMUDB:cmp2_status_reg\\R\ to \BUZZER_PWM_0:PWMUDB:runmode_enable\\R\
Aliasing \BUZZER_PWM_0:PWMUDB:cmp2_status_reg\\S\ to zero
Aliasing \BUZZER_PWM_0:PWMUDB:final_kill_reg\\R\ to \BUZZER_PWM_0:PWMUDB:runmode_enable\\R\
Aliasing \BUZZER_PWM_0:PWMUDB:final_kill_reg\\S\ to zero
Aliasing \BUZZER_PWM_0:PWMUDB:cs_addr_0\ to \BUZZER_PWM_0:PWMUDB:runmode_enable\\R\
Aliasing \BUZZER_PWM_0:PWMUDB:pwm1_i\ to zero
Aliasing \BUZZER_PWM_0:PWMUDB:pwm2_i\ to zero
Aliasing \BUZZER_PWM_0:PWMUDB:MODULE_2:g2:a0:a_23\ to zero
Aliasing \BUZZER_PWM_0:PWMUDB:MODULE_2:g2:a0:a_22\ to zero
Aliasing \BUZZER_PWM_0:PWMUDB:MODULE_2:g2:a0:a_21\ to zero
Aliasing \BUZZER_PWM_0:PWMUDB:MODULE_2:g2:a0:a_20\ to zero
Aliasing \BUZZER_PWM_0:PWMUDB:MODULE_2:g2:a0:a_19\ to zero
Aliasing \BUZZER_PWM_0:PWMUDB:MODULE_2:g2:a0:a_18\ to zero
Aliasing \BUZZER_PWM_0:PWMUDB:MODULE_2:g2:a0:a_17\ to zero
Aliasing \BUZZER_PWM_0:PWMUDB:MODULE_2:g2:a0:a_16\ to zero
Aliasing \BUZZER_PWM_0:PWMUDB:MODULE_2:g2:a0:a_15\ to zero
Aliasing \BUZZER_PWM_0:PWMUDB:MODULE_2:g2:a0:a_14\ to zero
Aliasing \BUZZER_PWM_0:PWMUDB:MODULE_2:g2:a0:a_13\ to zero
Aliasing \BUZZER_PWM_0:PWMUDB:MODULE_2:g2:a0:a_12\ to zero
Aliasing \BUZZER_PWM_0:PWMUDB:MODULE_2:g2:a0:a_11\ to zero
Aliasing \BUZZER_PWM_0:PWMUDB:MODULE_2:g2:a0:a_10\ to zero
Aliasing \BUZZER_PWM_0:PWMUDB:MODULE_2:g2:a0:a_9\ to zero
Aliasing \BUZZER_PWM_0:PWMUDB:MODULE_2:g2:a0:a_8\ to zero
Aliasing \BUZZER_PWM_0:PWMUDB:MODULE_2:g2:a0:a_7\ to zero
Aliasing \BUZZER_PWM_0:PWMUDB:MODULE_2:g2:a0:a_6\ to zero
Aliasing \BUZZER_PWM_0:PWMUDB:MODULE_2:g2:a0:a_5\ to zero
Aliasing \BUZZER_PWM_0:PWMUDB:MODULE_2:g2:a0:a_4\ to zero
Aliasing \BUZZER_PWM_0:PWMUDB:MODULE_2:g2:a0:a_3\ to zero
Aliasing \BUZZER_PWM_0:PWMUDB:MODULE_2:g2:a0:a_2\ to zero
Aliasing \BUZZER_PWM_0:PWMUDB:MODULE_2:g2:a0:g1:z1:s0:g1:u0:b_0\ to tmpOE__PWM_REAR_net_0
Aliasing tmpOE__ENABLE_REAR_MOTORS_net_0 to tmpOE__PWM_REAR_net_0
Aliasing \PWM_FRONT_0:Net_68\ to \PWM_REAR_0:Net_68\
Aliasing \PWM_FRONT_0:Net_180\ to zero
Aliasing \PWM_FRONT_0:PWMUDB:hwCapture\ to zero
Aliasing \PWM_FRONT_0:Net_178\ to zero
Aliasing \PWM_FRONT_0:PWMUDB:trig_out\ to tmpOE__PWM_REAR_net_0
Aliasing \PWM_FRONT_0:Net_186\ to zero
Aliasing \PWM_FRONT_0:PWMUDB:runmode_enable\\S\ to zero
Aliasing \PWM_FRONT_0:Net_179\ to tmpOE__PWM_REAR_net_0
Aliasing \PWM_FRONT_0:PWMUDB:ltch_kill_reg\\R\ to \PWM_FRONT_0:PWMUDB:runmode_enable\\R\
Aliasing \PWM_FRONT_0:PWMUDB:ltch_kill_reg\\S\ to zero
Aliasing \PWM_FRONT_0:PWMUDB:km_tc\ to zero
Aliasing \PWM_FRONT_0:PWMUDB:min_kill_reg\\R\ to \PWM_FRONT_0:PWMUDB:runmode_enable\\R\
Aliasing \PWM_FRONT_0:PWMUDB:min_kill_reg\\S\ to zero
Aliasing \PWM_FRONT_0:PWMUDB:final_kill\ to tmpOE__PWM_REAR_net_0
Aliasing \PWM_FRONT_0:PWMUDB:dith_count_1\\R\ to \PWM_FRONT_0:PWMUDB:runmode_enable\\R\
Aliasing \PWM_FRONT_0:PWMUDB:dith_count_1\\S\ to zero
Aliasing \PWM_FRONT_0:PWMUDB:dith_count_0\\R\ to \PWM_FRONT_0:PWMUDB:runmode_enable\\R\
Aliasing \PWM_FRONT_0:PWMUDB:dith_count_0\\S\ to zero
Aliasing \PWM_FRONT_0:PWMUDB:status_6\ to zero
Aliasing \PWM_FRONT_0:PWMUDB:status_4\ to zero
Aliasing \PWM_FRONT_0:PWMUDB:cmp2\ to zero
Aliasing \PWM_FRONT_0:PWMUDB:cmp1_status_reg\\R\ to \PWM_FRONT_0:PWMUDB:runmode_enable\\R\
Aliasing \PWM_FRONT_0:PWMUDB:cmp1_status_reg\\S\ to zero
Aliasing \PWM_FRONT_0:PWMUDB:cmp2_status_reg\\R\ to \PWM_FRONT_0:PWMUDB:runmode_enable\\R\
Aliasing \PWM_FRONT_0:PWMUDB:cmp2_status_reg\\S\ to zero
Aliasing \PWM_FRONT_0:PWMUDB:final_kill_reg\\R\ to \PWM_FRONT_0:PWMUDB:runmode_enable\\R\
Aliasing \PWM_FRONT_0:PWMUDB:final_kill_reg\\S\ to zero
Aliasing \PWM_FRONT_0:PWMUDB:cs_addr_0\ to \PWM_FRONT_0:PWMUDB:runmode_enable\\R\
Aliasing \PWM_FRONT_0:PWMUDB:pwm1_i\ to zero
Aliasing \PWM_FRONT_0:PWMUDB:pwm2_i\ to zero
Aliasing \PWM_FRONT_0:PWMUDB:MODULE_3:g2:a0:a_23\ to zero
Aliasing \PWM_FRONT_0:PWMUDB:MODULE_3:g2:a0:a_22\ to zero
Aliasing \PWM_FRONT_0:PWMUDB:MODULE_3:g2:a0:a_21\ to zero
Aliasing \PWM_FRONT_0:PWMUDB:MODULE_3:g2:a0:a_20\ to zero
Aliasing \PWM_FRONT_0:PWMUDB:MODULE_3:g2:a0:a_19\ to zero
Aliasing \PWM_FRONT_0:PWMUDB:MODULE_3:g2:a0:a_18\ to zero
Aliasing \PWM_FRONT_0:PWMUDB:MODULE_3:g2:a0:a_17\ to zero
Aliasing \PWM_FRONT_0:PWMUDB:MODULE_3:g2:a0:a_16\ to zero
Aliasing \PWM_FRONT_0:PWMUDB:MODULE_3:g2:a0:a_15\ to zero
Aliasing \PWM_FRONT_0:PWMUDB:MODULE_3:g2:a0:a_14\ to zero
Aliasing \PWM_FRONT_0:PWMUDB:MODULE_3:g2:a0:a_13\ to zero
Aliasing \PWM_FRONT_0:PWMUDB:MODULE_3:g2:a0:a_12\ to zero
Aliasing \PWM_FRONT_0:PWMUDB:MODULE_3:g2:a0:a_11\ to zero
Aliasing \PWM_FRONT_0:PWMUDB:MODULE_3:g2:a0:a_10\ to zero
Aliasing \PWM_FRONT_0:PWMUDB:MODULE_3:g2:a0:a_9\ to zero
Aliasing \PWM_FRONT_0:PWMUDB:MODULE_3:g2:a0:a_8\ to zero
Aliasing \PWM_FRONT_0:PWMUDB:MODULE_3:g2:a0:a_7\ to zero
Aliasing \PWM_FRONT_0:PWMUDB:MODULE_3:g2:a0:a_6\ to zero
Aliasing \PWM_FRONT_0:PWMUDB:MODULE_3:g2:a0:a_5\ to zero
Aliasing \PWM_FRONT_0:PWMUDB:MODULE_3:g2:a0:a_4\ to zero
Aliasing \PWM_FRONT_0:PWMUDB:MODULE_3:g2:a0:a_3\ to zero
Aliasing \PWM_FRONT_0:PWMUDB:MODULE_3:g2:a0:a_2\ to zero
Aliasing \PWM_FRONT_0:PWMUDB:MODULE_3:g2:a0:g1:z1:s0:g1:u0:b_0\ to tmpOE__PWM_REAR_net_0
Aliasing tmpOE__IMU_RST_net_0 to tmpOE__PWM_REAR_net_0
Aliasing tmpOE__LIMIT_SWITCH_1_net_0 to tmpOE__PWM_REAR_net_0
Aliasing tmpOE__BUZZER_EN_net_0 to tmpOE__PWM_REAR_net_0
Aliasing tmpOE__LIMIT_SWITCH_4_net_0 to tmpOE__PWM_REAR_net_0
Aliasing tmpOE__LIMIT_SWITCH_3_net_0 to tmpOE__PWM_REAR_net_0
Aliasing tmpOE__LIMIT_SWITCH_2_net_0 to tmpOE__PWM_REAR_net_0
Aliasing tmpOE__BUZZER_PWM_net_0 to tmpOE__PWM_REAR_net_0
Aliasing tmpOE__GPIO_13_net_0 to tmpOE__PWM_REAR_net_0
Aliasing tmpOE__PSOC_ALERT_net_0 to tmpOE__PWM_REAR_net_0
Aliasing tmpOE__GPIO_36_net_0 to tmpOE__PWM_REAR_net_0
Aliasing tmpOE__GPIO_30_net_0 to tmpOE__PWM_REAR_net_0
Aliasing tmpOE__CURRENT_SENSE_1_net_0 to tmpOE__PWM_REAR_net_0
Aliasing tmpOE__CURRENT_SENSE_2_net_0 to tmpOE__PWM_REAR_net_0
Aliasing tmpOE__CURRENT_SENSE_3_net_0 to tmpOE__PWM_REAR_net_0
Aliasing tmpOE__CURRENT_SENSE_4_net_0 to tmpOE__PWM_REAR_net_0
Aliasing \PWM_REAR_0:PWMUDB:prevCompare1\\D\ to \PWM_REAR_0:PWMUDB:pwm_temp\
Aliasing \PWM_REAR_0:PWMUDB:tc_i_reg\\D\ to \PWM_REAR_0:PWMUDB:status_2\
Aliasing \BUZZER_PWM_0:PWMUDB:prevCompare1\\D\ to \BUZZER_PWM_0:PWMUDB:pwm_temp\
Aliasing \BUZZER_PWM_0:PWMUDB:tc_i_reg\\D\ to \BUZZER_PWM_0:PWMUDB:status_2\
Aliasing \PWM_FRONT_0:PWMUDB:prevCompare1\\D\ to \PWM_FRONT_0:PWMUDB:pwm_temp\
Aliasing \PWM_FRONT_0:PWMUDB:tc_i_reg\\D\ to \PWM_FRONT_0:PWMUDB:status_2\
Removing Rhs of wire Net_231[2] = \PWM_REAR_0:PWMUDB:pwm_i_reg\[186]
Removing Lhs of wire one[7] = tmpOE__PWM_REAR_net_0[1]
Removing Lhs of wire tmpOE__PWM_FRONT_net_0[10] = tmpOE__PWM_REAR_net_0[1]
Removing Rhs of wire Net_34[11] = \PWM_FRONT_0:PWMUDB:pwm_i_reg\[955]
Removing Lhs of wire \I2C_0:select_s_wire\[18] = zero[6]
Removing Lhs of wire \I2C_0:rx_wire\[19] = zero[6]
Removing Lhs of wire \I2C_0:Net_1170\[22] = \I2C_0:Net_847\[17]
Removing Lhs of wire \I2C_0:sclk_s_wire\[23] = zero[6]
Removing Lhs of wire \I2C_0:mosi_s_wire\[24] = zero[6]
Removing Lhs of wire \I2C_0:miso_m_wire\[25] = zero[6]
Removing Lhs of wire \I2C_0:tmpOE__sda_net_0\[27] = tmpOE__PWM_REAR_net_0[1]
Removing Lhs of wire \I2C_0:tmpOE__scl_net_0\[33] = tmpOE__PWM_REAR_net_0[1]
Removing Lhs of wire \I2C_0:cts_wire\[42] = zero[6]
Removing Lhs of wire \PWM_REAR_0:Net_68\[69] = Net_45[396]
Removing Lhs of wire \PWM_REAR_0:PWMUDB:ctrl_enable\[80] = \PWM_REAR_0:PWMUDB:control_7\[72]
Removing Lhs of wire \PWM_REAR_0:Net_180\[88] = zero[6]
Removing Lhs of wire \PWM_REAR_0:PWMUDB:hwCapture\[91] = zero[6]
Removing Lhs of wire \PWM_REAR_0:PWMUDB:hwEnable\[92] = \PWM_REAR_0:PWMUDB:control_7\[72]
Removing Lhs of wire \PWM_REAR_0:Net_178\[94] = zero[6]
Removing Lhs of wire \PWM_REAR_0:PWMUDB:trig_out\[97] = tmpOE__PWM_REAR_net_0[1]
Removing Lhs of wire \PWM_REAR_0:PWMUDB:runmode_enable\\R\[99] = zero[6]
Removing Lhs of wire \PWM_REAR_0:Net_186\[100] = zero[6]
Removing Lhs of wire \PWM_REAR_0:PWMUDB:runmode_enable\\S\[101] = zero[6]
Removing Lhs of wire \PWM_REAR_0:PWMUDB:final_enable\[102] = \PWM_REAR_0:PWMUDB:runmode_enable\[98]
Removing Lhs of wire \PWM_REAR_0:Net_179\[105] = tmpOE__PWM_REAR_net_0[1]
Removing Lhs of wire \PWM_REAR_0:PWMUDB:ltch_kill_reg\\R\[107] = zero[6]
Removing Lhs of wire \PWM_REAR_0:PWMUDB:ltch_kill_reg\\S\[108] = zero[6]
Removing Lhs of wire \PWM_REAR_0:PWMUDB:km_tc\[109] = zero[6]
Removing Lhs of wire \PWM_REAR_0:PWMUDB:min_kill_reg\\R\[110] = zero[6]
Removing Lhs of wire \PWM_REAR_0:PWMUDB:min_kill_reg\\S\[111] = zero[6]
Removing Lhs of wire \PWM_REAR_0:PWMUDB:final_kill\[114] = tmpOE__PWM_REAR_net_0[1]
Removing Lhs of wire \PWM_REAR_0:PWMUDB:add_vi_vv_MODGEN_1_1\[117] = \PWM_REAR_0:PWMUDB:MODULE_1:g2:a0:s_1\[355]
Removing Lhs of wire \PWM_REAR_0:PWMUDB:add_vi_vv_MODGEN_1_0\[119] = \PWM_REAR_0:PWMUDB:MODULE_1:g2:a0:s_0\[356]
Removing Lhs of wire \PWM_REAR_0:PWMUDB:dith_count_1\\R\[120] = zero[6]
Removing Lhs of wire \PWM_REAR_0:PWMUDB:dith_count_1\\S\[121] = zero[6]
Removing Lhs of wire \PWM_REAR_0:PWMUDB:dith_count_0\\R\[122] = zero[6]
Removing Lhs of wire \PWM_REAR_0:PWMUDB:dith_count_0\\S\[123] = zero[6]
Removing Lhs of wire \PWM_REAR_0:PWMUDB:status_6\[126] = zero[6]
Removing Rhs of wire \PWM_REAR_0:PWMUDB:status_5\[127] = \PWM_REAR_0:PWMUDB:final_kill_reg\[141]
Removing Lhs of wire \PWM_REAR_0:PWMUDB:status_4\[128] = zero[6]
Removing Rhs of wire \PWM_REAR_0:PWMUDB:status_3\[129] = \PWM_REAR_0:PWMUDB:fifo_full\[148]
Removing Rhs of wire \PWM_REAR_0:PWMUDB:status_1\[131] = \PWM_REAR_0:PWMUDB:cmp2_status_reg\[140]
Removing Rhs of wire \PWM_REAR_0:PWMUDB:status_0\[132] = \PWM_REAR_0:PWMUDB:cmp1_status_reg\[139]
Removing Lhs of wire \PWM_REAR_0:PWMUDB:cmp2_status\[137] = zero[6]
Removing Lhs of wire \PWM_REAR_0:PWMUDB:cmp2\[138] = zero[6]
Removing Lhs of wire \PWM_REAR_0:PWMUDB:cmp1_status_reg\\R\[142] = zero[6]
Removing Lhs of wire \PWM_REAR_0:PWMUDB:cmp1_status_reg\\S\[143] = zero[6]
Removing Lhs of wire \PWM_REAR_0:PWMUDB:cmp2_status_reg\\R\[144] = zero[6]
Removing Lhs of wire \PWM_REAR_0:PWMUDB:cmp2_status_reg\\S\[145] = zero[6]
Removing Lhs of wire \PWM_REAR_0:PWMUDB:final_kill_reg\\R\[146] = zero[6]
Removing Lhs of wire \PWM_REAR_0:PWMUDB:final_kill_reg\\S\[147] = zero[6]
Removing Lhs of wire \PWM_REAR_0:PWMUDB:cs_addr_2\[149] = \PWM_REAR_0:PWMUDB:tc_i\[104]
Removing Lhs of wire \PWM_REAR_0:PWMUDB:cs_addr_1\[150] = \PWM_REAR_0:PWMUDB:runmode_enable\[98]
Removing Lhs of wire \PWM_REAR_0:PWMUDB:cs_addr_0\[151] = zero[6]
Removing Lhs of wire \PWM_REAR_0:PWMUDB:compare1\[184] = \PWM_REAR_0:PWMUDB:cmp1_less\[155]
Removing Lhs of wire \PWM_REAR_0:PWMUDB:pwm1_i\[189] = zero[6]
Removing Lhs of wire \PWM_REAR_0:PWMUDB:pwm2_i\[191] = zero[6]
Removing Lhs of wire \PWM_REAR_0:PWMUDB:pwm_temp\[196] = \PWM_REAR_0:PWMUDB:cmp1\[135]
Removing Lhs of wire \PWM_REAR_0:PWMUDB:MODULE_1:g2:a0:a_23\[237] = zero[6]
Removing Lhs of wire \PWM_REAR_0:PWMUDB:MODULE_1:g2:a0:a_22\[238] = zero[6]
Removing Lhs of wire \PWM_REAR_0:PWMUDB:MODULE_1:g2:a0:a_21\[239] = zero[6]
Removing Lhs of wire \PWM_REAR_0:PWMUDB:MODULE_1:g2:a0:a_20\[240] = zero[6]
Removing Lhs of wire \PWM_REAR_0:PWMUDB:MODULE_1:g2:a0:a_19\[241] = zero[6]
Removing Lhs of wire \PWM_REAR_0:PWMUDB:MODULE_1:g2:a0:a_18\[242] = zero[6]
Removing Lhs of wire \PWM_REAR_0:PWMUDB:MODULE_1:g2:a0:a_17\[243] = zero[6]
Removing Lhs of wire \PWM_REAR_0:PWMUDB:MODULE_1:g2:a0:a_16\[244] = zero[6]
Removing Lhs of wire \PWM_REAR_0:PWMUDB:MODULE_1:g2:a0:a_15\[245] = zero[6]
Removing Lhs of wire \PWM_REAR_0:PWMUDB:MODULE_1:g2:a0:a_14\[246] = zero[6]
Removing Lhs of wire \PWM_REAR_0:PWMUDB:MODULE_1:g2:a0:a_13\[247] = zero[6]
Removing Lhs of wire \PWM_REAR_0:PWMUDB:MODULE_1:g2:a0:a_12\[248] = zero[6]
Removing Lhs of wire \PWM_REAR_0:PWMUDB:MODULE_1:g2:a0:a_11\[249] = zero[6]
Removing Lhs of wire \PWM_REAR_0:PWMUDB:MODULE_1:g2:a0:a_10\[250] = zero[6]
Removing Lhs of wire \PWM_REAR_0:PWMUDB:MODULE_1:g2:a0:a_9\[251] = zero[6]
Removing Lhs of wire \PWM_REAR_0:PWMUDB:MODULE_1:g2:a0:a_8\[252] = zero[6]
Removing Lhs of wire \PWM_REAR_0:PWMUDB:MODULE_1:g2:a0:a_7\[253] = zero[6]
Removing Lhs of wire \PWM_REAR_0:PWMUDB:MODULE_1:g2:a0:a_6\[254] = zero[6]
Removing Lhs of wire \PWM_REAR_0:PWMUDB:MODULE_1:g2:a0:a_5\[255] = zero[6]
Removing Lhs of wire \PWM_REAR_0:PWMUDB:MODULE_1:g2:a0:a_4\[256] = zero[6]
Removing Lhs of wire \PWM_REAR_0:PWMUDB:MODULE_1:g2:a0:a_3\[257] = zero[6]
Removing Lhs of wire \PWM_REAR_0:PWMUDB:MODULE_1:g2:a0:a_2\[258] = zero[6]
Removing Lhs of wire \PWM_REAR_0:PWMUDB:MODULE_1:g2:a0:a_1\[259] = \PWM_REAR_0:PWMUDB:MODIN1_1\[260]
Removing Lhs of wire \PWM_REAR_0:PWMUDB:MODIN1_1\[260] = \PWM_REAR_0:PWMUDB:dith_count_1\[116]
Removing Lhs of wire \PWM_REAR_0:PWMUDB:MODULE_1:g2:a0:a_0\[261] = \PWM_REAR_0:PWMUDB:MODIN1_0\[262]
Removing Lhs of wire \PWM_REAR_0:PWMUDB:MODIN1_0\[262] = \PWM_REAR_0:PWMUDB:dith_count_0\[118]
Removing Lhs of wire \PWM_REAR_0:PWMUDB:MODULE_1:g2:a0:g1:z1:s0:g1:u0:c_0\[394] = tmpOE__PWM_REAR_net_0[1]
Removing Lhs of wire \PWM_REAR_0:PWMUDB:MODULE_1:g2:a0:g1:z1:s0:g1:u0:b_0\[395] = tmpOE__PWM_REAR_net_0[1]
Removing Lhs of wire tmpOE__DIR_FRONT_net_0[404] = tmpOE__PWM_REAR_net_0[1]
Removing Lhs of wire tmpOE__DIR_FRONT_RIGHT_net_0[410] = tmpOE__PWM_REAR_net_0[1]
Removing Lhs of wire tmpOE__DIR_REAR_net_0[416] = tmpOE__PWM_REAR_net_0[1]
Removing Lhs of wire tmpOE__DIR_REAR_RIGHT_net_0[422] = tmpOE__PWM_REAR_net_0[1]
Removing Lhs of wire tmpOE__ENABLE_FRONT_MOTORS_net_0[428] = tmpOE__PWM_REAR_net_0[1]
Removing Lhs of wire tmpOE__CURRENT_SENSE_EN_net_0[434] = tmpOE__PWM_REAR_net_0[1]
Removing Lhs of wire tmpOE__LED_4_net_0[440] = tmpOE__PWM_REAR_net_0[1]
Removing Lhs of wire tmpOE__LED_1_net_0[446] = tmpOE__PWM_REAR_net_0[1]
Removing Lhs of wire tmpOE__LED_2_net_0[452] = tmpOE__PWM_REAR_net_0[1]
Removing Lhs of wire tmpOE__LED_3_net_0[458] = tmpOE__PWM_REAR_net_0[1]
Removing Lhs of wire tmpOE__BUTTON_TILT_EN_net_0[464] = tmpOE__PWM_REAR_net_0[1]
Removing Lhs of wire tmpOE__BUTTON_MOTOR_EN_net_0[470] = tmpOE__PWM_REAR_net_0[1]
Removing Lhs of wire tmpOE__BUTTON_DIR_UP_net_0[476] = tmpOE__PWM_REAR_net_0[1]
Removing Lhs of wire tmpOE__BUTTON_DIR_DOWN_net_0[482] = tmpOE__PWM_REAR_net_0[1]
Removing Lhs of wire \BUZZER_PWM_0:Net_68\[490] = Net_45[396]
Removing Lhs of wire \BUZZER_PWM_0:PWMUDB:ctrl_enable\[501] = \BUZZER_PWM_0:PWMUDB:control_7\[493]
Removing Lhs of wire \BUZZER_PWM_0:Net_180\[509] = zero[6]
Removing Lhs of wire \BUZZER_PWM_0:PWMUDB:hwCapture\[512] = zero[6]
Removing Lhs of wire \BUZZER_PWM_0:PWMUDB:hwEnable\[513] = \BUZZER_PWM_0:PWMUDB:control_7\[493]
Removing Lhs of wire \BUZZER_PWM_0:Net_178\[515] = zero[6]
Removing Lhs of wire \BUZZER_PWM_0:PWMUDB:trig_out\[518] = tmpOE__PWM_REAR_net_0[1]
Removing Lhs of wire \BUZZER_PWM_0:PWMUDB:runmode_enable\\R\[520] = zero[6]
Removing Lhs of wire \BUZZER_PWM_0:Net_186\[521] = zero[6]
Removing Lhs of wire \BUZZER_PWM_0:PWMUDB:runmode_enable\\S\[522] = zero[6]
Removing Lhs of wire \BUZZER_PWM_0:PWMUDB:final_enable\[523] = \BUZZER_PWM_0:PWMUDB:runmode_enable\[519]
Removing Lhs of wire \BUZZER_PWM_0:Net_179\[526] = tmpOE__PWM_REAR_net_0[1]
Removing Lhs of wire \BUZZER_PWM_0:PWMUDB:ltch_kill_reg\\R\[528] = zero[6]
Removing Lhs of wire \BUZZER_PWM_0:PWMUDB:ltch_kill_reg\\S\[529] = zero[6]
Removing Lhs of wire \BUZZER_PWM_0:PWMUDB:km_tc\[530] = zero[6]
Removing Lhs of wire \BUZZER_PWM_0:PWMUDB:min_kill_reg\\R\[531] = zero[6]
Removing Lhs of wire \BUZZER_PWM_0:PWMUDB:min_kill_reg\\S\[532] = zero[6]
Removing Lhs of wire \BUZZER_PWM_0:PWMUDB:final_kill\[535] = tmpOE__PWM_REAR_net_0[1]
Removing Lhs of wire \BUZZER_PWM_0:PWMUDB:add_vi_vv_MODGEN_2_1\[538] = \BUZZER_PWM_0:PWMUDB:MODULE_2:g2:a0:s_1\[777]
Removing Lhs of wire \BUZZER_PWM_0:PWMUDB:add_vi_vv_MODGEN_2_0\[540] = \BUZZER_PWM_0:PWMUDB:MODULE_2:g2:a0:s_0\[778]
Removing Lhs of wire \BUZZER_PWM_0:PWMUDB:dith_count_1\\R\[541] = zero[6]
Removing Lhs of wire \BUZZER_PWM_0:PWMUDB:dith_count_1\\S\[542] = zero[6]
Removing Lhs of wire \BUZZER_PWM_0:PWMUDB:dith_count_0\\R\[543] = zero[6]
Removing Lhs of wire \BUZZER_PWM_0:PWMUDB:dith_count_0\\S\[544] = zero[6]
Removing Lhs of wire \BUZZER_PWM_0:PWMUDB:status_6\[547] = zero[6]
Removing Rhs of wire \BUZZER_PWM_0:PWMUDB:status_5\[548] = \BUZZER_PWM_0:PWMUDB:final_kill_reg\[562]
Removing Lhs of wire \BUZZER_PWM_0:PWMUDB:status_4\[549] = zero[6]
Removing Rhs of wire \BUZZER_PWM_0:PWMUDB:status_3\[550] = \BUZZER_PWM_0:PWMUDB:fifo_full\[569]
Removing Rhs of wire \BUZZER_PWM_0:PWMUDB:status_1\[552] = \BUZZER_PWM_0:PWMUDB:cmp2_status_reg\[561]
Removing Rhs of wire \BUZZER_PWM_0:PWMUDB:status_0\[553] = \BUZZER_PWM_0:PWMUDB:cmp1_status_reg\[560]
Removing Lhs of wire \BUZZER_PWM_0:PWMUDB:cmp2_status\[558] = zero[6]
Removing Lhs of wire \BUZZER_PWM_0:PWMUDB:cmp2\[559] = zero[6]
Removing Lhs of wire \BUZZER_PWM_0:PWMUDB:cmp1_status_reg\\R\[563] = zero[6]
Removing Lhs of wire \BUZZER_PWM_0:PWMUDB:cmp1_status_reg\\S\[564] = zero[6]
Removing Lhs of wire \BUZZER_PWM_0:PWMUDB:cmp2_status_reg\\R\[565] = zero[6]
Removing Lhs of wire \BUZZER_PWM_0:PWMUDB:cmp2_status_reg\\S\[566] = zero[6]
Removing Lhs of wire \BUZZER_PWM_0:PWMUDB:final_kill_reg\\R\[567] = zero[6]
Removing Lhs of wire \BUZZER_PWM_0:PWMUDB:final_kill_reg\\S\[568] = zero[6]
Removing Lhs of wire \BUZZER_PWM_0:PWMUDB:cs_addr_2\[570] = \BUZZER_PWM_0:PWMUDB:tc_i\[525]
Removing Lhs of wire \BUZZER_PWM_0:PWMUDB:cs_addr_1\[571] = \BUZZER_PWM_0:PWMUDB:runmode_enable\[519]
Removing Lhs of wire \BUZZER_PWM_0:PWMUDB:cs_addr_0\[572] = zero[6]
Removing Lhs of wire \BUZZER_PWM_0:PWMUDB:compare1\[605] = \BUZZER_PWM_0:PWMUDB:cmp1_less\[576]
Removing Lhs of wire \BUZZER_PWM_0:PWMUDB:pwm1_i\[610] = zero[6]
Removing Lhs of wire \BUZZER_PWM_0:PWMUDB:pwm2_i\[612] = zero[6]
Removing Rhs of wire Net_1020[615] = \BUZZER_PWM_0:PWMUDB:pwm_i_reg\[607]
Removing Lhs of wire \BUZZER_PWM_0:PWMUDB:pwm_temp\[618] = \BUZZER_PWM_0:PWMUDB:cmp1\[556]
Removing Lhs of wire \BUZZER_PWM_0:PWMUDB:MODULE_2:g2:a0:a_23\[659] = zero[6]
Removing Lhs of wire \BUZZER_PWM_0:PWMUDB:MODULE_2:g2:a0:a_22\[660] = zero[6]
Removing Lhs of wire \BUZZER_PWM_0:PWMUDB:MODULE_2:g2:a0:a_21\[661] = zero[6]
Removing Lhs of wire \BUZZER_PWM_0:PWMUDB:MODULE_2:g2:a0:a_20\[662] = zero[6]
Removing Lhs of wire \BUZZER_PWM_0:PWMUDB:MODULE_2:g2:a0:a_19\[663] = zero[6]
Removing Lhs of wire \BUZZER_PWM_0:PWMUDB:MODULE_2:g2:a0:a_18\[664] = zero[6]
Removing Lhs of wire \BUZZER_PWM_0:PWMUDB:MODULE_2:g2:a0:a_17\[665] = zero[6]
Removing Lhs of wire \BUZZER_PWM_0:PWMUDB:MODULE_2:g2:a0:a_16\[666] = zero[6]
Removing Lhs of wire \BUZZER_PWM_0:PWMUDB:MODULE_2:g2:a0:a_15\[667] = zero[6]
Removing Lhs of wire \BUZZER_PWM_0:PWMUDB:MODULE_2:g2:a0:a_14\[668] = zero[6]
Removing Lhs of wire \BUZZER_PWM_0:PWMUDB:MODULE_2:g2:a0:a_13\[669] = zero[6]
Removing Lhs of wire \BUZZER_PWM_0:PWMUDB:MODULE_2:g2:a0:a_12\[670] = zero[6]
Removing Lhs of wire \BUZZER_PWM_0:PWMUDB:MODULE_2:g2:a0:a_11\[671] = zero[6]
Removing Lhs of wire \BUZZER_PWM_0:PWMUDB:MODULE_2:g2:a0:a_10\[672] = zero[6]
Removing Lhs of wire \BUZZER_PWM_0:PWMUDB:MODULE_2:g2:a0:a_9\[673] = zero[6]
Removing Lhs of wire \BUZZER_PWM_0:PWMUDB:MODULE_2:g2:a0:a_8\[674] = zero[6]
Removing Lhs of wire \BUZZER_PWM_0:PWMUDB:MODULE_2:g2:a0:a_7\[675] = zero[6]
Removing Lhs of wire \BUZZER_PWM_0:PWMUDB:MODULE_2:g2:a0:a_6\[676] = zero[6]
Removing Lhs of wire \BUZZER_PWM_0:PWMUDB:MODULE_2:g2:a0:a_5\[677] = zero[6]
Removing Lhs of wire \BUZZER_PWM_0:PWMUDB:MODULE_2:g2:a0:a_4\[678] = zero[6]
Removing Lhs of wire \BUZZER_PWM_0:PWMUDB:MODULE_2:g2:a0:a_3\[679] = zero[6]
Removing Lhs of wire \BUZZER_PWM_0:PWMUDB:MODULE_2:g2:a0:a_2\[680] = zero[6]
Removing Lhs of wire \BUZZER_PWM_0:PWMUDB:MODULE_2:g2:a0:a_1\[681] = \BUZZER_PWM_0:PWMUDB:MODIN2_1\[682]
Removing Lhs of wire \BUZZER_PWM_0:PWMUDB:MODIN2_1\[682] = \BUZZER_PWM_0:PWMUDB:dith_count_1\[537]
Removing Lhs of wire \BUZZER_PWM_0:PWMUDB:MODULE_2:g2:a0:a_0\[683] = \BUZZER_PWM_0:PWMUDB:MODIN2_0\[684]
Removing Lhs of wire \BUZZER_PWM_0:PWMUDB:MODIN2_0\[684] = \BUZZER_PWM_0:PWMUDB:dith_count_0\[539]
Removing Lhs of wire \BUZZER_PWM_0:PWMUDB:MODULE_2:g2:a0:g1:z1:s0:g1:u0:c_0\[816] = tmpOE__PWM_REAR_net_0[1]
Removing Lhs of wire \BUZZER_PWM_0:PWMUDB:MODULE_2:g2:a0:g1:z1:s0:g1:u0:b_0\[817] = tmpOE__PWM_REAR_net_0[1]
Removing Lhs of wire tmpOE__ENABLE_REAR_MOTORS_net_0[826] = tmpOE__PWM_REAR_net_0[1]
Removing Lhs of wire \PWM_FRONT_0:Net_68\[838] = Net_45[396]
Removing Lhs of wire \PWM_FRONT_0:PWMUDB:ctrl_enable\[849] = \PWM_FRONT_0:PWMUDB:control_7\[841]
Removing Lhs of wire \PWM_FRONT_0:Net_180\[857] = zero[6]
Removing Lhs of wire \PWM_FRONT_0:PWMUDB:hwCapture\[860] = zero[6]
Removing Lhs of wire \PWM_FRONT_0:PWMUDB:hwEnable\[861] = \PWM_FRONT_0:PWMUDB:control_7\[841]
Removing Lhs of wire \PWM_FRONT_0:Net_178\[863] = zero[6]
Removing Lhs of wire \PWM_FRONT_0:PWMUDB:trig_out\[866] = tmpOE__PWM_REAR_net_0[1]
Removing Lhs of wire \PWM_FRONT_0:PWMUDB:runmode_enable\\R\[868] = zero[6]
Removing Lhs of wire \PWM_FRONT_0:Net_186\[869] = zero[6]
Removing Lhs of wire \PWM_FRONT_0:PWMUDB:runmode_enable\\S\[870] = zero[6]
Removing Lhs of wire \PWM_FRONT_0:PWMUDB:final_enable\[871] = \PWM_FRONT_0:PWMUDB:runmode_enable\[867]
Removing Lhs of wire \PWM_FRONT_0:Net_179\[874] = tmpOE__PWM_REAR_net_0[1]
Removing Lhs of wire \PWM_FRONT_0:PWMUDB:ltch_kill_reg\\R\[876] = zero[6]
Removing Lhs of wire \PWM_FRONT_0:PWMUDB:ltch_kill_reg\\S\[877] = zero[6]
Removing Lhs of wire \PWM_FRONT_0:PWMUDB:km_tc\[878] = zero[6]
Removing Lhs of wire \PWM_FRONT_0:PWMUDB:min_kill_reg\\R\[879] = zero[6]
Removing Lhs of wire \PWM_FRONT_0:PWMUDB:min_kill_reg\\S\[880] = zero[6]
Removing Lhs of wire \PWM_FRONT_0:PWMUDB:final_kill\[883] = tmpOE__PWM_REAR_net_0[1]
Removing Lhs of wire \PWM_FRONT_0:PWMUDB:add_vi_vv_MODGEN_3_1\[886] = \PWM_FRONT_0:PWMUDB:MODULE_3:g2:a0:s_1\[1124]
Removing Lhs of wire \PWM_FRONT_0:PWMUDB:add_vi_vv_MODGEN_3_0\[888] = \PWM_FRONT_0:PWMUDB:MODULE_3:g2:a0:s_0\[1125]
Removing Lhs of wire \PWM_FRONT_0:PWMUDB:dith_count_1\\R\[889] = zero[6]
Removing Lhs of wire \PWM_FRONT_0:PWMUDB:dith_count_1\\S\[890] = zero[6]
Removing Lhs of wire \PWM_FRONT_0:PWMUDB:dith_count_0\\R\[891] = zero[6]
Removing Lhs of wire \PWM_FRONT_0:PWMUDB:dith_count_0\\S\[892] = zero[6]
Removing Lhs of wire \PWM_FRONT_0:PWMUDB:status_6\[895] = zero[6]
Removing Rhs of wire \PWM_FRONT_0:PWMUDB:status_5\[896] = \PWM_FRONT_0:PWMUDB:final_kill_reg\[910]
Removing Lhs of wire \PWM_FRONT_0:PWMUDB:status_4\[897] = zero[6]
Removing Rhs of wire \PWM_FRONT_0:PWMUDB:status_3\[898] = \PWM_FRONT_0:PWMUDB:fifo_full\[917]
Removing Rhs of wire \PWM_FRONT_0:PWMUDB:status_1\[900] = \PWM_FRONT_0:PWMUDB:cmp2_status_reg\[909]
Removing Rhs of wire \PWM_FRONT_0:PWMUDB:status_0\[901] = \PWM_FRONT_0:PWMUDB:cmp1_status_reg\[908]
Removing Lhs of wire \PWM_FRONT_0:PWMUDB:cmp2_status\[906] = zero[6]
Removing Lhs of wire \PWM_FRONT_0:PWMUDB:cmp2\[907] = zero[6]
Removing Lhs of wire \PWM_FRONT_0:PWMUDB:cmp1_status_reg\\R\[911] = zero[6]
Removing Lhs of wire \PWM_FRONT_0:PWMUDB:cmp1_status_reg\\S\[912] = zero[6]
Removing Lhs of wire \PWM_FRONT_0:PWMUDB:cmp2_status_reg\\R\[913] = zero[6]
Removing Lhs of wire \PWM_FRONT_0:PWMUDB:cmp2_status_reg\\S\[914] = zero[6]
Removing Lhs of wire \PWM_FRONT_0:PWMUDB:final_kill_reg\\R\[915] = zero[6]
Removing Lhs of wire \PWM_FRONT_0:PWMUDB:final_kill_reg\\S\[916] = zero[6]
Removing Lhs of wire \PWM_FRONT_0:PWMUDB:cs_addr_2\[918] = \PWM_FRONT_0:PWMUDB:tc_i\[873]
Removing Lhs of wire \PWM_FRONT_0:PWMUDB:cs_addr_1\[919] = \PWM_FRONT_0:PWMUDB:runmode_enable\[867]
Removing Lhs of wire \PWM_FRONT_0:PWMUDB:cs_addr_0\[920] = zero[6]
Removing Lhs of wire \PWM_FRONT_0:PWMUDB:compare1\[953] = \PWM_FRONT_0:PWMUDB:cmp1_less\[924]
Removing Lhs of wire \PWM_FRONT_0:PWMUDB:pwm1_i\[958] = zero[6]
Removing Lhs of wire \PWM_FRONT_0:PWMUDB:pwm2_i\[960] = zero[6]
Removing Lhs of wire \PWM_FRONT_0:PWMUDB:pwm_temp\[965] = \PWM_FRONT_0:PWMUDB:cmp1\[904]
Removing Lhs of wire \PWM_FRONT_0:PWMUDB:MODULE_3:g2:a0:a_23\[1006] = zero[6]
Removing Lhs of wire \PWM_FRONT_0:PWMUDB:MODULE_3:g2:a0:a_22\[1007] = zero[6]
Removing Lhs of wire \PWM_FRONT_0:PWMUDB:MODULE_3:g2:a0:a_21\[1008] = zero[6]
Removing Lhs of wire \PWM_FRONT_0:PWMUDB:MODULE_3:g2:a0:a_20\[1009] = zero[6]
Removing Lhs of wire \PWM_FRONT_0:PWMUDB:MODULE_3:g2:a0:a_19\[1010] = zero[6]
Removing Lhs of wire \PWM_FRONT_0:PWMUDB:MODULE_3:g2:a0:a_18\[1011] = zero[6]
Removing Lhs of wire \PWM_FRONT_0:PWMUDB:MODULE_3:g2:a0:a_17\[1012] = zero[6]
Removing Lhs of wire \PWM_FRONT_0:PWMUDB:MODULE_3:g2:a0:a_16\[1013] = zero[6]
Removing Lhs of wire \PWM_FRONT_0:PWMUDB:MODULE_3:g2:a0:a_15\[1014] = zero[6]
Removing Lhs of wire \PWM_FRONT_0:PWMUDB:MODULE_3:g2:a0:a_14\[1015] = zero[6]
Removing Lhs of wire \PWM_FRONT_0:PWMUDB:MODULE_3:g2:a0:a_13\[1016] = zero[6]
Removing Lhs of wire \PWM_FRONT_0:PWMUDB:MODULE_3:g2:a0:a_12\[1017] = zero[6]
Removing Lhs of wire \PWM_FRONT_0:PWMUDB:MODULE_3:g2:a0:a_11\[1018] = zero[6]
Removing Lhs of wire \PWM_FRONT_0:PWMUDB:MODULE_3:g2:a0:a_10\[1019] = zero[6]
Removing Lhs of wire \PWM_FRONT_0:PWMUDB:MODULE_3:g2:a0:a_9\[1020] = zero[6]
Removing Lhs of wire \PWM_FRONT_0:PWMUDB:MODULE_3:g2:a0:a_8\[1021] = zero[6]
Removing Lhs of wire \PWM_FRONT_0:PWMUDB:MODULE_3:g2:a0:a_7\[1022] = zero[6]
Removing Lhs of wire \PWM_FRONT_0:PWMUDB:MODULE_3:g2:a0:a_6\[1023] = zero[6]
Removing Lhs of wire \PWM_FRONT_0:PWMUDB:MODULE_3:g2:a0:a_5\[1024] = zero[6]
Removing Lhs of wire \PWM_FRONT_0:PWMUDB:MODULE_3:g2:a0:a_4\[1025] = zero[6]
Removing Lhs of wire \PWM_FRONT_0:PWMUDB:MODULE_3:g2:a0:a_3\[1026] = zero[6]
Removing Lhs of wire \PWM_FRONT_0:PWMUDB:MODULE_3:g2:a0:a_2\[1027] = zero[6]
Removing Lhs of wire \PWM_FRONT_0:PWMUDB:MODULE_3:g2:a0:a_1\[1028] = \PWM_FRONT_0:PWMUDB:MODIN3_1\[1029]
Removing Lhs of wire \PWM_FRONT_0:PWMUDB:MODIN3_1\[1029] = \PWM_FRONT_0:PWMUDB:dith_count_1\[885]
Removing Lhs of wire \PWM_FRONT_0:PWMUDB:MODULE_3:g2:a0:a_0\[1030] = \PWM_FRONT_0:PWMUDB:MODIN3_0\[1031]
Removing Lhs of wire \PWM_FRONT_0:PWMUDB:MODIN3_0\[1031] = \PWM_FRONT_0:PWMUDB:dith_count_0\[887]
Removing Lhs of wire \PWM_FRONT_0:PWMUDB:MODULE_3:g2:a0:g1:z1:s0:g1:u0:c_0\[1163] = tmpOE__PWM_REAR_net_0[1]
Removing Lhs of wire \PWM_FRONT_0:PWMUDB:MODULE_3:g2:a0:g1:z1:s0:g1:u0:b_0\[1164] = tmpOE__PWM_REAR_net_0[1]
Removing Lhs of wire tmpOE__IMU_RST_net_0[1171] = tmpOE__PWM_REAR_net_0[1]
Removing Lhs of wire tmpOE__LIMIT_SWITCH_1_net_0[1177] = tmpOE__PWM_REAR_net_0[1]
Removing Lhs of wire tmpOE__BUZZER_EN_net_0[1183] = tmpOE__PWM_REAR_net_0[1]
Removing Lhs of wire tmpOE__LIMIT_SWITCH_4_net_0[1189] = tmpOE__PWM_REAR_net_0[1]
Removing Lhs of wire tmpOE__LIMIT_SWITCH_3_net_0[1195] = tmpOE__PWM_REAR_net_0[1]
Removing Lhs of wire tmpOE__LIMIT_SWITCH_2_net_0[1201] = tmpOE__PWM_REAR_net_0[1]
Removing Lhs of wire tmpOE__BUZZER_PWM_net_0[1209] = tmpOE__PWM_REAR_net_0[1]
Removing Lhs of wire tmpOE__GPIO_13_net_0[1215] = tmpOE__PWM_REAR_net_0[1]
Removing Lhs of wire tmpOE__PSOC_ALERT_net_0[1221] = tmpOE__PWM_REAR_net_0[1]
Removing Lhs of wire tmpOE__GPIO_36_net_0[1227] = tmpOE__PWM_REAR_net_0[1]
Removing Lhs of wire tmpOE__GPIO_30_net_0[1233] = tmpOE__PWM_REAR_net_0[1]
Removing Lhs of wire tmpOE__CURRENT_SENSE_1_net_0[1239] = tmpOE__PWM_REAR_net_0[1]
Removing Lhs of wire tmpOE__CURRENT_SENSE_2_net_0[1244] = tmpOE__PWM_REAR_net_0[1]
Removing Lhs of wire tmpOE__CURRENT_SENSE_3_net_0[1249] = tmpOE__PWM_REAR_net_0[1]
Removing Lhs of wire tmpOE__CURRENT_SENSE_4_net_0[1254] = tmpOE__PWM_REAR_net_0[1]
Removing Lhs of wire \PWM_REAR_0:PWMUDB:prevCapture\\D\[1263] = zero[6]
Removing Lhs of wire \PWM_REAR_0:PWMUDB:trig_last\\D\[1264] = zero[6]
Removing Lhs of wire \PWM_REAR_0:PWMUDB:prevCompare1\\D\[1270] = \PWM_REAR_0:PWMUDB:cmp1\[135]
Removing Lhs of wire \PWM_REAR_0:PWMUDB:cmp1_status_reg\\D\[1271] = \PWM_REAR_0:PWMUDB:cmp1_status\[136]
Removing Lhs of wire \PWM_REAR_0:PWMUDB:cmp2_status_reg\\D\[1272] = zero[6]
Removing Lhs of wire \PWM_REAR_0:PWMUDB:pwm_i_reg\\D\[1274] = \PWM_REAR_0:PWMUDB:pwm_i\[187]
Removing Lhs of wire \PWM_REAR_0:PWMUDB:pwm1_i_reg\\D\[1275] = zero[6]
Removing Lhs of wire \PWM_REAR_0:PWMUDB:pwm2_i_reg\\D\[1276] = zero[6]
Removing Lhs of wire \PWM_REAR_0:PWMUDB:tc_i_reg\\D\[1277] = \PWM_REAR_0:PWMUDB:status_2\[130]
Removing Lhs of wire \BUZZER_PWM_0:PWMUDB:prevCapture\\D\[1279] = zero[6]
Removing Lhs of wire \BUZZER_PWM_0:PWMUDB:trig_last\\D\[1280] = zero[6]
Removing Lhs of wire \BUZZER_PWM_0:PWMUDB:prevCompare1\\D\[1286] = \BUZZER_PWM_0:PWMUDB:cmp1\[556]
Removing Lhs of wire \BUZZER_PWM_0:PWMUDB:cmp1_status_reg\\D\[1287] = \BUZZER_PWM_0:PWMUDB:cmp1_status\[557]
Removing Lhs of wire \BUZZER_PWM_0:PWMUDB:cmp2_status_reg\\D\[1288] = zero[6]
Removing Lhs of wire \BUZZER_PWM_0:PWMUDB:pwm_i_reg\\D\[1290] = \BUZZER_PWM_0:PWMUDB:pwm_i\[608]
Removing Lhs of wire \BUZZER_PWM_0:PWMUDB:pwm1_i_reg\\D\[1291] = zero[6]
Removing Lhs of wire \BUZZER_PWM_0:PWMUDB:pwm2_i_reg\\D\[1292] = zero[6]
Removing Lhs of wire \BUZZER_PWM_0:PWMUDB:tc_i_reg\\D\[1293] = \BUZZER_PWM_0:PWMUDB:status_2\[551]
Removing Lhs of wire \PWM_FRONT_0:PWMUDB:prevCapture\\D\[1295] = zero[6]
Removing Lhs of wire \PWM_FRONT_0:PWMUDB:trig_last\\D\[1296] = zero[6]
Removing Lhs of wire \PWM_FRONT_0:PWMUDB:prevCompare1\\D\[1302] = \PWM_FRONT_0:PWMUDB:cmp1\[904]
Removing Lhs of wire \PWM_FRONT_0:PWMUDB:cmp1_status_reg\\D\[1303] = \PWM_FRONT_0:PWMUDB:cmp1_status\[905]
Removing Lhs of wire \PWM_FRONT_0:PWMUDB:cmp2_status_reg\\D\[1304] = zero[6]
Removing Lhs of wire \PWM_FRONT_0:PWMUDB:pwm_i_reg\\D\[1306] = \PWM_FRONT_0:PWMUDB:pwm_i\[956]
Removing Lhs of wire \PWM_FRONT_0:PWMUDB:pwm1_i_reg\\D\[1307] = zero[6]
Removing Lhs of wire \PWM_FRONT_0:PWMUDB:pwm2_i_reg\\D\[1308] = zero[6]
Removing Lhs of wire \PWM_FRONT_0:PWMUDB:tc_i_reg\\D\[1309] = \PWM_FRONT_0:PWMUDB:status_2\[899]

------------------------------------------------------
Aliased 0 equations, 290 wires.
------------------------------------------------------

----------------------------------------------------------
Circuit simplification
----------------------------------------------------------

Substituting virtuals - pass 1:

Note:  Expanding virtual equation for 'tmpOE__PWM_REAR_net_0' (cost = 0):
tmpOE__PWM_REAR_net_0 <=  ('1') ;

Note:  Expanding virtual equation for 'zero' (cost = 0):
zero <=  ('0') ;

Note:  Expanding virtual equation for '\PWM_REAR_0:PWMUDB:cmp1\' (cost = 0):
\PWM_REAR_0:PWMUDB:cmp1\ <= (\PWM_REAR_0:PWMUDB:cmp1_less\);

Note:  Expanding virtual equation for '\PWM_REAR_0:PWMUDB:MODULE_1:g2:a0:g1:z1:s0:g1:u0:c_1\' (cost = 0):
\PWM_REAR_0:PWMUDB:MODULE_1:g2:a0:g1:z1:s0:g1:u0:c_1\ <= (\PWM_REAR_0:PWMUDB:dith_count_0\);

Note:  Expanding virtual equation for '\PWM_REAR_0:PWMUDB:MODULE_1:g2:a0:s_0\' (cost = 0):
\PWM_REAR_0:PWMUDB:MODULE_1:g2:a0:s_0\ <= (not \PWM_REAR_0:PWMUDB:dith_count_0\);

Note:  Expanding virtual equation for '\PWM_REAR_0:PWMUDB:MODULE_1:g2:a0:g1:z1:s0:g1:u0:c_17\' (cost = 0):
\PWM_REAR_0:PWMUDB:MODULE_1:g2:a0:g1:z1:s0:g1:u0:c_17\ <=  ('0') ;

Note:  Expanding virtual equation for '\PWM_REAR_0:PWMUDB:MODULE_1:g2:a0:g1:z1:s0:g1:u0:c_9\' (cost = 0):
\PWM_REAR_0:PWMUDB:MODULE_1:g2:a0:g1:z1:s0:g1:u0:c_9\ <=  ('0') ;

Note:  Expanding virtual equation for '\PWM_REAR_0:PWMUDB:MODULE_1:g2:a0:g1:z1:s0:g1:u0:c_2\' (cost = 0):
\PWM_REAR_0:PWMUDB:MODULE_1:g2:a0:g1:z1:s0:g1:u0:c_2\ <= ((\PWM_REAR_0:PWMUDB:dith_count_1\ and \PWM_REAR_0:PWMUDB:dith_count_0\));

Note:  Expanding virtual equation for '\BUZZER_PWM_0:PWMUDB:cmp1\' (cost = 0):
\BUZZER_PWM_0:PWMUDB:cmp1\ <= (\BUZZER_PWM_0:PWMUDB:cmp1_less\);

Note:  Expanding virtual equation for '\BUZZER_PWM_0:PWMUDB:MODULE_2:g2:a0:g1:z1:s0:g1:u0:c_1\' (cost = 0):
\BUZZER_PWM_0:PWMUDB:MODULE_2:g2:a0:g1:z1:s0:g1:u0:c_1\ <= (\BUZZER_PWM_0:PWMUDB:dith_count_0\);

Note:  Expanding virtual equation for '\BUZZER_PWM_0:PWMUDB:MODULE_2:g2:a0:s_0\' (cost = 0):
\BUZZER_PWM_0:PWMUDB:MODULE_2:g2:a0:s_0\ <= (not \BUZZER_PWM_0:PWMUDB:dith_count_0\);

Note:  Expanding virtual equation for '\BUZZER_PWM_0:PWMUDB:MODULE_2:g2:a0:g1:z1:s0:g1:u0:c_17\' (cost = 0):
\BUZZER_PWM_0:PWMUDB:MODULE_2:g2:a0:g1:z1:s0:g1:u0:c_17\ <=  ('0') ;

Note:  Expanding virtual equation for '\BUZZER_PWM_0:PWMUDB:MODULE_2:g2:a0:g1:z1:s0:g1:u0:c_9\' (cost = 0):
\BUZZER_PWM_0:PWMUDB:MODULE_2:g2:a0:g1:z1:s0:g1:u0:c_9\ <=  ('0') ;

Note:  Expanding virtual equation for '\BUZZER_PWM_0:PWMUDB:MODULE_2:g2:a0:g1:z1:s0:g1:u0:c_2\' (cost = 0):
\BUZZER_PWM_0:PWMUDB:MODULE_2:g2:a0:g1:z1:s0:g1:u0:c_2\ <= ((\BUZZER_PWM_0:PWMUDB:dith_count_1\ and \BUZZER_PWM_0:PWMUDB:dith_count_0\));

Note:  Expanding virtual equation for '\PWM_FRONT_0:PWMUDB:cmp1\' (cost = 0):
\PWM_FRONT_0:PWMUDB:cmp1\ <= (\PWM_FRONT_0:PWMUDB:cmp1_less\);

Note:  Expanding virtual equation for '\PWM_FRONT_0:PWMUDB:MODULE_3:g2:a0:g1:z1:s0:g1:u0:c_1\' (cost = 0):
\PWM_FRONT_0:PWMUDB:MODULE_3:g2:a0:g1:z1:s0:g1:u0:c_1\ <= (\PWM_FRONT_0:PWMUDB:dith_count_0\);

Note:  Expanding virtual equation for '\PWM_FRONT_0:PWMUDB:MODULE_3:g2:a0:s_0\' (cost = 0):
\PWM_FRONT_0:PWMUDB:MODULE_3:g2:a0:s_0\ <= (not \PWM_FRONT_0:PWMUDB:dith_count_0\);

Note:  Expanding virtual equation for '\PWM_FRONT_0:PWMUDB:MODULE_3:g2:a0:g1:z1:s0:g1:u0:c_17\' (cost = 0):
\PWM_FRONT_0:PWMUDB:MODULE_3:g2:a0:g1:z1:s0:g1:u0:c_17\ <=  ('0') ;

Note:  Expanding virtual equation for '\PWM_FRONT_0:PWMUDB:MODULE_3:g2:a0:g1:z1:s0:g1:u0:c_9\' (cost = 0):
\PWM_FRONT_0:PWMUDB:MODULE_3:g2:a0:g1:z1:s0:g1:u0:c_9\ <=  ('0') ;

Note:  Expanding virtual equation for '\PWM_FRONT_0:PWMUDB:MODULE_3:g2:a0:g1:z1:s0:g1:u0:c_2\' (cost = 0):
\PWM_FRONT_0:PWMUDB:MODULE_3:g2:a0:g1:z1:s0:g1:u0:c_2\ <= ((\PWM_FRONT_0:PWMUDB:dith_count_1\ and \PWM_FRONT_0:PWMUDB:dith_count_0\));


Substituting virtuals - pass 2:

Note:  Expanding virtual equation for '\PWM_REAR_0:PWMUDB:MODULE_1:g2:a0:s_1\' (cost = 2):
\PWM_REAR_0:PWMUDB:MODULE_1:g2:a0:s_1\ <= ((not \PWM_REAR_0:PWMUDB:dith_count_0\ and \PWM_REAR_0:PWMUDB:dith_count_1\)
	OR (not \PWM_REAR_0:PWMUDB:dith_count_1\ and \PWM_REAR_0:PWMUDB:dith_count_0\));

Note:  Expanding virtual equation for '\PWM_REAR_0:PWMUDB:MODULE_1:g2:a0:g1:z1:s0:g1:u0:c_18\' (cost = 0):
\PWM_REAR_0:PWMUDB:MODULE_1:g2:a0:g1:z1:s0:g1:u0:c_18\ <=  ('0') ;

Note:  Expanding virtual equation for '\PWM_REAR_0:PWMUDB:MODULE_1:g2:a0:g1:z1:s0:g1:u0:c_10\' (cost = 0):
\PWM_REAR_0:PWMUDB:MODULE_1:g2:a0:g1:z1:s0:g1:u0:c_10\ <=  ('0') ;

Note:  Expanding virtual equation for '\PWM_REAR_0:PWMUDB:MODULE_1:g2:a0:g1:z1:s0:g1:u0:c_3\' (cost = 0):
\PWM_REAR_0:PWMUDB:MODULE_1:g2:a0:g1:z1:s0:g1:u0:c_3\ <=  ('0') ;

Note:  Expanding virtual equation for '\BUZZER_PWM_0:PWMUDB:MODULE_2:g2:a0:s_1\' (cost = 2):
\BUZZER_PWM_0:PWMUDB:MODULE_2:g2:a0:s_1\ <= ((not \BUZZER_PWM_0:PWMUDB:dith_count_0\ and \BUZZER_PWM_0:PWMUDB:dith_count_1\)
	OR (not \BUZZER_PWM_0:PWMUDB:dith_count_1\ and \BUZZER_PWM_0:PWMUDB:dith_count_0\));

Note:  Expanding virtual equation for '\BUZZER_PWM_0:PWMUDB:MODULE_2:g2:a0:g1:z1:s0:g1:u0:c_18\' (cost = 0):
\BUZZER_PWM_0:PWMUDB:MODULE_2:g2:a0:g1:z1:s0:g1:u0:c_18\ <=  ('0') ;

Note:  Expanding virtual equation for '\BUZZER_PWM_0:PWMUDB:MODULE_2:g2:a0:g1:z1:s0:g1:u0:c_10\' (cost = 0):
\BUZZER_PWM_0:PWMUDB:MODULE_2:g2:a0:g1:z1:s0:g1:u0:c_10\ <=  ('0') ;

Note:  Expanding virtual equation for '\BUZZER_PWM_0:PWMUDB:MODULE_2:g2:a0:g1:z1:s0:g1:u0:c_3\' (cost = 0):
\BUZZER_PWM_0:PWMUDB:MODULE_2:g2:a0:g1:z1:s0:g1:u0:c_3\ <=  ('0') ;

Note:  Expanding virtual equation for '\PWM_FRONT_0:PWMUDB:MODULE_3:g2:a0:s_1\' (cost = 2):
\PWM_FRONT_0:PWMUDB:MODULE_3:g2:a0:s_1\ <= ((not \PWM_FRONT_0:PWMUDB:dith_count_0\ and \PWM_FRONT_0:PWMUDB:dith_count_1\)
	OR (not \PWM_FRONT_0:PWMUDB:dith_count_1\ and \PWM_FRONT_0:PWMUDB:dith_count_0\));

Note:  Expanding virtual equation for '\PWM_FRONT_0:PWMUDB:MODULE_3:g2:a0:g1:z1:s0:g1:u0:c_18\' (cost = 0):
\PWM_FRONT_0:PWMUDB:MODULE_3:g2:a0:g1:z1:s0:g1:u0:c_18\ <=  ('0') ;

Note:  Expanding virtual equation for '\PWM_FRONT_0:PWMUDB:MODULE_3:g2:a0:g1:z1:s0:g1:u0:c_10\' (cost = 0):
\PWM_FRONT_0:PWMUDB:MODULE_3:g2:a0:g1:z1:s0:g1:u0:c_10\ <=  ('0') ;

Note:  Expanding virtual equation for '\PWM_FRONT_0:PWMUDB:MODULE_3:g2:a0:g1:z1:s0:g1:u0:c_3\' (cost = 0):
\PWM_FRONT_0:PWMUDB:MODULE_3:g2:a0:g1:z1:s0:g1:u0:c_3\ <=  ('0') ;


Substituting virtuals - pass 3:

Note:  Expanding virtual equation for '\PWM_REAR_0:PWMUDB:MODULE_1:g2:a0:g1:z1:s0:g1:u0:c_19\' (cost = 0):
\PWM_REAR_0:PWMUDB:MODULE_1:g2:a0:g1:z1:s0:g1:u0:c_19\ <=  ('0') ;

Note:  Expanding virtual equation for '\PWM_REAR_0:PWMUDB:MODULE_1:g2:a0:g1:z1:s0:g1:u0:c_11\' (cost = 0):
\PWM_REAR_0:PWMUDB:MODULE_1:g2:a0:g1:z1:s0:g1:u0:c_11\ <=  ('0') ;

Note:  Expanding virtual equation for '\PWM_REAR_0:PWMUDB:MODULE_1:g2:a0:g1:z1:s0:g1:u0:c_4\' (cost = 0):
\PWM_REAR_0:PWMUDB:MODULE_1:g2:a0:g1:z1:s0:g1:u0:c_4\ <=  ('0') ;

Note:  Expanding virtual equation for '\BUZZER_PWM_0:PWMUDB:MODULE_2:g2:a0:g1:z1:s0:g1:u0:c_19\' (cost = 0):
\BUZZER_PWM_0:PWMUDB:MODULE_2:g2:a0:g1:z1:s0:g1:u0:c_19\ <=  ('0') ;

Note:  Expanding virtual equation for '\BUZZER_PWM_0:PWMUDB:MODULE_2:g2:a0:g1:z1:s0:g1:u0:c_11\' (cost = 0):
\BUZZER_PWM_0:PWMUDB:MODULE_2:g2:a0:g1:z1:s0:g1:u0:c_11\ <=  ('0') ;

Note:  Expanding virtual equation for '\BUZZER_PWM_0:PWMUDB:MODULE_2:g2:a0:g1:z1:s0:g1:u0:c_4\' (cost = 0):
\BUZZER_PWM_0:PWMUDB:MODULE_2:g2:a0:g1:z1:s0:g1:u0:c_4\ <=  ('0') ;

Note:  Expanding virtual equation for '\PWM_FRONT_0:PWMUDB:MODULE_3:g2:a0:g1:z1:s0:g1:u0:c_19\' (cost = 0):
\PWM_FRONT_0:PWMUDB:MODULE_3:g2:a0:g1:z1:s0:g1:u0:c_19\ <=  ('0') ;

Note:  Expanding virtual equation for '\PWM_FRONT_0:PWMUDB:MODULE_3:g2:a0:g1:z1:s0:g1:u0:c_11\' (cost = 0):
\PWM_FRONT_0:PWMUDB:MODULE_3:g2:a0:g1:z1:s0:g1:u0:c_11\ <=  ('0') ;

Note:  Expanding virtual equation for '\PWM_FRONT_0:PWMUDB:MODULE_3:g2:a0:g1:z1:s0:g1:u0:c_4\' (cost = 0):
\PWM_FRONT_0:PWMUDB:MODULE_3:g2:a0:g1:z1:s0:g1:u0:c_4\ <=  ('0') ;


Substituting virtuals - pass 4:

Note:  Expanding virtual equation for '\PWM_REAR_0:PWMUDB:MODULE_1:g2:a0:g1:z1:s0:g1:u0:c_20\' (cost = 0):
\PWM_REAR_0:PWMUDB:MODULE_1:g2:a0:g1:z1:s0:g1:u0:c_20\ <=  ('0') ;

Note:  Expanding virtual equation for '\PWM_REAR_0:PWMUDB:MODULE_1:g2:a0:g1:z1:s0:g1:u0:c_12\' (cost = 0):
\PWM_REAR_0:PWMUDB:MODULE_1:g2:a0:g1:z1:s0:g1:u0:c_12\ <=  ('0') ;

Note:  Expanding virtual equation for '\PWM_REAR_0:PWMUDB:MODULE_1:g2:a0:g1:z1:s0:g1:u0:c_5\' (cost = 0):
\PWM_REAR_0:PWMUDB:MODULE_1:g2:a0:g1:z1:s0:g1:u0:c_5\ <=  ('0') ;

Note:  Expanding virtual equation for '\BUZZER_PWM_0:PWMUDB:MODULE_2:g2:a0:g1:z1:s0:g1:u0:c_20\' (cost = 0):
\BUZZER_PWM_0:PWMUDB:MODULE_2:g2:a0:g1:z1:s0:g1:u0:c_20\ <=  ('0') ;

Note:  Expanding virtual equation for '\BUZZER_PWM_0:PWMUDB:MODULE_2:g2:a0:g1:z1:s0:g1:u0:c_12\' (cost = 0):
\BUZZER_PWM_0:PWMUDB:MODULE_2:g2:a0:g1:z1:s0:g1:u0:c_12\ <=  ('0') ;

Note:  Expanding virtual equation for '\BUZZER_PWM_0:PWMUDB:MODULE_2:g2:a0:g1:z1:s0:g1:u0:c_5\' (cost = 0):
\BUZZER_PWM_0:PWMUDB:MODULE_2:g2:a0:g1:z1:s0:g1:u0:c_5\ <=  ('0') ;

Note:  Expanding virtual equation for '\PWM_FRONT_0:PWMUDB:MODULE_3:g2:a0:g1:z1:s0:g1:u0:c_20\' (cost = 0):
\PWM_FRONT_0:PWMUDB:MODULE_3:g2:a0:g1:z1:s0:g1:u0:c_20\ <=  ('0') ;

Note:  Expanding virtual equation for '\PWM_FRONT_0:PWMUDB:MODULE_3:g2:a0:g1:z1:s0:g1:u0:c_12\' (cost = 0):
\PWM_FRONT_0:PWMUDB:MODULE_3:g2:a0:g1:z1:s0:g1:u0:c_12\ <=  ('0') ;

Note:  Expanding virtual equation for '\PWM_FRONT_0:PWMUDB:MODULE_3:g2:a0:g1:z1:s0:g1:u0:c_5\' (cost = 0):
\PWM_FRONT_0:PWMUDB:MODULE_3:g2:a0:g1:z1:s0:g1:u0:c_5\ <=  ('0') ;


Substituting virtuals - pass 5:

Note:  Expanding virtual equation for '\PWM_REAR_0:PWMUDB:MODULE_1:g2:a0:g1:z1:s0:g1:u0:c_21\' (cost = 0):
\PWM_REAR_0:PWMUDB:MODULE_1:g2:a0:g1:z1:s0:g1:u0:c_21\ <=  ('0') ;

Note:  Expanding virtual equation for '\PWM_REAR_0:PWMUDB:MODULE_1:g2:a0:g1:z1:s0:g1:u0:c_13\' (cost = 0):
\PWM_REAR_0:PWMUDB:MODULE_1:g2:a0:g1:z1:s0:g1:u0:c_13\ <=  ('0') ;

Note:  Expanding virtual equation for '\PWM_REAR_0:PWMUDB:MODULE_1:g2:a0:g1:z1:s0:g1:u0:c_6\' (cost = 0):
\PWM_REAR_0:PWMUDB:MODULE_1:g2:a0:g1:z1:s0:g1:u0:c_6\ <=  ('0') ;

Note:  Expanding virtual equation for '\BUZZER_PWM_0:PWMUDB:MODULE_2:g2:a0:g1:z1:s0:g1:u0:c_21\' (cost = 0):
\BUZZER_PWM_0:PWMUDB:MODULE_2:g2:a0:g1:z1:s0:g1:u0:c_21\ <=  ('0') ;

Note:  Expanding virtual equation for '\BUZZER_PWM_0:PWMUDB:MODULE_2:g2:a0:g1:z1:s0:g1:u0:c_13\' (cost = 0):
\BUZZER_PWM_0:PWMUDB:MODULE_2:g2:a0:g1:z1:s0:g1:u0:c_13\ <=  ('0') ;

Note:  Expanding virtual equation for '\BUZZER_PWM_0:PWMUDB:MODULE_2:g2:a0:g1:z1:s0:g1:u0:c_6\' (cost = 0):
\BUZZER_PWM_0:PWMUDB:MODULE_2:g2:a0:g1:z1:s0:g1:u0:c_6\ <=  ('0') ;

Note:  Expanding virtual equation for '\PWM_FRONT_0:PWMUDB:MODULE_3:g2:a0:g1:z1:s0:g1:u0:c_21\' (cost = 0):
\PWM_FRONT_0:PWMUDB:MODULE_3:g2:a0:g1:z1:s0:g1:u0:c_21\ <=  ('0') ;

Note:  Expanding virtual equation for '\PWM_FRONT_0:PWMUDB:MODULE_3:g2:a0:g1:z1:s0:g1:u0:c_13\' (cost = 0):
\PWM_FRONT_0:PWMUDB:MODULE_3:g2:a0:g1:z1:s0:g1:u0:c_13\ <=  ('0') ;

Note:  Expanding virtual equation for '\PWM_FRONT_0:PWMUDB:MODULE_3:g2:a0:g1:z1:s0:g1:u0:c_6\' (cost = 0):
\PWM_FRONT_0:PWMUDB:MODULE_3:g2:a0:g1:z1:s0:g1:u0:c_6\ <=  ('0') ;


Substituting virtuals - pass 6:

Note:  Expanding virtual equation for '\PWM_REAR_0:PWMUDB:MODULE_1:g2:a0:g1:z1:s0:g1:u0:c_22\' (cost = 0):
\PWM_REAR_0:PWMUDB:MODULE_1:g2:a0:g1:z1:s0:g1:u0:c_22\ <=  ('0') ;

Note:  Expanding virtual equation for '\PWM_REAR_0:PWMUDB:MODULE_1:g2:a0:g1:z1:s0:g1:u0:c_14\' (cost = 0):
\PWM_REAR_0:PWMUDB:MODULE_1:g2:a0:g1:z1:s0:g1:u0:c_14\ <=  ('0') ;

Note:  Expanding virtual equation for '\PWM_REAR_0:PWMUDB:MODULE_1:g2:a0:g1:z1:s0:g1:u0:c_7\' (cost = 0):
\PWM_REAR_0:PWMUDB:MODULE_1:g2:a0:g1:z1:s0:g1:u0:c_7\ <=  ('0') ;

Note:  Expanding virtual equation for '\BUZZER_PWM_0:PWMUDB:MODULE_2:g2:a0:g1:z1:s0:g1:u0:c_22\' (cost = 0):
\BUZZER_PWM_0:PWMUDB:MODULE_2:g2:a0:g1:z1:s0:g1:u0:c_22\ <=  ('0') ;

Note:  Expanding virtual equation for '\BUZZER_PWM_0:PWMUDB:MODULE_2:g2:a0:g1:z1:s0:g1:u0:c_14\' (cost = 0):
\BUZZER_PWM_0:PWMUDB:MODULE_2:g2:a0:g1:z1:s0:g1:u0:c_14\ <=  ('0') ;

Note:  Expanding virtual equation for '\BUZZER_PWM_0:PWMUDB:MODULE_2:g2:a0:g1:z1:s0:g1:u0:c_7\' (cost = 0):
\BUZZER_PWM_0:PWMUDB:MODULE_2:g2:a0:g1:z1:s0:g1:u0:c_7\ <=  ('0') ;

Note:  Expanding virtual equation for '\PWM_FRONT_0:PWMUDB:MODULE_3:g2:a0:g1:z1:s0:g1:u0:c_22\' (cost = 0):
\PWM_FRONT_0:PWMUDB:MODULE_3:g2:a0:g1:z1:s0:g1:u0:c_22\ <=  ('0') ;

Note:  Expanding virtual equation for '\PWM_FRONT_0:PWMUDB:MODULE_3:g2:a0:g1:z1:s0:g1:u0:c_14\' (cost = 0):
\PWM_FRONT_0:PWMUDB:MODULE_3:g2:a0:g1:z1:s0:g1:u0:c_14\ <=  ('0') ;

Note:  Expanding virtual equation for '\PWM_FRONT_0:PWMUDB:MODULE_3:g2:a0:g1:z1:s0:g1:u0:c_7\' (cost = 0):
\PWM_FRONT_0:PWMUDB:MODULE_3:g2:a0:g1:z1:s0:g1:u0:c_7\ <=  ('0') ;


Substituting virtuals - pass 7:

Note:  Expanding virtual equation for '\PWM_REAR_0:PWMUDB:MODULE_1:g2:a0:g1:z1:s0:g1:u0:c_23\' (cost = 0):
\PWM_REAR_0:PWMUDB:MODULE_1:g2:a0:g1:z1:s0:g1:u0:c_23\ <=  ('0') ;

Note:  Expanding virtual equation for '\PWM_REAR_0:PWMUDB:MODULE_1:g2:a0:g1:z1:s0:g1:u0:c_15\' (cost = 0):
\PWM_REAR_0:PWMUDB:MODULE_1:g2:a0:g1:z1:s0:g1:u0:c_15\ <=  ('0') ;

Note:  Expanding virtual equation for '\BUZZER_PWM_0:PWMUDB:MODULE_2:g2:a0:g1:z1:s0:g1:u0:c_23\' (cost = 0):
\BUZZER_PWM_0:PWMUDB:MODULE_2:g2:a0:g1:z1:s0:g1:u0:c_23\ <=  ('0') ;

Note:  Expanding virtual equation for '\BUZZER_PWM_0:PWMUDB:MODULE_2:g2:a0:g1:z1:s0:g1:u0:c_15\' (cost = 0):
\BUZZER_PWM_0:PWMUDB:MODULE_2:g2:a0:g1:z1:s0:g1:u0:c_15\ <=  ('0') ;

Note:  Expanding virtual equation for '\PWM_FRONT_0:PWMUDB:MODULE_3:g2:a0:g1:z1:s0:g1:u0:c_23\' (cost = 0):
\PWM_FRONT_0:PWMUDB:MODULE_3:g2:a0:g1:z1:s0:g1:u0:c_23\ <=  ('0') ;

Note:  Expanding virtual equation for '\PWM_FRONT_0:PWMUDB:MODULE_3:g2:a0:g1:z1:s0:g1:u0:c_15\' (cost = 0):
\PWM_FRONT_0:PWMUDB:MODULE_3:g2:a0:g1:z1:s0:g1:u0:c_15\ <=  ('0') ;


Substituting virtuals - pass 8:


----------------------------------------------------------
Circuit simplification results:

	Expanded 74 signals.
	Turned 0 signals into soft nodes.
	Maximum default expansion cost was set at 3.
----------------------------------------------------------

------------------------------------------------------
Alias Detection
------------------------------------------------------
Aliasing \PWM_REAR_0:PWMUDB:final_capture\ to zero
Aliasing \PWM_REAR_0:PWMUDB:MODULE_1:g2:a0:g1:z1:s0:g1:u0:b_24\ to zero
Aliasing \PWM_REAR_0:PWMUDB:MODULE_1:g2:a0:g1:z1:s0:g1:u0:b_16\ to zero
Aliasing \PWM_REAR_0:PWMUDB:MODULE_1:g2:a0:g1:z1:s0:g1:u0:b_8\ to zero
Aliasing \BUZZER_PWM_0:PWMUDB:final_capture\ to zero
Aliasing \BUZZER_PWM_0:PWMUDB:MODULE_2:g2:a0:g1:z1:s0:g1:u0:b_24\ to zero
Aliasing \BUZZER_PWM_0:PWMUDB:MODULE_2:g2:a0:g1:z1:s0:g1:u0:b_16\ to zero
Aliasing \BUZZER_PWM_0:PWMUDB:MODULE_2:g2:a0:g1:z1:s0:g1:u0:b_8\ to zero
Aliasing \PWM_FRONT_0:PWMUDB:final_capture\ to zero
Aliasing \PWM_FRONT_0:PWMUDB:MODULE_3:g2:a0:g1:z1:s0:g1:u0:b_24\ to zero
Aliasing \PWM_FRONT_0:PWMUDB:MODULE_3:g2:a0:g1:z1:s0:g1:u0:b_16\ to zero
Aliasing \PWM_FRONT_0:PWMUDB:MODULE_3:g2:a0:g1:z1:s0:g1:u0:b_8\ to zero
Aliasing \PWM_REAR_0:PWMUDB:min_kill_reg\\D\ to tmpOE__PWM_REAR_net_0
Aliasing \PWM_REAR_0:PWMUDB:ltch_kill_reg\\D\ to tmpOE__PWM_REAR_net_0
Aliasing \PWM_REAR_0:PWMUDB:final_kill_reg\\D\ to zero
Aliasing \BUZZER_PWM_0:PWMUDB:min_kill_reg\\D\ to tmpOE__PWM_REAR_net_0
Aliasing \BUZZER_PWM_0:PWMUDB:ltch_kill_reg\\D\ to tmpOE__PWM_REAR_net_0
Aliasing \BUZZER_PWM_0:PWMUDB:final_kill_reg\\D\ to zero
Aliasing \PWM_FRONT_0:PWMUDB:min_kill_reg\\D\ to tmpOE__PWM_REAR_net_0
Aliasing \PWM_FRONT_0:PWMUDB:ltch_kill_reg\\D\ to tmpOE__PWM_REAR_net_0
Aliasing \PWM_FRONT_0:PWMUDB:final_kill_reg\\D\ to zero
Removing Lhs of wire \PWM_REAR_0:PWMUDB:final_capture\[153] = zero[6]
Removing Lhs of wire \PWM_REAR_0:PWMUDB:MODULE_1:g2:a0:g1:z1:s0:g1:u0:b_24\[365] = zero[6]
Removing Lhs of wire \PWM_REAR_0:PWMUDB:MODULE_1:g2:a0:g1:z1:s0:g1:u0:b_16\[375] = zero[6]
Removing Lhs of wire \PWM_REAR_0:PWMUDB:MODULE_1:g2:a0:g1:z1:s0:g1:u0:b_8\[385] = zero[6]
Removing Lhs of wire \BUZZER_PWM_0:PWMUDB:final_capture\[574] = zero[6]
Removing Lhs of wire \BUZZER_PWM_0:PWMUDB:MODULE_2:g2:a0:g1:z1:s0:g1:u0:b_24\[787] = zero[6]
Removing Lhs of wire \BUZZER_PWM_0:PWMUDB:MODULE_2:g2:a0:g1:z1:s0:g1:u0:b_16\[797] = zero[6]
Removing Lhs of wire \BUZZER_PWM_0:PWMUDB:MODULE_2:g2:a0:g1:z1:s0:g1:u0:b_8\[807] = zero[6]
Removing Lhs of wire \PWM_FRONT_0:PWMUDB:final_capture\[922] = zero[6]
Removing Lhs of wire \PWM_FRONT_0:PWMUDB:MODULE_3:g2:a0:g1:z1:s0:g1:u0:b_24\[1134] = zero[6]
Removing Lhs of wire \PWM_FRONT_0:PWMUDB:MODULE_3:g2:a0:g1:z1:s0:g1:u0:b_16\[1144] = zero[6]
Removing Lhs of wire \PWM_FRONT_0:PWMUDB:MODULE_3:g2:a0:g1:z1:s0:g1:u0:b_8\[1154] = zero[6]
Removing Lhs of wire \PWM_REAR_0:PWMUDB:min_kill_reg\\D\[1262] = tmpOE__PWM_REAR_net_0[1]
Removing Lhs of wire \PWM_REAR_0:PWMUDB:runmode_enable\\D\[1265] = \PWM_REAR_0:PWMUDB:control_7\[72]
Removing Lhs of wire \PWM_REAR_0:PWMUDB:ltch_kill_reg\\D\[1267] = tmpOE__PWM_REAR_net_0[1]
Removing Lhs of wire \PWM_REAR_0:PWMUDB:final_kill_reg\\D\[1273] = zero[6]
Removing Lhs of wire \BUZZER_PWM_0:PWMUDB:min_kill_reg\\D\[1278] = tmpOE__PWM_REAR_net_0[1]
Removing Lhs of wire \BUZZER_PWM_0:PWMUDB:runmode_enable\\D\[1281] = \BUZZER_PWM_0:PWMUDB:control_7\[493]
Removing Lhs of wire \BUZZER_PWM_0:PWMUDB:ltch_kill_reg\\D\[1283] = tmpOE__PWM_REAR_net_0[1]
Removing Lhs of wire \BUZZER_PWM_0:PWMUDB:final_kill_reg\\D\[1289] = zero[6]
Removing Lhs of wire \PWM_FRONT_0:PWMUDB:min_kill_reg\\D\[1294] = tmpOE__PWM_REAR_net_0[1]
Removing Lhs of wire \PWM_FRONT_0:PWMUDB:runmode_enable\\D\[1297] = \PWM_FRONT_0:PWMUDB:control_7\[841]
Removing Lhs of wire \PWM_FRONT_0:PWMUDB:ltch_kill_reg\\D\[1299] = tmpOE__PWM_REAR_net_0[1]
Removing Lhs of wire \PWM_FRONT_0:PWMUDB:final_kill_reg\\D\[1305] = zero[6]

------------------------------------------------------
Aliased 0 equations, 24 wires.
------------------------------------------------------

----------------------------------------------------------
Circuit simplification
----------------------------------------------------------

Eliminating unused logic - pass 1:


Eliminating unused logic - pass 2:


Substituting virtuals - pass 1:


----------------------------------------------------------
Circuit simplification results:

	Expanded 0 signals.
	Turned 0 signals into soft nodes.
	Maximum default expansion cost was set at 3.
----------------------------------------------------------

topld:  No errors.

CYPRESS_DIR    : C:\Program Files (x86)\Cypress\PSoC Creator\4.4\PSoC Creator\warp
Warp Program   : C:\Program Files (x86)\Cypress\PSoC Creator\4.4\PSoC Creator\warp\bin\warp.exe
Warp Arguments : -yv2 -q10 -ygs -o2 -v3 -.fftcfgtype=LE -ya -.fftprj=C:\Users\amant\Generate\Uplift-Solutions\uplift-fw-sp25\src\psoc_4200_uplift.cydsn\psoc_4200_uplift.cyprj -dcpsoc3 psoc_4200_uplift.v -verilog
</CYPRESSTAG>
Warp synthesis phase: Elapsed time ==> 1s.347ms
<CYPRESSTAG name="Fitter results...">
<CYPRESSTAG name="Fitter startup details...">
cyp3fit: V4.4.0.80, Family: PSoC3, Started at: Friday, 11 April 2025 01:50:07
Options: -yv2 -q10 -ygs -o2 -v3 -.fftcfgtype=LE -ya -.fftprj=C:\Users\amant\Generate\Uplift-Solutions\uplift-fw-sp25\src\psoc_4200_uplift.cydsn\psoc_4200_uplift.cyprj -d CY8C4245AXI-483 psoc_4200_uplift.v -verilog
</CYPRESSTAG>
<CYPRESSTAG name="Design parsing">
Design parsing phase: Elapsed time ==> 0s.018ms
</CYPRESSTAG>
<CYPRESSTAG name="Tech Mapping">
<CYPRESSTAG name="Initial Mapping" icon="FILE_RPT_TECHM">
    Removed wire end \PWM_REAR_0:PWMUDB:MODULE_1:g2:a0:g1:z1:s0:g1:u0:c_24\ kept zero
    Removed wire end \PWM_REAR_0:PWMUDB:MODULE_1:g2:a0:g1:z1:s0:g1:u0:c_16\ kept zero
    Removed wire end \PWM_REAR_0:PWMUDB:MODULE_1:g2:a0:g1:z1:s0:g1:u0:c_8\ kept zero
    Removed wire end \BUZZER_PWM_0:PWMUDB:MODULE_2:g2:a0:g1:z1:s0:g1:u0:c_24\ kept zero
    Removed wire end \BUZZER_PWM_0:PWMUDB:MODULE_2:g2:a0:g1:z1:s0:g1:u0:c_16\ kept zero
    Removed wire end \BUZZER_PWM_0:PWMUDB:MODULE_2:g2:a0:g1:z1:s0:g1:u0:c_8\ kept zero
    Removed wire end \PWM_FRONT_0:PWMUDB:MODULE_3:g2:a0:g1:z1:s0:g1:u0:c_24\ kept zero
    Removed wire end \PWM_FRONT_0:PWMUDB:MODULE_3:g2:a0:g1:z1:s0:g1:u0:c_16\ kept zero
    Removed wire end \PWM_FRONT_0:PWMUDB:MODULE_3:g2:a0:g1:z1:s0:g1:u0:c_8\ kept zero
    Converted constant MacroCell: \PWM_REAR_0:PWMUDB:prevCapture\ from registered to combinatorial
    Converted constant MacroCell: \PWM_REAR_0:PWMUDB:trig_last\ from registered to combinatorial
    Converted constant MacroCell: \PWM_REAR_0:PWMUDB:status_1\ from registered to combinatorial
    Converted constant MacroCell: \PWM_REAR_0:PWMUDB:status_5\ from registered to combinatorial
    Converted constant MacroCell: \PWM_REAR_0:PWMUDB:pwm1_i_reg\ from registered to combinatorial
    Converted constant MacroCell: \PWM_REAR_0:PWMUDB:pwm2_i_reg\ from registered to combinatorial
    Converted constant MacroCell: \BUZZER_PWM_0:PWMUDB:prevCapture\ from registered to combinatorial
    Converted constant MacroCell: \BUZZER_PWM_0:PWMUDB:trig_last\ from registered to combinatorial
    Converted constant MacroCell: \BUZZER_PWM_0:PWMUDB:status_1\ from registered to combinatorial
    Converted constant MacroCell: \BUZZER_PWM_0:PWMUDB:status_5\ from registered to combinatorial
    Converted constant MacroCell: \BUZZER_PWM_0:PWMUDB:pwm1_i_reg\ from registered to combinatorial
    Converted constant MacroCell: \BUZZER_PWM_0:PWMUDB:pwm2_i_reg\ from registered to combinatorial
    Converted constant MacroCell: \PWM_FRONT_0:PWMUDB:prevCapture\ from registered to combinatorial
    Converted constant MacroCell: \PWM_FRONT_0:PWMUDB:trig_last\ from registered to combinatorial
    Converted constant MacroCell: \PWM_FRONT_0:PWMUDB:status_1\ from registered to combinatorial
    Converted constant MacroCell: \PWM_FRONT_0:PWMUDB:status_5\ from registered to combinatorial
    Converted constant MacroCell: \PWM_FRONT_0:PWMUDB:pwm1_i_reg\ from registered to combinatorial
    Converted constant MacroCell: \PWM_FRONT_0:PWMUDB:pwm2_i_reg\ from registered to combinatorial

Removing unused cells resulting from optimization
Done removing unused cells.
<CYPRESSTAG name="Global Clock Selection" icon="FILE_RPT_TECHM">
    Fixed Function Clock 2: Automatic-assigning  clock 'I2C_0_SCBCLK'. Signal=\I2C_0:Net_847_ff2\
    Digital Clock 0: Automatic-assigning  clock 'Clock_1'. Fanout=3, Signal=Net_45_digital
<CYPRESSTAG name="UDB Clock/Enable Remapping Results">
    UDB Clk/Enable \PWM_REAR_0:PWMUDB:clock_enable_block\: with output requested to be synchronous
        ClockIn: ClockGenBlock:m0s8clockgenblockcell.gen_clk_out_0 was determined to be a global clock that is synchronous to HFClk
        EnableIn: Constant 1 was determined to be synchronous to ClockIn
        ClockOut: ClockGenBlock:m0s8clockgenblockcell.gen_clk_out_0, EnableOut: Constant 1
    UDB Clk/Enable \BUZZER_PWM_0:PWMUDB:clock_enable_block\: with output requested to be synchronous
        ClockIn: ClockGenBlock:m0s8clockgenblockcell.gen_clk_out_0 was determined to be a global clock that is synchronous to HFClk
        EnableIn: Constant 1 was determined to be synchronous to ClockIn
        ClockOut: ClockGenBlock:m0s8clockgenblockcell.gen_clk_out_0, EnableOut: Constant 1
    UDB Clk/Enable \PWM_FRONT_0:PWMUDB:clock_enable_block\: with output requested to be synchronous
        ClockIn: ClockGenBlock:m0s8clockgenblockcell.gen_clk_out_0 was determined to be a global clock that is synchronous to HFClk
        EnableIn: Constant 1 was determined to be synchronous to ClockIn
        ClockOut: ClockGenBlock:m0s8clockgenblockcell.gen_clk_out_0, EnableOut: Constant 1
</CYPRESSTAG>
</CYPRESSTAG>

Removing unused cells resulting from optimization
Done removing unused cells.
ADD: pft.M0040: information: The following 1 pin(s) will be assigned a location by the fitter: DIR_FRONT_RIGHT(0)


Removing unused cells resulting from optimization
Done removing unused cells.
<CYPRESSTAG name="Duplicate Macrocell detection">
</CYPRESSTAG>
</CYPRESSTAG>
<CYPRESSTAG name="Duplicate Macrocell detection">

Removing unused cells resulting from optimization
Done removing unused cells.
</CYPRESSTAG>
<CYPRESSTAG name="Design Equations" icon="FILE_RPT_EQUATION">

------------------------------------------------------------
Design Equations
------------------------------------------------------------
    <CYPRESSTAG name="Pin listing">

    ------------------------------------------------------------
    Pin listing
    ------------------------------------------------------------

    Pin : Name = PWM_REAR(0)
        Attributes:
            In Group/Port: True
            In Sync Option: AUTO
            Out Sync Option: NOSYNC
            Interrupt generated: False
            Interrupt mode: NONE
            Drive mode: CMOS_OUT
            VTrip: EITHER
            Slew: FAST
            Input Sync needed: False
            Output Sync needed: False
            SC shield enabled: False
            POR State: ANY
            LCD Mode: COMMON
            Register Mode: RegComb
            CaSense Mode: NEITHER
            Treat as pin: True
            Is OE Registered: False
            Uses Analog: False
            Can contain Digital: True
            Is SIO: False
            SIO Output Buf: NONREGULATED
            SIO Input Buf: SINGLE_ENDED
            SIO HiFreq: LOW
            SIO Hyst: DISABLED
            SIO Vtrip: MULTIPLIER_0_5
            SIO Multiplier Index: 0
            SIO RefSel: VCC_IO
            Required Capabilities: DIGITAL, ROUTABLE
            Initial Value: 1
            IO Voltage: 0
        PORT MAP (
            pa_out => PWM_REAR(0)__PA ,
            pin_input => Net_231 ,
            pad => PWM_REAR(0)_PAD );
        Properties:
        {
        }

    Pin : Name = PWM_FRONT(0)
        Attributes:
            In Group/Port: True
            In Sync Option: AUTO
            Out Sync Option: NOSYNC
            Interrupt generated: False
            Interrupt mode: NONE
            Drive mode: CMOS_OUT
            VTrip: EITHER
            Slew: FAST
            Input Sync needed: False
            Output Sync needed: False
            SC shield enabled: False
            POR State: ANY
            LCD Mode: COMMON
            Register Mode: RegComb
            CaSense Mode: NEITHER
            Treat as pin: True
            Is OE Registered: False
            Uses Analog: False
            Can contain Digital: True
            Is SIO: False
            SIO Output Buf: NONREGULATED
            SIO Input Buf: SINGLE_ENDED
            SIO HiFreq: LOW
            SIO Hyst: DISABLED
            SIO Vtrip: MULTIPLIER_0_5
            SIO Multiplier Index: 0
            SIO RefSel: VCC_IO
            Required Capabilities: DIGITAL, ROUTABLE
            Initial Value: 1
            IO Voltage: 0
        PORT MAP (
            pa_out => PWM_FRONT(0)__PA ,
            pin_input => Net_34 ,
            pad => PWM_FRONT(0)_PAD );
        Properties:
        {
        }

    Pin : Name = \I2C_0:sda(0)\
        Attributes:
            In Group/Port: True
            In Sync Option: NOSYNC
            Out Sync Option: NOSYNC
            Interrupt generated: False
            Interrupt mode: NONE
            Drive mode: OPEN_DRAIN_LO
            VTrip: CMOS
            Slew: FAST
            Input Sync needed: False
            Output Sync needed: False
            SC shield enabled: False
            POR State: ANY
            LCD Mode: COMMON
            Register Mode: RegComb
            CaSense Mode: NEITHER
            Treat as pin: True
            Is OE Registered: False
            Uses Analog: False
            Can contain Digital: True
            Is SIO: False
            SIO Output Buf: NONREGULATED
            SIO Input Buf: SINGLE_ENDED
            SIO HiFreq: LOW
            SIO Hyst: DISABLED
            SIO Vtrip: MULTIPLIER_0_5
            SIO Multiplier Index: 0
            SIO RefSel: VCC_IO
            Required Capabilities: DIGITAL
            Initial Value: 1
            IO Voltage: 0
        PORT MAP (
            pa_out => \I2C_0:sda(0)\__PA ,
            fb => Net_23 ,
            pad => \I2C_0:sda(0)_PAD\ );
        Properties:
        {
        }

    Pin : Name = \I2C_0:scl(0)\
        Attributes:
            In Group/Port: True
            In Sync Option: NOSYNC
            Out Sync Option: NOSYNC
            Interrupt generated: False
            Interrupt mode: NONE
            Drive mode: OPEN_DRAIN_LO
            VTrip: CMOS
            Slew: FAST
            Input Sync needed: False
            Output Sync needed: False
            SC shield enabled: False
            POR State: ANY
            LCD Mode: COMMON
            Register Mode: RegComb
            CaSense Mode: NEITHER
            Treat as pin: True
            Is OE Registered: False
            Uses Analog: False
            Can contain Digital: True
            Is SIO: False
            SIO Output Buf: NONREGULATED
            SIO Input Buf: SINGLE_ENDED
            SIO HiFreq: LOW
            SIO Hyst: DISABLED
            SIO Vtrip: MULTIPLIER_0_5
            SIO Multiplier Index: 0
            SIO RefSel: VCC_IO
            Required Capabilities: DIGITAL
            Initial Value: 1
            IO Voltage: 0
        PORT MAP (
            pa_out => \I2C_0:scl(0)\__PA ,
            fb => Net_22 ,
            pad => \I2C_0:scl(0)_PAD\ );
        Properties:
        {
        }

    Pin : Name = DIR_FRONT(0)
        Attributes:
            In Group/Port: True
            In Sync Option: AUTO
            Out Sync Option: NOSYNC
            Interrupt generated: False
            Interrupt mode: NONE
            Drive mode: CMOS_OUT
            VTrip: EITHER
            Slew: FAST
            Input Sync needed: False
            Output Sync needed: False
            SC shield enabled: False
            POR State: ANY
            LCD Mode: COMMON
            Register Mode: RegComb
            CaSense Mode: NEITHER
            Treat as pin: True
            Is OE Registered: False
            Uses Analog: False
            Can contain Digital: True
            Is SIO: False
            SIO Output Buf: NONREGULATED
            SIO Input Buf: SINGLE_ENDED
            SIO HiFreq: LOW
            SIO Hyst: DISABLED
            SIO Vtrip: MULTIPLIER_0_5
            SIO Multiplier Index: 0
            SIO RefSel: VCC_IO
            Required Capabilities: DIGITAL
            Initial Value: 0
            IO Voltage: 0
        PORT MAP (
            pa_out => DIR_FRONT(0)__PA ,
            pad => DIR_FRONT(0)_PAD );
        Properties:
        {
        }

    Pin : Name = DIR_FRONT_RIGHT(0)
        Attributes:
            In Group/Port: True
            In Sync Option: AUTO
            Out Sync Option: NOSYNC
            Interrupt generated: False
            Interrupt mode: NONE
            Drive mode: CMOS_OUT
            VTrip: EITHER
            Slew: FAST
            Input Sync needed: False
            Output Sync needed: False
            SC shield enabled: False
            POR State: ANY
            LCD Mode: COMMON
            Register Mode: RegComb
            CaSense Mode: NEITHER
            Treat as pin: True
            Is OE Registered: False
            Uses Analog: False
            Can contain Digital: True
            Is SIO: False
            SIO Output Buf: NONREGULATED
            SIO Input Buf: SINGLE_ENDED
            SIO HiFreq: LOW
            SIO Hyst: DISABLED
            SIO Vtrip: MULTIPLIER_0_5
            SIO Multiplier Index: 0
            SIO RefSel: VCC_IO
            Required Capabilities: DIGITAL
            Initial Value: 0
            IO Voltage: 0
        PORT MAP (
            pa_out => DIR_FRONT_RIGHT(0)__PA ,
            pad => DIR_FRONT_RIGHT(0)_PAD );

    Pin : Name = DIR_REAR(0)
        Attributes:
            In Group/Port: True
            In Sync Option: AUTO
            Out Sync Option: NOSYNC
            Interrupt generated: False
            Interrupt mode: NONE
            Drive mode: CMOS_OUT
            VTrip: EITHER
            Slew: FAST
            Input Sync needed: False
            Output Sync needed: False
            SC shield enabled: False
            POR State: ANY
            LCD Mode: COMMON
            Register Mode: RegComb
            CaSense Mode: NEITHER
            Treat as pin: True
            Is OE Registered: False
            Uses Analog: False
            Can contain Digital: True
            Is SIO: False
            SIO Output Buf: NONREGULATED
            SIO Input Buf: SINGLE_ENDED
            SIO HiFreq: LOW
            SIO Hyst: DISABLED
            SIO Vtrip: MULTIPLIER_0_5
            SIO Multiplier Index: 0
            SIO RefSel: VCC_IO
            Required Capabilities: DIGITAL
            Initial Value: 0
            IO Voltage: 0
        PORT MAP (
            pa_out => DIR_REAR(0)__PA ,
            pad => DIR_REAR(0)_PAD );
        Properties:
        {
        }

    Pin : Name = DIR_REAR_RIGHT(0)
        Attributes:
            In Group/Port: True
            In Sync Option: AUTO
            Out Sync Option: NOSYNC
            Interrupt generated: False
            Interrupt mode: NONE
            Drive mode: CMOS_OUT
            VTrip: EITHER
            Slew: FAST
            Input Sync needed: False
            Output Sync needed: False
            SC shield enabled: False
            POR State: ANY
            LCD Mode: COMMON
            Register Mode: RegComb
            CaSense Mode: NEITHER
            Treat as pin: True
            Is OE Registered: False
            Uses Analog: False
            Can contain Digital: True
            Is SIO: False
            SIO Output Buf: NONREGULATED
            SIO Input Buf: SINGLE_ENDED
            SIO HiFreq: LOW
            SIO Hyst: DISABLED
            SIO Vtrip: MULTIPLIER_0_5
            SIO Multiplier Index: 0
            SIO RefSel: VCC_IO
            Required Capabilities: DIGITAL
            Initial Value: 0
            IO Voltage: 0
        PORT MAP (
            pa_out => DIR_REAR_RIGHT(0)__PA ,
            pad => DIR_REAR_RIGHT(0)_PAD );
        Properties:
        {
        }

    Pin : Name = ENABLE_FRONT_MOTORS(0)
        Attributes:
            In Group/Port: True
            In Sync Option: AUTO
            Out Sync Option: NOSYNC
            Interrupt generated: False
            Interrupt mode: NONE
            Drive mode: CMOS_OUT
            VTrip: EITHER
            Slew: FAST
            Input Sync needed: False
            Output Sync needed: False
            SC shield enabled: False
            POR State: ANY
            LCD Mode: COMMON
            Register Mode: RegComb
            CaSense Mode: NEITHER
            Treat as pin: True
            Is OE Registered: False
            Uses Analog: False
            Can contain Digital: True
            Is SIO: False
            SIO Output Buf: NONREGULATED
            SIO Input Buf: SINGLE_ENDED
            SIO HiFreq: LOW
            SIO Hyst: DISABLED
            SIO Vtrip: MULTIPLIER_0_5
            SIO Multiplier Index: 0
            SIO RefSel: VCC_IO
            Required Capabilities: DIGITAL
            Initial Value: 0
            IO Voltage: 0
        PORT MAP (
            pa_out => ENABLE_FRONT_MOTORS(0)__PA ,
            pad => ENABLE_FRONT_MOTORS(0)_PAD );
        Properties:
        {
        }

    Pin : Name = CURRENT_SENSE_EN(0)
        Attributes:
            In Group/Port: True
            In Sync Option: AUTO
            Out Sync Option: NOSYNC
            Interrupt generated: False
            Interrupt mode: NONE
            Drive mode: CMOS_OUT
            VTrip: EITHER
            Slew: FAST
            Input Sync needed: False
            Output Sync needed: False
            SC shield enabled: False
            POR State: ANY
            LCD Mode: COMMON
            Register Mode: RegComb
            CaSense Mode: NEITHER
            Treat as pin: True
            Is OE Registered: False
            Uses Analog: False
            Can contain Digital: True
            Is SIO: False
            SIO Output Buf: NONREGULATED
            SIO Input Buf: SINGLE_ENDED
            SIO HiFreq: LOW
            SIO Hyst: DISABLED
            SIO Vtrip: MULTIPLIER_0_5
            SIO Multiplier Index: 0
            SIO RefSel: VCC_IO
            Required Capabilities: DIGITAL
            Initial Value: 0
            IO Voltage: 0
        PORT MAP (
            pa_out => CURRENT_SENSE_EN(0)__PA ,
            pad => CURRENT_SENSE_EN(0)_PAD );
        Properties:
        {
        }

    Pin : Name = LED_4(0)
        Attributes:
            In Group/Port: True
            In Sync Option: AUTO
            Out Sync Option: NOSYNC
            Interrupt generated: False
            Interrupt mode: NONE
            Drive mode: CMOS_OUT
            VTrip: EITHER
            Slew: FAST
            Input Sync needed: False
            Output Sync needed: False
            SC shield enabled: False
            POR State: ANY
            LCD Mode: COMMON
            Register Mode: RegComb
            CaSense Mode: NEITHER
            Treat as pin: True
            Is OE Registered: False
            Uses Analog: False
            Can contain Digital: True
            Is SIO: False
            SIO Output Buf: NONREGULATED
            SIO Input Buf: SINGLE_ENDED
            SIO HiFreq: LOW
            SIO Hyst: DISABLED
            SIO Vtrip: MULTIPLIER_0_5
            SIO Multiplier Index: 0
            SIO RefSel: VCC_IO
            Required Capabilities: DIGITAL
            Initial Value: 0
            IO Voltage: 0
        PORT MAP (
            pa_out => LED_4(0)__PA ,
            pad => LED_4(0)_PAD );
        Properties:
        {
        }

    Pin : Name = LED_1(0)
        Attributes:
            In Group/Port: True
            In Sync Option: AUTO
            Out Sync Option: NOSYNC
            Interrupt generated: False
            Interrupt mode: NONE
            Drive mode: CMOS_OUT
            VTrip: EITHER
            Slew: FAST
            Input Sync needed: False
            Output Sync needed: False
            SC shield enabled: False
            POR State: ANY
            LCD Mode: COMMON
            Register Mode: RegComb
            CaSense Mode: NEITHER
            Treat as pin: True
            Is OE Registered: False
            Uses Analog: False
            Can contain Digital: True
            Is SIO: False
            SIO Output Buf: NONREGULATED
            SIO Input Buf: SINGLE_ENDED
            SIO HiFreq: LOW
            SIO Hyst: DISABLED
            SIO Vtrip: MULTIPLIER_0_5
            SIO Multiplier Index: 0
            SIO RefSel: VCC_IO
            Required Capabilities: DIGITAL
            Initial Value: 0
            IO Voltage: 0
        PORT MAP (
            pa_out => LED_1(0)__PA ,
            pad => LED_1(0)_PAD );
        Properties:
        {
        }

    Pin : Name = LED_2(0)
        Attributes:
            In Group/Port: True
            In Sync Option: AUTO
            Out Sync Option: NOSYNC
            Interrupt generated: False
            Interrupt mode: NONE
            Drive mode: CMOS_OUT
            VTrip: EITHER
            Slew: FAST
            Input Sync needed: False
            Output Sync needed: False
            SC shield enabled: False
            POR State: ANY
            LCD Mode: COMMON
            Register Mode: RegComb
            CaSense Mode: NEITHER
            Treat as pin: True
            Is OE Registered: False
            Uses Analog: False
            Can contain Digital: True
            Is SIO: False
            SIO Output Buf: NONREGULATED
            SIO Input Buf: SINGLE_ENDED
            SIO HiFreq: LOW
            SIO Hyst: DISABLED
            SIO Vtrip: MULTIPLIER_0_5
            SIO Multiplier Index: 0
            SIO RefSel: VCC_IO
            Required Capabilities: DIGITAL
            Initial Value: 0
            IO Voltage: 0
        PORT MAP (
            pa_out => LED_2(0)__PA ,
            pad => LED_2(0)_PAD );
        Properties:
        {
        }

    Pin : Name = LED_3(0)
        Attributes:
            In Group/Port: True
            In Sync Option: AUTO
            Out Sync Option: NOSYNC
            Interrupt generated: False
            Interrupt mode: NONE
            Drive mode: CMOS_OUT
            VTrip: EITHER
            Slew: FAST
            Input Sync needed: False
            Output Sync needed: False
            SC shield enabled: False
            POR State: ANY
            LCD Mode: COMMON
            Register Mode: RegComb
            CaSense Mode: NEITHER
            Treat as pin: True
            Is OE Registered: False
            Uses Analog: False
            Can contain Digital: True
            Is SIO: False
            SIO Output Buf: NONREGULATED
            SIO Input Buf: SINGLE_ENDED
            SIO HiFreq: LOW
            SIO Hyst: DISABLED
            SIO Vtrip: MULTIPLIER_0_5
            SIO Multiplier Index: 0
            SIO RefSel: VCC_IO
            Required Capabilities: DIGITAL
            Initial Value: 0
            IO Voltage: 0
        PORT MAP (
            pa_out => LED_3(0)__PA ,
            pad => LED_3(0)_PAD );
        Properties:
        {
        }

    Pin : Name = BUTTON_TILT_EN(0)
        Attributes:
            In Group/Port: True
            In Sync Option: NOSYNC
            Out Sync Option: AUTO
            Interrupt generated: False
            Interrupt mode: NONE
            Drive mode: HI_Z_DIGITAL
            VTrip: CMOS
            Slew: FAST
            Input Sync needed: False
            Output Sync needed: False
            SC shield enabled: False
            POR State: ANY
            LCD Mode: COMMON
            Register Mode: RegComb
            CaSense Mode: NEITHER
            Treat as pin: True
            Is OE Registered: False
            Uses Analog: False
            Can contain Digital: True
            Is SIO: False
            SIO Output Buf: NONREGULATED
            SIO Input Buf: SINGLE_ENDED
            SIO HiFreq: LOW
            SIO Hyst: DISABLED
            SIO Vtrip: MULTIPLIER_0_5
            SIO Multiplier Index: 0
            SIO RefSel: VCC_IO
            Required Capabilities: DIGITAL
            Initial Value: 0
            IO Voltage: 0
        PORT MAP (
            pa_out => BUTTON_TILT_EN(0)__PA ,
            pad => BUTTON_TILT_EN(0)_PAD );
        Properties:
        {
        }

    Pin : Name = BUTTON_MOTOR_EN(0)
        Attributes:
            In Group/Port: True
            In Sync Option: NOSYNC
            Out Sync Option: AUTO
            Interrupt generated: False
            Interrupt mode: NONE
            Drive mode: HI_Z_DIGITAL
            VTrip: CMOS
            Slew: FAST
            Input Sync needed: False
            Output Sync needed: False
            SC shield enabled: False
            POR State: ANY
            LCD Mode: COMMON
            Register Mode: RegComb
            CaSense Mode: NEITHER
            Treat as pin: True
            Is OE Registered: False
            Uses Analog: False
            Can contain Digital: True
            Is SIO: False
            SIO Output Buf: NONREGULATED
            SIO Input Buf: SINGLE_ENDED
            SIO HiFreq: LOW
            SIO Hyst: DISABLED
            SIO Vtrip: MULTIPLIER_0_5
            SIO Multiplier Index: 0
            SIO RefSel: VCC_IO
            Required Capabilities: DIGITAL
            Initial Value: 0
            IO Voltage: 0
        PORT MAP (
            pa_out => BUTTON_MOTOR_EN(0)__PA ,
            pad => BUTTON_MOTOR_EN(0)_PAD );
        Properties:
        {
        }

    Pin : Name = BUTTON_DIR_UP(0)
        Attributes:
            In Group/Port: True
            In Sync Option: NOSYNC
            Out Sync Option: AUTO
            Interrupt generated: False
            Interrupt mode: NONE
            Drive mode: HI_Z_DIGITAL
            VTrip: CMOS
            Slew: FAST
            Input Sync needed: False
            Output Sync needed: False
            SC shield enabled: False
            POR State: ANY
            LCD Mode: COMMON
            Register Mode: RegComb
            CaSense Mode: NEITHER
            Treat as pin: True
            Is OE Registered: False
            Uses Analog: False
            Can contain Digital: True
            Is SIO: False
            SIO Output Buf: NONREGULATED
            SIO Input Buf: SINGLE_ENDED
            SIO HiFreq: LOW
            SIO Hyst: DISABLED
            SIO Vtrip: MULTIPLIER_0_5
            SIO Multiplier Index: 0
            SIO RefSel: VCC_IO
            Required Capabilities: DIGITAL
            Initial Value: 0
            IO Voltage: 0
        PORT MAP (
            pa_out => BUTTON_DIR_UP(0)__PA ,
            pad => BUTTON_DIR_UP(0)_PAD );
        Properties:
        {
        }

    Pin : Name = BUTTON_DIR_DOWN(0)
        Attributes:
            In Group/Port: True
            In Sync Option: NOSYNC
            Out Sync Option: AUTO
            Interrupt generated: False
            Interrupt mode: NONE
            Drive mode: HI_Z_DIGITAL
            VTrip: CMOS
            Slew: FAST
            Input Sync needed: False
            Output Sync needed: False
            SC shield enabled: False
            POR State: ANY
            LCD Mode: COMMON
            Register Mode: RegComb
            CaSense Mode: NEITHER
            Treat as pin: True
            Is OE Registered: False
            Uses Analog: False
            Can contain Digital: True
            Is SIO: False
            SIO Output Buf: NONREGULATED
            SIO Input Buf: SINGLE_ENDED
            SIO HiFreq: LOW
            SIO Hyst: DISABLED
            SIO Vtrip: MULTIPLIER_0_5
            SIO Multiplier Index: 0
            SIO RefSel: VCC_IO
            Required Capabilities: DIGITAL
            Initial Value: 0
            IO Voltage: 0
        PORT MAP (
            pa_out => BUTTON_DIR_DOWN(0)__PA ,
            pad => BUTTON_DIR_DOWN(0)_PAD );
        Properties:
        {
        }

    Pin : Name = ENABLE_REAR_MOTORS(0)
        Attributes:
            In Group/Port: True
            In Sync Option: AUTO
            Out Sync Option: NOSYNC
            Interrupt generated: False
            Interrupt mode: NONE
            Drive mode: CMOS_OUT
            VTrip: EITHER
            Slew: FAST
            Input Sync needed: False
            Output Sync needed: False
            SC shield enabled: False
            POR State: ANY
            LCD Mode: COMMON
            Register Mode: RegComb
            CaSense Mode: NEITHER
            Treat as pin: True
            Is OE Registered: False
            Uses Analog: False
            Can contain Digital: True
            Is SIO: False
            SIO Output Buf: NONREGULATED
            SIO Input Buf: SINGLE_ENDED
            SIO HiFreq: LOW
            SIO Hyst: DISABLED
            SIO Vtrip: MULTIPLIER_0_5
            SIO Multiplier Index: 0
            SIO RefSel: VCC_IO
            Required Capabilities: DIGITAL
            Initial Value: 0
            IO Voltage: 0
        PORT MAP (
            pa_out => ENABLE_REAR_MOTORS(0)__PA ,
            pad => ENABLE_REAR_MOTORS(0)_PAD );
        Properties:
        {
        }

    Pin : Name = IMU_RST(0)
        Attributes:
            In Group/Port: True
            In Sync Option: AUTO
            Out Sync Option: NOSYNC
            Interrupt generated: False
            Interrupt mode: NONE
            Drive mode: CMOS_OUT
            VTrip: EITHER
            Slew: FAST
            Input Sync needed: False
            Output Sync needed: False
            SC shield enabled: False
            POR State: ANY
            LCD Mode: COMMON
            Register Mode: RegComb
            CaSense Mode: NEITHER
            Treat as pin: True
            Is OE Registered: False
            Uses Analog: False
            Can contain Digital: True
            Is SIO: False
            SIO Output Buf: NONREGULATED
            SIO Input Buf: SINGLE_ENDED
            SIO HiFreq: LOW
            SIO Hyst: DISABLED
            SIO Vtrip: MULTIPLIER_0_5
            SIO Multiplier Index: 0
            SIO RefSel: VCC_IO
            Required Capabilities: DIGITAL
            Initial Value: 0
            IO Voltage: 0
        PORT MAP (
            pa_out => IMU_RST(0)__PA ,
            pad => IMU_RST(0)_PAD );
        Properties:
        {
        }

    Pin : Name = LIMIT_SWITCH_1(0)
        Attributes:
            In Group/Port: True
            In Sync Option: NOSYNC
            Out Sync Option: AUTO
            Interrupt generated: False
            Interrupt mode: NONE
            Drive mode: HI_Z_DIGITAL
            VTrip: CMOS
            Slew: FAST
            Input Sync needed: False
            Output Sync needed: False
            SC shield enabled: False
            POR State: ANY
            LCD Mode: COMMON
            Register Mode: RegComb
            CaSense Mode: NEITHER
            Treat as pin: True
            Is OE Registered: False
            Uses Analog: False
            Can contain Digital: True
            Is SIO: False
            SIO Output Buf: NONREGULATED
            SIO Input Buf: SINGLE_ENDED
            SIO HiFreq: LOW
            SIO Hyst: DISABLED
            SIO Vtrip: MULTIPLIER_0_5
            SIO Multiplier Index: 0
            SIO RefSel: VCC_IO
            Required Capabilities: DIGITAL, ROUTABLE
            Initial Value: 0
            IO Voltage: 0
        PORT MAP (
            pa_out => LIMIT_SWITCH_1(0)__PA ,
            fb => Net_7615 ,
            pad => LIMIT_SWITCH_1(0)_PAD );
        Properties:
        {
        }

    Pin : Name = BUZZER_EN(0)
        Attributes:
            In Group/Port: True
            In Sync Option: AUTO
            Out Sync Option: NOSYNC
            Interrupt generated: False
            Interrupt mode: NONE
            Drive mode: CMOS_OUT
            VTrip: EITHER
            Slew: FAST
            Input Sync needed: False
            Output Sync needed: False
            SC shield enabled: False
            POR State: ANY
            LCD Mode: COMMON
            Register Mode: RegComb
            CaSense Mode: NEITHER
            Treat as pin: True
            Is OE Registered: False
            Uses Analog: False
            Can contain Digital: True
            Is SIO: False
            SIO Output Buf: NONREGULATED
            SIO Input Buf: SINGLE_ENDED
            SIO HiFreq: LOW
            SIO Hyst: DISABLED
            SIO Vtrip: MULTIPLIER_0_5
            SIO Multiplier Index: 0
            SIO RefSel: VCC_IO
            Required Capabilities: DIGITAL
            Initial Value: 0
            IO Voltage: 0
        PORT MAP (
            pa_out => BUZZER_EN(0)__PA ,
            pad => BUZZER_EN(0)_PAD );
        Properties:
        {
        }

    Pin : Name = LIMIT_SWITCH_4(0)
        Attributes:
            In Group/Port: True
            In Sync Option: NOSYNC
            Out Sync Option: AUTO
            Interrupt generated: False
            Interrupt mode: NONE
            Drive mode: HI_Z_DIGITAL
            VTrip: CMOS
            Slew: FAST
            Input Sync needed: False
            Output Sync needed: False
            SC shield enabled: False
            POR State: ANY
            LCD Mode: COMMON
            Register Mode: RegComb
            CaSense Mode: NEITHER
            Treat as pin: True
            Is OE Registered: False
            Uses Analog: False
            Can contain Digital: True
            Is SIO: False
            SIO Output Buf: NONREGULATED
            SIO Input Buf: SINGLE_ENDED
            SIO HiFreq: LOW
            SIO Hyst: DISABLED
            SIO Vtrip: MULTIPLIER_0_5
            SIO Multiplier Index: 0
            SIO RefSel: VCC_IO
            Required Capabilities: DIGITAL, ROUTABLE
            Initial Value: 0
            IO Voltage: 0
        PORT MAP (
            pa_out => LIMIT_SWITCH_4(0)__PA ,
            fb => Net_7618 ,
            pad => LIMIT_SWITCH_4(0)_PAD );
        Properties:
        {
        }

    Pin : Name = LIMIT_SWITCH_3(0)
        Attributes:
            In Group/Port: True
            In Sync Option: NOSYNC
            Out Sync Option: AUTO
            Interrupt generated: False
            Interrupt mode: NONE
            Drive mode: HI_Z_DIGITAL
            VTrip: CMOS
            Slew: FAST
            Input Sync needed: False
            Output Sync needed: False
            SC shield enabled: False
            POR State: ANY
            LCD Mode: COMMON
            Register Mode: RegComb
            CaSense Mode: NEITHER
            Treat as pin: True
            Is OE Registered: False
            Uses Analog: False
            Can contain Digital: True
            Is SIO: False
            SIO Output Buf: NONREGULATED
            SIO Input Buf: SINGLE_ENDED
            SIO HiFreq: LOW
            SIO Hyst: DISABLED
            SIO Vtrip: MULTIPLIER_0_5
            SIO Multiplier Index: 0
            SIO RefSel: VCC_IO
            Required Capabilities: DIGITAL, ROUTABLE
            Initial Value: 0
            IO Voltage: 0
        PORT MAP (
            pa_out => LIMIT_SWITCH_3(0)__PA ,
            fb => Net_7617 ,
            pad => LIMIT_SWITCH_3(0)_PAD );
        Properties:
        {
        }

    Pin : Name = LIMIT_SWITCH_2(0)
        Attributes:
            In Group/Port: True
            In Sync Option: NOSYNC
            Out Sync Option: AUTO
            Interrupt generated: False
            Interrupt mode: NONE
            Drive mode: HI_Z_DIGITAL
            VTrip: CMOS
            Slew: FAST
            Input Sync needed: False
            Output Sync needed: False
            SC shield enabled: False
            POR State: ANY
            LCD Mode: COMMON
            Register Mode: RegComb
            CaSense Mode: NEITHER
            Treat as pin: True
            Is OE Registered: False
            Uses Analog: False
            Can contain Digital: True
            Is SIO: False
            SIO Output Buf: NONREGULATED
            SIO Input Buf: SINGLE_ENDED
            SIO HiFreq: LOW
            SIO Hyst: DISABLED
            SIO Vtrip: MULTIPLIER_0_5
            SIO Multiplier Index: 0
            SIO RefSel: VCC_IO
            Required Capabilities: DIGITAL, ROUTABLE
            Initial Value: 0
            IO Voltage: 0
        PORT MAP (
            pa_out => LIMIT_SWITCH_2(0)__PA ,
            fb => Net_7616 ,
            pad => LIMIT_SWITCH_2(0)_PAD );
        Properties:
        {
        }

    Pin : Name = BUZZER_PWM(0)
        Attributes:
            In Group/Port: True
            In Sync Option: AUTO
            Out Sync Option: NOSYNC
            Interrupt generated: False
            Interrupt mode: NONE
            Drive mode: CMOS_OUT
            VTrip: EITHER
            Slew: FAST
            Input Sync needed: False
            Output Sync needed: False
            SC shield enabled: False
            POR State: ANY
            LCD Mode: COMMON
            Register Mode: RegComb
            CaSense Mode: NEITHER
            Treat as pin: True
            Is OE Registered: False
            Uses Analog: False
            Can contain Digital: True
            Is SIO: False
            SIO Output Buf: NONREGULATED
            SIO Input Buf: SINGLE_ENDED
            SIO HiFreq: LOW
            SIO Hyst: DISABLED
            SIO Vtrip: MULTIPLIER_0_5
            SIO Multiplier Index: 0
            SIO RefSel: VCC_IO
            Required Capabilities: DIGITAL, ROUTABLE
            Initial Value: 1
            IO Voltage: 0
        PORT MAP (
            pa_out => BUZZER_PWM(0)__PA ,
            pin_input => Net_1020 ,
            pad => BUZZER_PWM(0)_PAD );
        Properties:
        {
        }

    Pin : Name = GPIO_13(0)
        Attributes:
            In Group/Port: True
            In Sync Option: AUTO
            Out Sync Option: NOSYNC
            Interrupt generated: False
            Interrupt mode: NONE
            Drive mode: CMOS_OUT
            VTrip: EITHER
            Slew: FAST
            Input Sync needed: False
            Output Sync needed: False
            SC shield enabled: False
            POR State: ANY
            LCD Mode: COMMON
            Register Mode: RegComb
            CaSense Mode: NEITHER
            Treat as pin: True
            Is OE Registered: False
            Uses Analog: False
            Can contain Digital: True
            Is SIO: False
            SIO Output Buf: NONREGULATED
            SIO Input Buf: SINGLE_ENDED
            SIO HiFreq: LOW
            SIO Hyst: DISABLED
            SIO Vtrip: MULTIPLIER_0_5
            SIO Multiplier Index: 0
            SIO RefSel: VCC_IO
            Required Capabilities: DIGITAL
            Initial Value: 0
            IO Voltage: 0
        PORT MAP (
            pa_out => GPIO_13(0)__PA ,
            pad => GPIO_13(0)_PAD );
        Properties:
        {
        }

    Pin : Name = PSOC_ALERT(0)
        Attributes:
            In Group/Port: True
            In Sync Option: AUTO
            Out Sync Option: NOSYNC
            Interrupt generated: False
            Interrupt mode: NONE
            Drive mode: CMOS_OUT
            VTrip: EITHER
            Slew: FAST
            Input Sync needed: False
            Output Sync needed: False
            SC shield enabled: False
            POR State: ANY
            LCD Mode: COMMON
            Register Mode: RegComb
            CaSense Mode: NEITHER
            Treat as pin: True
            Is OE Registered: False
            Uses Analog: False
            Can contain Digital: True
            Is SIO: False
            SIO Output Buf: NONREGULATED
            SIO Input Buf: SINGLE_ENDED
            SIO HiFreq: LOW
            SIO Hyst: DISABLED
            SIO Vtrip: MULTIPLIER_0_5
            SIO Multiplier Index: 0
            SIO RefSel: VCC_IO
            Required Capabilities: DIGITAL
            Initial Value: 0
            IO Voltage: 0
        PORT MAP (
            pa_out => PSOC_ALERT(0)__PA ,
            pad => PSOC_ALERT(0)_PAD );
        Properties:
        {
        }

    Pin : Name = GPIO_36(0)
        Attributes:
            In Group/Port: True
            In Sync Option: AUTO
            Out Sync Option: NOSYNC
            Interrupt generated: False
            Interrupt mode: NONE
            Drive mode: CMOS_OUT
            VTrip: EITHER
            Slew: FAST
            Input Sync needed: False
            Output Sync needed: False
            SC shield enabled: False
            POR State: ANY
            LCD Mode: COMMON
            Register Mode: RegComb
            CaSense Mode: NEITHER
            Treat as pin: True
            Is OE Registered: False
            Uses Analog: False
            Can contain Digital: True
            Is SIO: False
            SIO Output Buf: NONREGULATED
            SIO Input Buf: SINGLE_ENDED
            SIO HiFreq: LOW
            SIO Hyst: DISABLED
            SIO Vtrip: MULTIPLIER_0_5
            SIO Multiplier Index: 0
            SIO RefSel: VCC_IO
            Required Capabilities: DIGITAL
            Initial Value: 0
            IO Voltage: 0
        PORT MAP (
            pa_out => GPIO_36(0)__PA ,
            pad => GPIO_36(0)_PAD );
        Properties:
        {
        }

    Pin : Name = GPIO_30(0)
        Attributes:
            In Group/Port: True
            In Sync Option: AUTO
            Out Sync Option: NOSYNC
            Interrupt generated: False
            Interrupt mode: NONE
            Drive mode: CMOS_OUT
            VTrip: EITHER
            Slew: FAST
            Input Sync needed: False
            Output Sync needed: False
            SC shield enabled: False
            POR State: ANY
            LCD Mode: COMMON
            Register Mode: RegComb
            CaSense Mode: NEITHER
            Treat as pin: True
            Is OE Registered: False
            Uses Analog: False
            Can contain Digital: True
            Is SIO: False
            SIO Output Buf: NONREGULATED
            SIO Input Buf: SINGLE_ENDED
            SIO HiFreq: LOW
            SIO Hyst: DISABLED
            SIO Vtrip: MULTIPLIER_0_5
            SIO Multiplier Index: 0
            SIO RefSel: VCC_IO
            Required Capabilities: DIGITAL
            Initial Value: 0
            IO Voltage: 0
        PORT MAP (
            pa_out => GPIO_30(0)__PA ,
            pad => GPIO_30(0)_PAD );
        Properties:
        {
        }

    Pin : Name = CURRENT_SENSE_1(0)
        Attributes:
            In Group/Port: True
            In Sync Option: NOSYNC
            Out Sync Option: AUTO
            Interrupt generated: False
            Interrupt mode: NONE
            Drive mode: HI_Z_DIGITAL
            VTrip: CMOS
            Slew: FAST
            Input Sync needed: False
            Output Sync needed: False
            SC shield enabled: False
            POR State: ANY
            LCD Mode: COMMON
            Register Mode: RegComb
            CaSense Mode: NEITHER
            Treat as pin: True
            Is OE Registered: False
            Uses Analog: False
            Can contain Digital: True
            Is SIO: False
            SIO Output Buf: NONREGULATED
            SIO Input Buf: SINGLE_ENDED
            SIO HiFreq: LOW
            SIO Hyst: DISABLED
            SIO Vtrip: MULTIPLIER_0_5
            SIO Multiplier Index: 0
            SIO RefSel: VCC_IO
            Required Capabilities: DIGITAL, ROUTABLE
            Initial Value: 0
            IO Voltage: 0
        PORT MAP (
            pa_out => CURRENT_SENSE_1(0)__PA ,
            fb => Net_520 ,
            pad => CURRENT_SENSE_1(0)_PAD );
        Properties:
        {
        }

    Pin : Name = CURRENT_SENSE_2(0)
        Attributes:
            In Group/Port: True
            In Sync Option: NOSYNC
            Out Sync Option: AUTO
            Interrupt generated: False
            Interrupt mode: NONE
            Drive mode: HI_Z_DIGITAL
            VTrip: CMOS
            Slew: FAST
            Input Sync needed: False
            Output Sync needed: False
            SC shield enabled: False
            POR State: ANY
            LCD Mode: COMMON
            Register Mode: RegComb
            CaSense Mode: NEITHER
            Treat as pin: True
            Is OE Registered: False
            Uses Analog: False
            Can contain Digital: True
            Is SIO: False
            SIO Output Buf: NONREGULATED
            SIO Input Buf: SINGLE_ENDED
            SIO HiFreq: LOW
            SIO Hyst: DISABLED
            SIO Vtrip: MULTIPLIER_0_5
            SIO Multiplier Index: 0
            SIO RefSel: VCC_IO
            Required Capabilities: DIGITAL, ROUTABLE
            Initial Value: 0
            IO Voltage: 0
        PORT MAP (
            pa_out => CURRENT_SENSE_2(0)__PA ,
            fb => Net_581 ,
            pad => CURRENT_SENSE_2(0)_PAD );
        Properties:
        {
        }

    Pin : Name = CURRENT_SENSE_3(0)
        Attributes:
            In Group/Port: True
            In Sync Option: NOSYNC
            Out Sync Option: AUTO
            Interrupt generated: False
            Interrupt mode: NONE
            Drive mode: HI_Z_DIGITAL
            VTrip: CMOS
            Slew: FAST
            Input Sync needed: False
            Output Sync needed: False
            SC shield enabled: False
            POR State: ANY
            LCD Mode: COMMON
            Register Mode: RegComb
            CaSense Mode: NEITHER
            Treat as pin: True
            Is OE Registered: False
            Uses Analog: False
            Can contain Digital: True
            Is SIO: False
            SIO Output Buf: NONREGULATED
            SIO Input Buf: SINGLE_ENDED
            SIO HiFreq: LOW
            SIO Hyst: DISABLED
            SIO Vtrip: MULTIPLIER_0_5
            SIO Multiplier Index: 0
            SIO RefSel: VCC_IO
            Required Capabilities: DIGITAL, ROUTABLE
            Initial Value: 0
            IO Voltage: 0
        PORT MAP (
            pa_out => CURRENT_SENSE_3(0)__PA ,
            fb => Net_594 ,
            pad => CURRENT_SENSE_3(0)_PAD );
        Properties:
        {
        }

    Pin : Name = CURRENT_SENSE_4(0)
        Attributes:
            In Group/Port: True
            In Sync Option: NOSYNC
            Out Sync Option: AUTO
            Interrupt generated: False
            Interrupt mode: NONE
            Drive mode: HI_Z_DIGITAL
            VTrip: CMOS
            Slew: FAST
            Input Sync needed: False
            Output Sync needed: False
            SC shield enabled: False
            POR State: ANY
            LCD Mode: COMMON
            Register Mode: RegComb
            CaSense Mode: NEITHER
            Treat as pin: True
            Is OE Registered: False
            Uses Analog: False
            Can contain Digital: True
            Is SIO: False
            SIO Output Buf: NONREGULATED
            SIO Input Buf: SINGLE_ENDED
            SIO HiFreq: LOW
            SIO Hyst: DISABLED
            SIO Vtrip: MULTIPLIER_0_5
            SIO Multiplier Index: 0
            SIO RefSel: VCC_IO
            Required Capabilities: DIGITAL, ROUTABLE
            Initial Value: 0
            IO Voltage: 0
        PORT MAP (
            pa_out => CURRENT_SENSE_4(0)__PA ,
            fb => Net_607 ,
            pad => CURRENT_SENSE_4(0)_PAD );
        Properties:
        {
        }
    </CYPRESSTAG>
    <CYPRESSTAG name="Macrocell listing" icon="FILE_RPT_EQUATION">

    ------------------------------------------------------------
    Macrocell listing
    ------------------------------------------------------------

    MacroCell: Name=\PWM_REAR_0:PWMUDB:status_2\, Mode=(Combinatorial)
        Total # of inputs        : 2
        Total # of product terms : 1
            Clock Enable: True
        Main Equation            : 1 pterm
        (
              \PWM_REAR_0:PWMUDB:runmode_enable\ * \PWM_REAR_0:PWMUDB:tc_i\
        );
        Output = \PWM_REAR_0:PWMUDB:status_2\ (fanout=1)

    MacroCell: Name=\BUZZER_PWM_0:PWMUDB:status_2\, Mode=(Combinatorial)
        Total # of inputs        : 2
        Total # of product terms : 1
            Clock Enable: True
        Main Equation            : 1 pterm
        (
              \BUZZER_PWM_0:PWMUDB:runmode_enable\ * 
              \BUZZER_PWM_0:PWMUDB:tc_i\
        );
        Output = \BUZZER_PWM_0:PWMUDB:status_2\ (fanout=1)

    MacroCell: Name=\PWM_FRONT_0:PWMUDB:status_2\, Mode=(Combinatorial)
        Total # of inputs        : 2
        Total # of product terms : 1
            Clock Enable: True
        Main Equation            : 1 pterm
        (
              \PWM_FRONT_0:PWMUDB:runmode_enable\ * \PWM_FRONT_0:PWMUDB:tc_i\
        );
        Output = \PWM_FRONT_0:PWMUDB:status_2\ (fanout=1)

    MacroCell: Name=\PWM_REAR_0:PWMUDB:runmode_enable\, Mode=(D-Register)
        Total # of inputs        : 1
        Total # of product terms : 1
        List of special equations: 
            Clock  = (Net_45_digital) => Global
            Clock Enable: True
        Main Equation            : 1 pterm
        (
              \PWM_REAR_0:PWMUDB:control_7\
        );
        Output = \PWM_REAR_0:PWMUDB:runmode_enable\ (fanout=3)

    MacroCell: Name=\PWM_REAR_0:PWMUDB:prevCompare1\, Mode=(D-Register)
        Total # of inputs        : 1
        Total # of product terms : 1
        List of special equations: 
            Clock  = (Net_45_digital) => Global
            Clock Enable: True
        Main Equation            : 1 pterm
        (
              \PWM_REAR_0:PWMUDB:cmp1_less\
        );
        Output = \PWM_REAR_0:PWMUDB:prevCompare1\ (fanout=1)

    MacroCell: Name=\PWM_REAR_0:PWMUDB:status_0\, Mode=(D-Register)
        Total # of inputs        : 2
        Total # of product terms : 1
        List of special equations: 
            Clock  = (Net_45_digital) => Global
            Clock Enable: True
        Main Equation            : 1 pterm
        (
              !\PWM_REAR_0:PWMUDB:prevCompare1\ * 
              \PWM_REAR_0:PWMUDB:cmp1_less\
        );
        Output = \PWM_REAR_0:PWMUDB:status_0\ (fanout=1)

    MacroCell: Name=Net_231, Mode=(D-Register)
        Total # of inputs        : 2
        Total # of product terms : 1
        List of special equations: 
            Clock  = (Net_45_digital) => Global
            Clock Enable: True
        Main Equation            : 1 pterm
        (
              \PWM_REAR_0:PWMUDB:runmode_enable\ * 
              \PWM_REAR_0:PWMUDB:cmp1_less\
        );
        Output = Net_231 (fanout=1)

    MacroCell: Name=\BUZZER_PWM_0:PWMUDB:runmode_enable\, Mode=(D-Register)
        Total # of inputs        : 1
        Total # of product terms : 1
        List of special equations: 
            Clock  = (Net_45_digital) => Global
            Clock Enable: True
        Main Equation            : 1 pterm
        (
              \BUZZER_PWM_0:PWMUDB:control_7\
        );
        Output = \BUZZER_PWM_0:PWMUDB:runmode_enable\ (fanout=3)

    MacroCell: Name=\BUZZER_PWM_0:PWMUDB:prevCompare1\, Mode=(D-Register)
        Total # of inputs        : 1
        Total # of product terms : 1
        List of special equations: 
            Clock  = (Net_45_digital) => Global
            Clock Enable: True
        Main Equation            : 1 pterm
        (
              \BUZZER_PWM_0:PWMUDB:cmp1_less\
        );
        Output = \BUZZER_PWM_0:PWMUDB:prevCompare1\ (fanout=1)

    MacroCell: Name=\BUZZER_PWM_0:PWMUDB:status_0\, Mode=(D-Register)
        Total # of inputs        : 2
        Total # of product terms : 1
        List of special equations: 
            Clock  = (Net_45_digital) => Global
            Clock Enable: True
        Main Equation            : 1 pterm
        (
              !\BUZZER_PWM_0:PWMUDB:prevCompare1\ * 
              \BUZZER_PWM_0:PWMUDB:cmp1_less\
        );
        Output = \BUZZER_PWM_0:PWMUDB:status_0\ (fanout=1)

    MacroCell: Name=Net_1020, Mode=(D-Register)
        Total # of inputs        : 2
        Total # of product terms : 1
        List of special equations: 
            Clock  = (Net_45_digital) => Global
            Clock Enable: True
        Main Equation            : 1 pterm
        (
              \BUZZER_PWM_0:PWMUDB:runmode_enable\ * 
              \BUZZER_PWM_0:PWMUDB:cmp1_less\
        );
        Output = Net_1020 (fanout=1)

    MacroCell: Name=\PWM_FRONT_0:PWMUDB:runmode_enable\, Mode=(D-Register)
        Total # of inputs        : 1
        Total # of product terms : 1
        List of special equations: 
            Clock  = (Net_45_digital) => Global
            Clock Enable: True
        Main Equation            : 1 pterm
        (
              \PWM_FRONT_0:PWMUDB:control_7\
        );
        Output = \PWM_FRONT_0:PWMUDB:runmode_enable\ (fanout=3)

    MacroCell: Name=\PWM_FRONT_0:PWMUDB:prevCompare1\, Mode=(D-Register)
        Total # of inputs        : 1
        Total # of product terms : 1
        List of special equations: 
            Clock  = (Net_45_digital) => Global
            Clock Enable: True
        Main Equation            : 1 pterm
        (
              \PWM_FRONT_0:PWMUDB:cmp1_less\
        );
        Output = \PWM_FRONT_0:PWMUDB:prevCompare1\ (fanout=1)

    MacroCell: Name=\PWM_FRONT_0:PWMUDB:status_0\, Mode=(D-Register)
        Total # of inputs        : 2
        Total # of product terms : 1
        List of special equations: 
            Clock  = (Net_45_digital) => Global
            Clock Enable: True
        Main Equation            : 1 pterm
        (
              !\PWM_FRONT_0:PWMUDB:prevCompare1\ * 
              \PWM_FRONT_0:PWMUDB:cmp1_less\
        );
        Output = \PWM_FRONT_0:PWMUDB:status_0\ (fanout=1)

    MacroCell: Name=Net_34, Mode=(D-Register)
        Total # of inputs        : 2
        Total # of product terms : 1
        List of special equations: 
            Clock  = (Net_45_digital) => Global
            Clock Enable: True
        Main Equation            : 1 pterm
        (
              \PWM_FRONT_0:PWMUDB:runmode_enable\ * 
              \PWM_FRONT_0:PWMUDB:cmp1_less\
        );
        Output = Net_34 (fanout=1)
    </CYPRESSTAG>
    <CYPRESSTAG name="Datapath listing">

    ------------------------------------------------------------
    Datapath listing
    ------------------------------------------------------------

    datapathcell: Name =\PWM_REAR_0:PWMUDB:sP8:pwmdp:u0\
        PORT MAP (
            clock => Net_45_digital ,
            cs_addr_2 => \PWM_REAR_0:PWMUDB:tc_i\ ,
            cs_addr_1 => \PWM_REAR_0:PWMUDB:runmode_enable\ ,
            cl0_comb => \PWM_REAR_0:PWMUDB:cmp1_less\ ,
            z0_comb => \PWM_REAR_0:PWMUDB:tc_i\ ,
            f1_blk_stat_comb => \PWM_REAR_0:PWMUDB:status_3\ );
        Properties:
        {
            a0_init = "00000000"
            a1_init = "00000000"
            ce0_sync = 1
            ce1_sync = 1
            cl0_sync = 1
            cl1_sync = 1
            cmsb_sync = 1
            co_msb_sync = 1
            cy_dpconfig = "0000000001000000000000001100000001000000010000000000000011000000000000001100000000000000110000000000000011000000000000001100000011111111000000001111111111111111101000000000000000000100000000000000000000011000"
            d0_init = "00000000"
            d1_init = "00000000"
            f0_blk_sync = 1
            f0_bus_sync = 1
            f1_blk_sync = 1
            f1_bus_sync = 1
            ff0_sync = 1
            ff1_sync = 1
            ov_msb_sync = 1
            so_sync = 1
            z0_sync = 1
            z1_sync = 1
        }
        Clock Polarity: Active High
        Clock Enable: True

    datapathcell: Name =\BUZZER_PWM_0:PWMUDB:sP8:pwmdp:u0\
        PORT MAP (
            clock => Net_45_digital ,
            cs_addr_2 => \BUZZER_PWM_0:PWMUDB:tc_i\ ,
            cs_addr_1 => \BUZZER_PWM_0:PWMUDB:runmode_enable\ ,
            cl0_comb => \BUZZER_PWM_0:PWMUDB:cmp1_less\ ,
            z0_comb => \BUZZER_PWM_0:PWMUDB:tc_i\ ,
            f1_blk_stat_comb => \BUZZER_PWM_0:PWMUDB:status_3\ );
        Properties:
        {
            a0_init = "00000000"
            a1_init = "00000000"
            ce0_sync = 1
            ce1_sync = 1
            cl0_sync = 1
            cl1_sync = 1
            cmsb_sync = 1
            co_msb_sync = 1
            cy_dpconfig = "0000000001000000000000001100000001000000010000000000000011000000000000001100000000000000110000000000000011000000000000001100000011111111000000001111111111111111101000000000000000000100000000000000000000011000"
            d0_init = "00000000"
            d1_init = "00000000"
            f0_blk_sync = 1
            f0_bus_sync = 1
            f1_blk_sync = 1
            f1_bus_sync = 1
            ff0_sync = 1
            ff1_sync = 1
            ov_msb_sync = 1
            so_sync = 1
            z0_sync = 1
            z1_sync = 1
        }
        Clock Polarity: Active High
        Clock Enable: True

    datapathcell: Name =\PWM_FRONT_0:PWMUDB:sP8:pwmdp:u0\
        PORT MAP (
            clock => Net_45_digital ,
            cs_addr_2 => \PWM_FRONT_0:PWMUDB:tc_i\ ,
            cs_addr_1 => \PWM_FRONT_0:PWMUDB:runmode_enable\ ,
            cl0_comb => \PWM_FRONT_0:PWMUDB:cmp1_less\ ,
            z0_comb => \PWM_FRONT_0:PWMUDB:tc_i\ ,
            f1_blk_stat_comb => \PWM_FRONT_0:PWMUDB:status_3\ );
        Properties:
        {
            a0_init = "00000000"
            a1_init = "00000000"
            ce0_sync = 1
            ce1_sync = 1
            cl0_sync = 1
            cl1_sync = 1
            cmsb_sync = 1
            co_msb_sync = 1
            cy_dpconfig = "0000000001000000000000001100000001000000010000000000000011000000000000001100000000000000110000000000000011000000000000001100000011111111000000001111111111111111101000000000000000000100000000000000000000011000"
            d0_init = "00000000"
            d1_init = "00000000"
            f0_blk_sync = 1
            f0_bus_sync = 1
            f1_blk_sync = 1
            f1_bus_sync = 1
            ff0_sync = 1
            ff1_sync = 1
            ov_msb_sync = 1
            so_sync = 1
            z0_sync = 1
            z1_sync = 1
        }
        Clock Polarity: Active High
        Clock Enable: True
    </CYPRESSTAG>
    <CYPRESSTAG name="Status register listing">
    </CYPRESSTAG>
    <CYPRESSTAG name="StatusI register listing">

    ------------------------------------------------------------
    StatusI register listing
    ------------------------------------------------------------

    statusicell: Name =\PWM_REAR_0:PWMUDB:genblk8:stsreg\
        PORT MAP (
            clock => Net_45_digital ,
            status_3 => \PWM_REAR_0:PWMUDB:status_3\ ,
            status_2 => \PWM_REAR_0:PWMUDB:status_2\ ,
            status_0 => \PWM_REAR_0:PWMUDB:status_0\ );
        Properties:
        {
            cy_force_order = 1
            cy_int_mask = "1111111"
            cy_md_select = "0100111"
        }
        Clock Polarity: Active High
        Clock Enable: True

    statusicell: Name =\BUZZER_PWM_0:PWMUDB:genblk8:stsreg\
        PORT MAP (
            clock => Net_45_digital ,
            status_3 => \BUZZER_PWM_0:PWMUDB:status_3\ ,
            status_2 => \BUZZER_PWM_0:PWMUDB:status_2\ ,
            status_0 => \BUZZER_PWM_0:PWMUDB:status_0\ );
        Properties:
        {
            cy_force_order = 1
            cy_int_mask = "1111111"
            cy_md_select = "0100111"
        }
        Clock Polarity: Active High
        Clock Enable: True

    statusicell: Name =\PWM_FRONT_0:PWMUDB:genblk8:stsreg\
        PORT MAP (
            clock => Net_45_digital ,
            status_3 => \PWM_FRONT_0:PWMUDB:status_3\ ,
            status_2 => \PWM_FRONT_0:PWMUDB:status_2\ ,
            status_0 => \PWM_FRONT_0:PWMUDB:status_0\ );
        Properties:
        {
            cy_force_order = 1
            cy_int_mask = "1111111"
            cy_md_select = "0100111"
        }
        Clock Polarity: Active High
        Clock Enable: True
    </CYPRESSTAG>
    <CYPRESSTAG name="Sync listing">
    </CYPRESSTAG>
    <CYPRESSTAG name="Control register listing">

    ------------------------------------------------------------
    Control register listing
    ------------------------------------------------------------

    controlcell: Name =\PWM_REAR_0:PWMUDB:genblk1:ctrlreg\
        PORT MAP (
            clock => Net_45_digital ,
            control_7 => \PWM_REAR_0:PWMUDB:control_7\ ,
            control_6 => \PWM_REAR_0:PWMUDB:control_6\ ,
            control_5 => \PWM_REAR_0:PWMUDB:control_5\ ,
            control_4 => \PWM_REAR_0:PWMUDB:control_4\ ,
            control_3 => \PWM_REAR_0:PWMUDB:control_3\ ,
            control_2 => \PWM_REAR_0:PWMUDB:control_2\ ,
            control_1 => \PWM_REAR_0:PWMUDB:control_1\ ,
            control_0 => \PWM_REAR_0:PWMUDB:control_0\ );
        Properties:
        {
            cy_ctrl_mode_0 = "11111111"
            cy_ctrl_mode_1 = "00000000"
            cy_ext_reset = 0
            cy_force_order = 1
            cy_init_value = "00000000"
        }
        Clock Polarity: Active High
        Clock Enable: True

    controlcell: Name =\BUZZER_PWM_0:PWMUDB:genblk1:ctrlreg\
        PORT MAP (
            clock => Net_45_digital ,
            control_7 => \BUZZER_PWM_0:PWMUDB:control_7\ ,
            control_6 => \BUZZER_PWM_0:PWMUDB:control_6\ ,
            control_5 => \BUZZER_PWM_0:PWMUDB:control_5\ ,
            control_4 => \BUZZER_PWM_0:PWMUDB:control_4\ ,
            control_3 => \BUZZER_PWM_0:PWMUDB:control_3\ ,
            control_2 => \BUZZER_PWM_0:PWMUDB:control_2\ ,
            control_1 => \BUZZER_PWM_0:PWMUDB:control_1\ ,
            control_0 => \BUZZER_PWM_0:PWMUDB:control_0\ );
        Properties:
        {
            cy_ctrl_mode_0 = "11111111"
            cy_ctrl_mode_1 = "00000000"
            cy_ext_reset = 0
            cy_force_order = 1
            cy_init_value = "00000000"
        }
        Clock Polarity: Active High
        Clock Enable: True

    controlcell: Name =\PWM_FRONT_0:PWMUDB:genblk1:ctrlreg\
        PORT MAP (
            clock => Net_45_digital ,
            control_7 => \PWM_FRONT_0:PWMUDB:control_7\ ,
            control_6 => \PWM_FRONT_0:PWMUDB:control_6\ ,
            control_5 => \PWM_FRONT_0:PWMUDB:control_5\ ,
            control_4 => \PWM_FRONT_0:PWMUDB:control_4\ ,
            control_3 => \PWM_FRONT_0:PWMUDB:control_3\ ,
            control_2 => \PWM_FRONT_0:PWMUDB:control_2\ ,
            control_1 => \PWM_FRONT_0:PWMUDB:control_1\ ,
            control_0 => \PWM_FRONT_0:PWMUDB:control_0\ );
        Properties:
        {
            cy_ctrl_mode_0 = "11111111"
            cy_ctrl_mode_1 = "00000000"
            cy_ext_reset = 0
            cy_force_order = 1
            cy_init_value = "00000000"
        }
        Clock Polarity: Active High
        Clock Enable: True
    </CYPRESSTAG>
    <CYPRESSTAG name="Count7 listing">
    </CYPRESSTAG>
    <CYPRESSTAG name="DRQ listing">
    </CYPRESSTAG>
    <CYPRESSTAG name="Interrupt listing">

    ------------------------------------------------------------
    Interrupt listing
    ------------------------------------------------------------

    interrupt: Name =\I2C_0:SCB_IRQ\
        PORT MAP (
            interrupt => Net_6 );
        Properties:
        {
            int_type = "10"
            is_nmi = 0
        }

    interrupt: Name =CURRENT_SENSE_2_INT
        PORT MAP (
            interrupt => Net_581 );
        Properties:
        {
            int_type = "00"
            is_nmi = 0
        }

    interrupt: Name =CURRENT_SENSE_4_INT
        PORT MAP (
            interrupt => Net_607 );
        Properties:
        {
            int_type = "00"
            is_nmi = 0
        }

    interrupt: Name =CURRENT_SENSE_3_INT
        PORT MAP (
            interrupt => Net_594 );
        Properties:
        {
            int_type = "00"
            is_nmi = 0
        }

    interrupt: Name =CURRENT_SENSE_1_INT
        PORT MAP (
            interrupt => Net_520 );
        Properties:
        {
            int_type = "00"
            is_nmi = 0
        }

    interrupt: Name =LIMIT_SWITCH_1_INT
        PORT MAP (
            interrupt => Net_7615 );
        Properties:
        {
            int_type = "00"
            is_nmi = 0
        }

    interrupt: Name =LIMIT_SWITCH_2_INT
        PORT MAP (
            interrupt => Net_7616 );
        Properties:
        {
            int_type = "00"
            is_nmi = 0
        }

    interrupt: Name =LIMIT_SWITCH_3_INT
        PORT MAP (
            interrupt => Net_7617 );
        Properties:
        {
            int_type = "00"
            is_nmi = 0
        }

    interrupt: Name =LIMIT_SWITCH_4_INT
        PORT MAP (
            interrupt => Net_7618 );
        Properties:
        {
            int_type = "00"
            is_nmi = 0
        }
    </CYPRESSTAG>
</CYPRESSTAG>
<CYPRESSTAG name="Technology mapping summary" expanded>

------------------------------------------------------------
Technology mapping summary
------------------------------------------------------------

Resource Type                 : Used : Free :  Max :  % Used
============================================================
Digital Clocks                :    1 :    3 :    4 : 25.00 %
Interrupts                    :    9 :   23 :   32 : 28.13 %
IO                            :   36 :    0 :   36 : 100.00 %
Segment LCD                   :    0 :    1 :    1 :  0.00 %
CapSense                      :    0 :    1 :    1 :  0.00 %
Die Temp                      :    0 :    1 :    1 :  0.00 %
Serial Communication (SCB)    :    1 :    1 :    2 : 50.00 %
Timer/Counter/PWM             :    0 :    4 :    4 :  0.00 %
UDB                           :      :      :      :        
  Macrocells                  :   15 :   17 :   32 : 46.88 %
  Unique P-terms              :   15 :   49 :   64 : 23.44 %
  Total P-terms               :   15 :      :      :        
  Datapath Cells              :    3 :    1 :    4 : 75.00 %
  Status Cells                :    3 :    1 :    4 : 75.00 %
    StatusI Registers         :    3 :      :      :        
  Control Cells               :    3 :    1 :    4 : 75.00 %
    Control Registers         :    3 :      :      :        
Comparator/Opamp              :    0 :    2 :    2 :  0.00 %
LP Comparator                 :    0 :    2 :    2 :  0.00 %
SAR ADC                       :    0 :    1 :    1 :  0.00 %
DAC                           :      :      :      :        
  7-bit IDAC                  :    0 :    1 :    1 :  0.00 %
  8-bit IDAC                  :    0 :    1 :    1 :  0.00 %
</CYPRESSTAG>
Technology Mapping: Elapsed time ==> 0s.110ms
Tech Mapping phase: Elapsed time ==> 0s.137ms
</CYPRESSTAG>
<CYPRESSTAG name="Analog Placement">
<CYPRESSTAG name="FFB & IO Pre Placement">
<CYPRESSTAG name="Placement" icon="FILE_RPT_PLACEMENT">

Cell                                : Block                              
=========================================================================
PWM_REAR(0)                         : [IOP=(1)][IoId=(1)]                
PWM_FRONT(0)                        : [IOP=(1)][IoId=(0)]                
\I2C_0:sda(0)\                      : [IOP=(4)][IoId=(1)]                
\I2C_0:scl(0)\                      : [IOP=(4)][IoId=(0)]                
DIR_FRONT(0)                        : [IOP=(2)][IoId=(0)]                
DIR_REAR(0)                         : [IOP=(2)][IoId=(2)]                
DIR_REAR_RIGHT(0)                   : [IOP=(2)][IoId=(3)]                
ENABLE_FRONT_MOTORS(0)              : [IOP=(2)][IoId=(1)]                
CURRENT_SENSE_EN(0)                 : [IOP=(3)][IoId=(5)]                
LED_4(0)                            : [IOP=(0)][IoId=(2)]                
LED_1(0)                            : [IOP=(4)][IoId=(3)]                
LED_2(0)                            : [IOP=(0)][IoId=(0)]                
LED_3(0)                            : [IOP=(0)][IoId=(1)]                
BUTTON_TILT_EN(0)                   : [IOP=(2)][IoId=(4)]                
BUTTON_MOTOR_EN(0)                  : [IOP=(2)][IoId=(5)]                
BUTTON_DIR_UP(0)                    : [IOP=(2)][IoId=(6)]                
BUTTON_DIR_DOWN(0)                  : [IOP=(2)][IoId=(7)]                
ENABLE_REAR_MOTORS(0)               : [IOP=(1)][IoId=(7)]                
IMU_RST(0)                          : [IOP=(4)][IoId=(2)]                
LIMIT_SWITCH_1(0)                   : [IOP=(0)][IoId=(3)]                
BUZZER_EN(0)                        : [IOP=(0)][IoId=(4)]                
LIMIT_SWITCH_4(0)                   : [IOP=(0)][IoId=(7)]                
LIMIT_SWITCH_3(0)                   : [IOP=(0)][IoId=(6)]                
LIMIT_SWITCH_2(0)                   : [IOP=(0)][IoId=(5)]                
BUZZER_PWM(0)                       : [IOP=(1)][IoId=(2)]                
GPIO_13(0)                          : [IOP=(1)][IoId=(3)]                
PSOC_ALERT(0)                       : [IOP=(3)][IoId=(7)]                
GPIO_36(0)                          : [IOP=(3)][IoId=(6)]                
GPIO_30(0)                          : [IOP=(3)][IoId=(0)]                
CURRENT_SENSE_1(0)                  : [IOP=(3)][IoId=(4)]                
CURRENT_SENSE_2(0)                  : [IOP=(1)][IoId=(5)]                
CURRENT_SENSE_3(0)                  : [IOP=(1)][IoId=(4)]                
CURRENT_SENSE_4(0)                  : [IOP=(3)][IoId=(1)]                
ClockGenBlock                       : CLK_GEN_[FFB(CLK_GEN,0)]           
DIR_FRONT_RIGHT(0)                  : [IOP=(1)][IoId=(6)]                
\I2C_0:SCB\                         : SCB_[FFB(SCB,0)]                   

</CYPRESSTAG>
</CYPRESSTAG>
<CYPRESSTAG name="Real Analog Placement">
Elapsed time ==> 0.0929841s
</CYPRESSTAG>
Analog Placement phase: Elapsed time ==> 0s.311ms
</CYPRESSTAG>
<CYPRESSTAG name="Analog Routing">
<CYPRESSTAG name="Analog Routing">
Route success=True, Iterations=1 Elapsed=0.0004794 secs
</CYPRESSTAG>
Analog Routing phase: Elapsed time ==> 0s.000ms
</CYPRESSTAG>
<CYPRESSTAG name="Analog Code Generation">
============ Analog Final Answer Routes ============
Dump of CyAnalogRoutingResultsDB
Map of net to items {
}
Map of item to net {
}
Mux Info {
}
Analog Code Generation phase: Elapsed time ==> 0s.016ms
</CYPRESSTAG>
<CYPRESSTAG name="Digital Placement">
<CYPRESSTAG name="Detailed placement messages">
I2076: Total run-time: 0.3 sec.

</CYPRESSTAG>
<CYPRESSTAG name="PLD Packing">
<CYPRESSTAG name="PLD Packing Summary" expanded>

------------------------------------------------------------
PLD Packing Summary
------------------------------------------------------------
            Resource Type : Used : Free :  Max :  % Used
    ====================================================
                     PLDs :    6 :    2 :    8 :  75.00%

<CYPRESSTAG name="PLD Statistics">

        PLD Resource Type :     Average/LAB
    =======================================
                   Inputs :            3.00
                   Pterms :            2.50
               Macrocells :            2.50
</CYPRESSTAG>
<CYPRESSTAG name="Packed PLD Contents">
Packed PLD Contents not displayed at this verbose level.</CYPRESSTAG>
</CYPRESSTAG>
PLD Packing: Elapsed time ==> 0s.000ms
</CYPRESSTAG>
<CYPRESSTAG name="Partitioning">
<CYPRESSTAG name="Initial Partitioning Summary">
Initial Partitioning Summary not displayed at this verbose level.</CYPRESSTAG>
<CYPRESSTAG name="Final Partitioning Summary">
Final Partitioning Summary not displayed at this verbose level.</CYPRESSTAG>
Partitioning: Elapsed time ==> 0s.014ms
</CYPRESSTAG>
<CYPRESSTAG name="Final Placement Summary">

------------------------------------------------------------
Final Placement Summary
------------------------------------------------------------

       Resource Type :      Count : Avg Inputs : Avg Outputs
    ========================================================
                 UDB :          3 :       5.00 :       5.00
<CYPRESSTAG name="Final Placement Details">
<CYPRESSTAG name="Component Details">

------------------------------------------------------------
Component Placement Details
------------------------------------------------------------
UDB [UDB=(0,0)] contents:
LAB@[UDB=(0,0)][LB=0] #macrocells=4, #inputs=4, #pterms=4
{
    [McSlotId=0]:     MacroCell: Name=\PWM_REAR_0:PWMUDB:status_0\, Mode=(D-Register) @ [UDB=(0,0)][LB=0][MC=0]
        Total # of inputs        : 2
        Total # of product terms : 1
        List of special equations: 
            Clock  = (Net_45_digital) => Global
            Clock Enable: True
        Main Equation            : 1 pterm
        (
              !\PWM_REAR_0:PWMUDB:prevCompare1\ * 
              \PWM_REAR_0:PWMUDB:cmp1_less\
        );
        Output = \PWM_REAR_0:PWMUDB:status_0\ (fanout=1)
        Properties               : 
        {
        }

    [McSlotId=1]:     MacroCell: Name=\PWM_REAR_0:PWMUDB:prevCompare1\, Mode=(D-Register) @ [UDB=(0,0)][LB=0][MC=1]
        Total # of inputs        : 1
        Total # of product terms : 1
        List of special equations: 
            Clock  = (Net_45_digital) => Global
            Clock Enable: True
        Main Equation            : 1 pterm
        (
              \PWM_REAR_0:PWMUDB:cmp1_less\
        );
        Output = \PWM_REAR_0:PWMUDB:prevCompare1\ (fanout=1)
        Properties               : 
        {
        }

    [McSlotId=2]:     MacroCell: Name=Net_231, Mode=(D-Register) @ [UDB=(0,0)][LB=0][MC=2]
        Total # of inputs        : 2
        Total # of product terms : 1
        List of special equations: 
            Clock  = (Net_45_digital) => Global
            Clock Enable: True
        Main Equation            : 1 pterm
        (
              \PWM_REAR_0:PWMUDB:runmode_enable\ * 
              \PWM_REAR_0:PWMUDB:cmp1_less\
        );
        Output = Net_231 (fanout=1)
        Properties               : 
        {
        }

    [McSlotId=3]:     MacroCell: Name=\PWM_REAR_0:PWMUDB:runmode_enable\, Mode=(D-Register) @ [UDB=(0,0)][LB=0][MC=3]
        Total # of inputs        : 1
        Total # of product terms : 1
        List of special equations: 
            Clock  = (Net_45_digital) => Global
            Clock Enable: True
        Main Equation            : 1 pterm
        (
              \PWM_REAR_0:PWMUDB:control_7\
        );
        Output = \PWM_REAR_0:PWMUDB:runmode_enable\ (fanout=3)
        Properties               : 
        {
        }
}

LAB@[UDB=(0,0)][LB=1] #macrocells=1, #inputs=2, #pterms=1
{
    [McSlotId=0]:     MacroCell: Name=\PWM_REAR_0:PWMUDB:status_2\, Mode=(Combinatorial) @ [UDB=(0,0)][LB=1][MC=0]
        Total # of inputs        : 2
        Total # of product terms : 1
            Clock Enable: True
        Main Equation            : 1 pterm
        (
              \PWM_REAR_0:PWMUDB:runmode_enable\ * \PWM_REAR_0:PWMUDB:tc_i\
        );
        Output = \PWM_REAR_0:PWMUDB:status_2\ (fanout=1)
        Properties               : 
        {
        }

    [McSlotId=1]: (empty)
    [McSlotId=2]: (empty)
    [McSlotId=3]: (empty)
}

datapathcell: Name =\PWM_REAR_0:PWMUDB:sP8:pwmdp:u0\
    PORT MAP (
        clock => Net_45_digital ,
        cs_addr_2 => \PWM_REAR_0:PWMUDB:tc_i\ ,
        cs_addr_1 => \PWM_REAR_0:PWMUDB:runmode_enable\ ,
        cl0_comb => \PWM_REAR_0:PWMUDB:cmp1_less\ ,
        z0_comb => \PWM_REAR_0:PWMUDB:tc_i\ ,
        f1_blk_stat_comb => \PWM_REAR_0:PWMUDB:status_3\ );
    Properties:
    {
        a0_init = "00000000"
        a1_init = "00000000"
        ce0_sync = 1
        ce1_sync = 1
        cl0_sync = 1
        cl1_sync = 1
        cmsb_sync = 1
        co_msb_sync = 1
        cy_dpconfig = "0000000001000000000000001100000001000000010000000000000011000000000000001100000000000000110000000000000011000000000000001100000011111111000000001111111111111111101000000000000000000100000000000000000000011000"
        d0_init = "00000000"
        d1_init = "00000000"
        f0_blk_sync = 1
        f0_bus_sync = 1
        f1_blk_sync = 1
        f1_bus_sync = 1
        ff0_sync = 1
        ff1_sync = 1
        ov_msb_sync = 1
        so_sync = 1
        z0_sync = 1
        z1_sync = 1
    }
    Clock Polarity: Active High
    Clock Enable: True

statusicell: Name =\PWM_REAR_0:PWMUDB:genblk8:stsreg\
    PORT MAP (
        clock => Net_45_digital ,
        status_3 => \PWM_REAR_0:PWMUDB:status_3\ ,
        status_2 => \PWM_REAR_0:PWMUDB:status_2\ ,
        status_0 => \PWM_REAR_0:PWMUDB:status_0\ );
    Properties:
    {
        cy_force_order = 1
        cy_int_mask = "1111111"
        cy_md_select = "0100111"
    }
    Clock Polarity: Active High
    Clock Enable: True

controlcell: Name =\PWM_REAR_0:PWMUDB:genblk1:ctrlreg\
    PORT MAP (
        clock => Net_45_digital ,
        control_7 => \PWM_REAR_0:PWMUDB:control_7\ ,
        control_6 => \PWM_REAR_0:PWMUDB:control_6\ ,
        control_5 => \PWM_REAR_0:PWMUDB:control_5\ ,
        control_4 => \PWM_REAR_0:PWMUDB:control_4\ ,
        control_3 => \PWM_REAR_0:PWMUDB:control_3\ ,
        control_2 => \PWM_REAR_0:PWMUDB:control_2\ ,
        control_1 => \PWM_REAR_0:PWMUDB:control_1\ ,
        control_0 => \PWM_REAR_0:PWMUDB:control_0\ );
    Properties:
    {
        cy_ctrl_mode_0 = "11111111"
        cy_ctrl_mode_1 = "00000000"
        cy_ext_reset = 0
        cy_force_order = 1
        cy_init_value = "00000000"
    }
    Clock Polarity: Active High
    Clock Enable: True

UDB [UDB=(0,1)] is empty.
UDB [UDB=(1,0)] contents:
LAB@[UDB=(1,0)][LB=0] #macrocells=4, #inputs=4, #pterms=4
{
    [McSlotId=0]:     MacroCell: Name=\PWM_FRONT_0:PWMUDB:status_0\, Mode=(D-Register) @ [UDB=(1,0)][LB=0][MC=0]
        Total # of inputs        : 2
        Total # of product terms : 1
        List of special equations: 
            Clock  = (Net_45_digital) => Global
            Clock Enable: True
        Main Equation            : 1 pterm
        (
              !\PWM_FRONT_0:PWMUDB:prevCompare1\ * 
              \PWM_FRONT_0:PWMUDB:cmp1_less\
        );
        Output = \PWM_FRONT_0:PWMUDB:status_0\ (fanout=1)
        Properties               : 
        {
        }

    [McSlotId=1]:     MacroCell: Name=\PWM_FRONT_0:PWMUDB:prevCompare1\, Mode=(D-Register) @ [UDB=(1,0)][LB=0][MC=1]
        Total # of inputs        : 1
        Total # of product terms : 1
        List of special equations: 
            Clock  = (Net_45_digital) => Global
            Clock Enable: True
        Main Equation            : 1 pterm
        (
              \PWM_FRONT_0:PWMUDB:cmp1_less\
        );
        Output = \PWM_FRONT_0:PWMUDB:prevCompare1\ (fanout=1)
        Properties               : 
        {
        }

    [McSlotId=2]:     MacroCell: Name=Net_34, Mode=(D-Register) @ [UDB=(1,0)][LB=0][MC=2]
        Total # of inputs        : 2
        Total # of product terms : 1
        List of special equations: 
            Clock  = (Net_45_digital) => Global
            Clock Enable: True
        Main Equation            : 1 pterm
        (
              \PWM_FRONT_0:PWMUDB:runmode_enable\ * 
              \PWM_FRONT_0:PWMUDB:cmp1_less\
        );
        Output = Net_34 (fanout=1)
        Properties               : 
        {
        }

    [McSlotId=3]:     MacroCell: Name=\PWM_FRONT_0:PWMUDB:runmode_enable\, Mode=(D-Register) @ [UDB=(1,0)][LB=0][MC=3]
        Total # of inputs        : 1
        Total # of product terms : 1
        List of special equations: 
            Clock  = (Net_45_digital) => Global
            Clock Enable: True
        Main Equation            : 1 pterm
        (
              \PWM_FRONT_0:PWMUDB:control_7\
        );
        Output = \PWM_FRONT_0:PWMUDB:runmode_enable\ (fanout=3)
        Properties               : 
        {
        }
}

LAB@[UDB=(1,0)][LB=1] #macrocells=1, #inputs=2, #pterms=1
{
    [McSlotId=0]:     MacroCell: Name=\PWM_FRONT_0:PWMUDB:status_2\, Mode=(Combinatorial) @ [UDB=(1,0)][LB=1][MC=0]
        Total # of inputs        : 2
        Total # of product terms : 1
            Clock Enable: True
        Main Equation            : 1 pterm
        (
              \PWM_FRONT_0:PWMUDB:runmode_enable\ * \PWM_FRONT_0:PWMUDB:tc_i\
        );
        Output = \PWM_FRONT_0:PWMUDB:status_2\ (fanout=1)
        Properties               : 
        {
        }

    [McSlotId=1]: (empty)
    [McSlotId=2]: (empty)
    [McSlotId=3]: (empty)
}

datapathcell: Name =\PWM_FRONT_0:PWMUDB:sP8:pwmdp:u0\
    PORT MAP (
        clock => Net_45_digital ,
        cs_addr_2 => \PWM_FRONT_0:PWMUDB:tc_i\ ,
        cs_addr_1 => \PWM_FRONT_0:PWMUDB:runmode_enable\ ,
        cl0_comb => \PWM_FRONT_0:PWMUDB:cmp1_less\ ,
        z0_comb => \PWM_FRONT_0:PWMUDB:tc_i\ ,
        f1_blk_stat_comb => \PWM_FRONT_0:PWMUDB:status_3\ );
    Properties:
    {
        a0_init = "00000000"
        a1_init = "00000000"
        ce0_sync = 1
        ce1_sync = 1
        cl0_sync = 1
        cl1_sync = 1
        cmsb_sync = 1
        co_msb_sync = 1
        cy_dpconfig = "0000000001000000000000001100000001000000010000000000000011000000000000001100000000000000110000000000000011000000000000001100000011111111000000001111111111111111101000000000000000000100000000000000000000011000"
        d0_init = "00000000"
        d1_init = "00000000"
        f0_blk_sync = 1
        f0_bus_sync = 1
        f1_blk_sync = 1
        f1_bus_sync = 1
        ff0_sync = 1
        ff1_sync = 1
        ov_msb_sync = 1
        so_sync = 1
        z0_sync = 1
        z1_sync = 1
    }
    Clock Polarity: Active High
    Clock Enable: True

statusicell: Name =\PWM_FRONT_0:PWMUDB:genblk8:stsreg\
    PORT MAP (
        clock => Net_45_digital ,
        status_3 => \PWM_FRONT_0:PWMUDB:status_3\ ,
        status_2 => \PWM_FRONT_0:PWMUDB:status_2\ ,
        status_0 => \PWM_FRONT_0:PWMUDB:status_0\ );
    Properties:
    {
        cy_force_order = 1
        cy_int_mask = "1111111"
        cy_md_select = "0100111"
    }
    Clock Polarity: Active High
    Clock Enable: True

controlcell: Name =\PWM_FRONT_0:PWMUDB:genblk1:ctrlreg\
    PORT MAP (
        clock => Net_45_digital ,
        control_7 => \PWM_FRONT_0:PWMUDB:control_7\ ,
        control_6 => \PWM_FRONT_0:PWMUDB:control_6\ ,
        control_5 => \PWM_FRONT_0:PWMUDB:control_5\ ,
        control_4 => \PWM_FRONT_0:PWMUDB:control_4\ ,
        control_3 => \PWM_FRONT_0:PWMUDB:control_3\ ,
        control_2 => \PWM_FRONT_0:PWMUDB:control_2\ ,
        control_1 => \PWM_FRONT_0:PWMUDB:control_1\ ,
        control_0 => \PWM_FRONT_0:PWMUDB:control_0\ );
    Properties:
    {
        cy_ctrl_mode_0 = "11111111"
        cy_ctrl_mode_1 = "00000000"
        cy_ext_reset = 0
        cy_force_order = 1
        cy_init_value = "00000000"
    }
    Clock Polarity: Active High
    Clock Enable: True

UDB [UDB=(1,1)] contents:
LAB@[UDB=(1,1)][LB=0] #macrocells=4, #inputs=4, #pterms=4
{
    [McSlotId=0]:     MacroCell: Name=\BUZZER_PWM_0:PWMUDB:status_0\, Mode=(D-Register) @ [UDB=(1,1)][LB=0][MC=0]
        Total # of inputs        : 2
        Total # of product terms : 1
        List of special equations: 
            Clock  = (Net_45_digital) => Global
            Clock Enable: True
        Main Equation            : 1 pterm
        (
              !\BUZZER_PWM_0:PWMUDB:prevCompare1\ * 
              \BUZZER_PWM_0:PWMUDB:cmp1_less\
        );
        Output = \BUZZER_PWM_0:PWMUDB:status_0\ (fanout=1)
        Properties               : 
        {
        }

    [McSlotId=1]:     MacroCell: Name=\BUZZER_PWM_0:PWMUDB:prevCompare1\, Mode=(D-Register) @ [UDB=(1,1)][LB=0][MC=1]
        Total # of inputs        : 1
        Total # of product terms : 1
        List of special equations: 
            Clock  = (Net_45_digital) => Global
            Clock Enable: True
        Main Equation            : 1 pterm
        (
              \BUZZER_PWM_0:PWMUDB:cmp1_less\
        );
        Output = \BUZZER_PWM_0:PWMUDB:prevCompare1\ (fanout=1)
        Properties               : 
        {
        }

    [McSlotId=2]:     MacroCell: Name=Net_1020, Mode=(D-Register) @ [UDB=(1,1)][LB=0][MC=2]
        Total # of inputs        : 2
        Total # of product terms : 1
        List of special equations: 
            Clock  = (Net_45_digital) => Global
            Clock Enable: True
        Main Equation            : 1 pterm
        (
              \BUZZER_PWM_0:PWMUDB:runmode_enable\ * 
              \BUZZER_PWM_0:PWMUDB:cmp1_less\
        );
        Output = Net_1020 (fanout=1)
        Properties               : 
        {
        }

    [McSlotId=3]:     MacroCell: Name=\BUZZER_PWM_0:PWMUDB:runmode_enable\, Mode=(D-Register) @ [UDB=(1,1)][LB=0][MC=3]
        Total # of inputs        : 1
        Total # of product terms : 1
        List of special equations: 
            Clock  = (Net_45_digital) => Global
            Clock Enable: True
        Main Equation            : 1 pterm
        (
              \BUZZER_PWM_0:PWMUDB:control_7\
        );
        Output = \BUZZER_PWM_0:PWMUDB:runmode_enable\ (fanout=3)
        Properties               : 
        {
        }
}

LAB@[UDB=(1,1)][LB=1] #macrocells=1, #inputs=2, #pterms=1
{
    [McSlotId=0]:     MacroCell: Name=\BUZZER_PWM_0:PWMUDB:status_2\, Mode=(Combinatorial) @ [UDB=(1,1)][LB=1][MC=0]
        Total # of inputs        : 2
        Total # of product terms : 1
            Clock Enable: True
        Main Equation            : 1 pterm
        (
              \BUZZER_PWM_0:PWMUDB:runmode_enable\ * 
              \BUZZER_PWM_0:PWMUDB:tc_i\
        );
        Output = \BUZZER_PWM_0:PWMUDB:status_2\ (fanout=1)
        Properties               : 
        {
        }

    [McSlotId=1]: (empty)
    [McSlotId=2]: (empty)
    [McSlotId=3]: (empty)
}

datapathcell: Name =\BUZZER_PWM_0:PWMUDB:sP8:pwmdp:u0\
    PORT MAP (
        clock => Net_45_digital ,
        cs_addr_2 => \BUZZER_PWM_0:PWMUDB:tc_i\ ,
        cs_addr_1 => \BUZZER_PWM_0:PWMUDB:runmode_enable\ ,
        cl0_comb => \BUZZER_PWM_0:PWMUDB:cmp1_less\ ,
        z0_comb => \BUZZER_PWM_0:PWMUDB:tc_i\ ,
        f1_blk_stat_comb => \BUZZER_PWM_0:PWMUDB:status_3\ );
    Properties:
    {
        a0_init = "00000000"
        a1_init = "00000000"
        ce0_sync = 1
        ce1_sync = 1
        cl0_sync = 1
        cl1_sync = 1
        cmsb_sync = 1
        co_msb_sync = 1
        cy_dpconfig = "0000000001000000000000001100000001000000010000000000000011000000000000001100000000000000110000000000000011000000000000001100000011111111000000001111111111111111101000000000000000000100000000000000000000011000"
        d0_init = "00000000"
        d1_init = "00000000"
        f0_blk_sync = 1
        f0_bus_sync = 1
        f1_blk_sync = 1
        f1_bus_sync = 1
        ff0_sync = 1
        ff1_sync = 1
        ov_msb_sync = 1
        so_sync = 1
        z0_sync = 1
        z1_sync = 1
    }
    Clock Polarity: Active High
    Clock Enable: True

statusicell: Name =\BUZZER_PWM_0:PWMUDB:genblk8:stsreg\
    PORT MAP (
        clock => Net_45_digital ,
        status_3 => \BUZZER_PWM_0:PWMUDB:status_3\ ,
        status_2 => \BUZZER_PWM_0:PWMUDB:status_2\ ,
        status_0 => \BUZZER_PWM_0:PWMUDB:status_0\ );
    Properties:
    {
        cy_force_order = 1
        cy_int_mask = "1111111"
        cy_md_select = "0100111"
    }
    Clock Polarity: Active High
    Clock Enable: True

controlcell: Name =\BUZZER_PWM_0:PWMUDB:genblk1:ctrlreg\
    PORT MAP (
        clock => Net_45_digital ,
        control_7 => \BUZZER_PWM_0:PWMUDB:control_7\ ,
        control_6 => \BUZZER_PWM_0:PWMUDB:control_6\ ,
        control_5 => \BUZZER_PWM_0:PWMUDB:control_5\ ,
        control_4 => \BUZZER_PWM_0:PWMUDB:control_4\ ,
        control_3 => \BUZZER_PWM_0:PWMUDB:control_3\ ,
        control_2 => \BUZZER_PWM_0:PWMUDB:control_2\ ,
        control_1 => \BUZZER_PWM_0:PWMUDB:control_1\ ,
        control_0 => \BUZZER_PWM_0:PWMUDB:control_0\ );
    Properties:
    {
        cy_ctrl_mode_0 = "11111111"
        cy_ctrl_mode_1 = "00000000"
        cy_ext_reset = 0
        cy_force_order = 1
        cy_init_value = "00000000"
    }
    Clock Polarity: Active High
    Clock Enable: True

Intr container @ [IntrContainer=(0)]: 
  Intr@ [IntrContainer=(0)][IntrId=(0)] 
    interrupt: Name =CURRENT_SENSE_1_INT
        PORT MAP (
            interrupt => Net_520 );
        Properties:
        {
            int_type = "00"
            is_nmi = 0
        }
  Intr@ [IntrContainer=(0)][IntrId=(2)] 
    interrupt: Name =CURRENT_SENSE_2_INT
        PORT MAP (
            interrupt => Net_581 );
        Properties:
        {
            int_type = "00"
            is_nmi = 0
        }
  Intr@ [IntrContainer=(0)][IntrId=(3)] 
    interrupt: Name =CURRENT_SENSE_3_INT
        PORT MAP (
            interrupt => Net_594 );
        Properties:
        {
            int_type = "00"
            is_nmi = 0
        }
  Intr@ [IntrContainer=(0)][IntrId=(4)] 
    interrupt: Name =CURRENT_SENSE_4_INT
        PORT MAP (
            interrupt => Net_607 );
        Properties:
        {
            int_type = "00"
            is_nmi = 0
        }
  Intr@ [IntrContainer=(0)][IntrId=(5)] 
    interrupt: Name =LIMIT_SWITCH_1_INT
        PORT MAP (
            interrupt => Net_7615 );
        Properties:
        {
            int_type = "00"
            is_nmi = 0
        }
  Intr@ [IntrContainer=(0)][IntrId=(6)] 
    interrupt: Name =LIMIT_SWITCH_2_INT
        PORT MAP (
            interrupt => Net_7616 );
        Properties:
        {
            int_type = "00"
            is_nmi = 0
        }
  Intr@ [IntrContainer=(0)][IntrId=(7)] 
    interrupt: Name =LIMIT_SWITCH_3_INT
        PORT MAP (
            interrupt => Net_7617 );
        Properties:
        {
            int_type = "00"
            is_nmi = 0
        }
  Intr@ [IntrContainer=(0)][IntrId=(8)] 
    interrupt: Name =LIMIT_SWITCH_4_INT
        PORT MAP (
            interrupt => Net_7618 );
        Properties:
        {
            int_type = "00"
            is_nmi = 0
        }
  Intr@ [IntrContainer=(0)][IntrId=(10)] 
    interrupt: Name =\I2C_0:SCB_IRQ\
        PORT MAP (
            interrupt => Net_6 );
        Properties:
        {
            int_type = "10"
            is_nmi = 0
        }
Port 0 contains the following IO cells:
[IoId=0]: 
Pin : Name = LED_2(0)
    Attributes:
        In Group/Port: True
        In Sync Option: AUTO
        Out Sync Option: NOSYNC
        Interrupt generated: False
        Interrupt mode: NONE
        Drive mode: CMOS_OUT
        VTrip: EITHER
        Slew: FAST
        Input Sync needed: False
        Output Sync needed: False
        SC shield enabled: False
        POR State: ANY
        LCD Mode: COMMON
        Register Mode: RegComb
        CaSense Mode: NEITHER
        Treat as pin: True
        Is OE Registered: False
        Uses Analog: False
        Can contain Digital: True
        Is SIO: False
        SIO Output Buf: NONREGULATED
        SIO Input Buf: SINGLE_ENDED
        SIO HiFreq: LOW
        SIO Hyst: DISABLED
        SIO Vtrip: MULTIPLIER_0_5
        SIO Multiplier Index: 0
        SIO RefSel: VCC_IO
        Required Capabilities: DIGITAL
        Initial Value: 0
        IO Voltage: 0
    PORT MAP (
        pa_out => LED_2(0)__PA ,
        pad => LED_2(0)_PAD );
    Properties:
    {
    }

[IoId=1]: 
Pin : Name = LED_3(0)
    Attributes:
        In Group/Port: True
        In Sync Option: AUTO
        Out Sync Option: NOSYNC
        Interrupt generated: False
        Interrupt mode: NONE
        Drive mode: CMOS_OUT
        VTrip: EITHER
        Slew: FAST
        Input Sync needed: False
        Output Sync needed: False
        SC shield enabled: False
        POR State: ANY
        LCD Mode: COMMON
        Register Mode: RegComb
        CaSense Mode: NEITHER
        Treat as pin: True
        Is OE Registered: False
        Uses Analog: False
        Can contain Digital: True
        Is SIO: False
        SIO Output Buf: NONREGULATED
        SIO Input Buf: SINGLE_ENDED
        SIO HiFreq: LOW
        SIO Hyst: DISABLED
        SIO Vtrip: MULTIPLIER_0_5
        SIO Multiplier Index: 0
        SIO RefSel: VCC_IO
        Required Capabilities: DIGITAL
        Initial Value: 0
        IO Voltage: 0
    PORT MAP (
        pa_out => LED_3(0)__PA ,
        pad => LED_3(0)_PAD );
    Properties:
    {
    }

[IoId=2]: 
Pin : Name = LED_4(0)
    Attributes:
        In Group/Port: True
        In Sync Option: AUTO
        Out Sync Option: NOSYNC
        Interrupt generated: False
        Interrupt mode: NONE
        Drive mode: CMOS_OUT
        VTrip: EITHER
        Slew: FAST
        Input Sync needed: False
        Output Sync needed: False
        SC shield enabled: False
        POR State: ANY
        LCD Mode: COMMON
        Register Mode: RegComb
        CaSense Mode: NEITHER
        Treat as pin: True
        Is OE Registered: False
        Uses Analog: False
        Can contain Digital: True
        Is SIO: False
        SIO Output Buf: NONREGULATED
        SIO Input Buf: SINGLE_ENDED
        SIO HiFreq: LOW
        SIO Hyst: DISABLED
        SIO Vtrip: MULTIPLIER_0_5
        SIO Multiplier Index: 0
        SIO RefSel: VCC_IO
        Required Capabilities: DIGITAL
        Initial Value: 0
        IO Voltage: 0
    PORT MAP (
        pa_out => LED_4(0)__PA ,
        pad => LED_4(0)_PAD );
    Properties:
    {
    }

[IoId=3]: 
Pin : Name = LIMIT_SWITCH_1(0)
    Attributes:
        In Group/Port: True
        In Sync Option: NOSYNC
        Out Sync Option: AUTO
        Interrupt generated: False
        Interrupt mode: NONE
        Drive mode: HI_Z_DIGITAL
        VTrip: CMOS
        Slew: FAST
        Input Sync needed: False
        Output Sync needed: False
        SC shield enabled: False
        POR State: ANY
        LCD Mode: COMMON
        Register Mode: RegComb
        CaSense Mode: NEITHER
        Treat as pin: True
        Is OE Registered: False
        Uses Analog: False
        Can contain Digital: True
        Is SIO: False
        SIO Output Buf: NONREGULATED
        SIO Input Buf: SINGLE_ENDED
        SIO HiFreq: LOW
        SIO Hyst: DISABLED
        SIO Vtrip: MULTIPLIER_0_5
        SIO Multiplier Index: 0
        SIO RefSel: VCC_IO
        Required Capabilities: DIGITAL, ROUTABLE
        Initial Value: 0
        IO Voltage: 0
    PORT MAP (
        pa_out => LIMIT_SWITCH_1(0)__PA ,
        fb => Net_7615 ,
        pad => LIMIT_SWITCH_1(0)_PAD );
    Properties:
    {
    }

[IoId=4]: 
Pin : Name = BUZZER_EN(0)
    Attributes:
        In Group/Port: True
        In Sync Option: AUTO
        Out Sync Option: NOSYNC
        Interrupt generated: False
        Interrupt mode: NONE
        Drive mode: CMOS_OUT
        VTrip: EITHER
        Slew: FAST
        Input Sync needed: False
        Output Sync needed: False
        SC shield enabled: False
        POR State: ANY
        LCD Mode: COMMON
        Register Mode: RegComb
        CaSense Mode: NEITHER
        Treat as pin: True
        Is OE Registered: False
        Uses Analog: False
        Can contain Digital: True
        Is SIO: False
        SIO Output Buf: NONREGULATED
        SIO Input Buf: SINGLE_ENDED
        SIO HiFreq: LOW
        SIO Hyst: DISABLED
        SIO Vtrip: MULTIPLIER_0_5
        SIO Multiplier Index: 0
        SIO RefSel: VCC_IO
        Required Capabilities: DIGITAL
        Initial Value: 0
        IO Voltage: 0
    PORT MAP (
        pa_out => BUZZER_EN(0)__PA ,
        pad => BUZZER_EN(0)_PAD );
    Properties:
    {
    }

[IoId=5]: 
Pin : Name = LIMIT_SWITCH_2(0)
    Attributes:
        In Group/Port: True
        In Sync Option: NOSYNC
        Out Sync Option: AUTO
        Interrupt generated: False
        Interrupt mode: NONE
        Drive mode: HI_Z_DIGITAL
        VTrip: CMOS
        Slew: FAST
        Input Sync needed: False
        Output Sync needed: False
        SC shield enabled: False
        POR State: ANY
        LCD Mode: COMMON
        Register Mode: RegComb
        CaSense Mode: NEITHER
        Treat as pin: True
        Is OE Registered: False
        Uses Analog: False
        Can contain Digital: True
        Is SIO: False
        SIO Output Buf: NONREGULATED
        SIO Input Buf: SINGLE_ENDED
        SIO HiFreq: LOW
        SIO Hyst: DISABLED
        SIO Vtrip: MULTIPLIER_0_5
        SIO Multiplier Index: 0
        SIO RefSel: VCC_IO
        Required Capabilities: DIGITAL, ROUTABLE
        Initial Value: 0
        IO Voltage: 0
    PORT MAP (
        pa_out => LIMIT_SWITCH_2(0)__PA ,
        fb => Net_7616 ,
        pad => LIMIT_SWITCH_2(0)_PAD );
    Properties:
    {
    }

[IoId=6]: 
Pin : Name = LIMIT_SWITCH_3(0)
    Attributes:
        In Group/Port: True
        In Sync Option: NOSYNC
        Out Sync Option: AUTO
        Interrupt generated: False
        Interrupt mode: NONE
        Drive mode: HI_Z_DIGITAL
        VTrip: CMOS
        Slew: FAST
        Input Sync needed: False
        Output Sync needed: False
        SC shield enabled: False
        POR State: ANY
        LCD Mode: COMMON
        Register Mode: RegComb
        CaSense Mode: NEITHER
        Treat as pin: True
        Is OE Registered: False
        Uses Analog: False
        Can contain Digital: True
        Is SIO: False
        SIO Output Buf: NONREGULATED
        SIO Input Buf: SINGLE_ENDED
        SIO HiFreq: LOW
        SIO Hyst: DISABLED
        SIO Vtrip: MULTIPLIER_0_5
        SIO Multiplier Index: 0
        SIO RefSel: VCC_IO
        Required Capabilities: DIGITAL, ROUTABLE
        Initial Value: 0
        IO Voltage: 0
    PORT MAP (
        pa_out => LIMIT_SWITCH_3(0)__PA ,
        fb => Net_7617 ,
        pad => LIMIT_SWITCH_3(0)_PAD );
    Properties:
    {
    }

[IoId=7]: 
Pin : Name = LIMIT_SWITCH_4(0)
    Attributes:
        In Group/Port: True
        In Sync Option: NOSYNC
        Out Sync Option: AUTO
        Interrupt generated: False
        Interrupt mode: NONE
        Drive mode: HI_Z_DIGITAL
        VTrip: CMOS
        Slew: FAST
        Input Sync needed: False
        Output Sync needed: False
        SC shield enabled: False
        POR State: ANY
        LCD Mode: COMMON
        Register Mode: RegComb
        CaSense Mode: NEITHER
        Treat as pin: True
        Is OE Registered: False
        Uses Analog: False
        Can contain Digital: True
        Is SIO: False
        SIO Output Buf: NONREGULATED
        SIO Input Buf: SINGLE_ENDED
        SIO HiFreq: LOW
        SIO Hyst: DISABLED
        SIO Vtrip: MULTIPLIER_0_5
        SIO Multiplier Index: 0
        SIO RefSel: VCC_IO
        Required Capabilities: DIGITAL, ROUTABLE
        Initial Value: 0
        IO Voltage: 0
    PORT MAP (
        pa_out => LIMIT_SWITCH_4(0)__PA ,
        fb => Net_7618 ,
        pad => LIMIT_SWITCH_4(0)_PAD );
    Properties:
    {
    }

Port 1 contains the following IO cells:
[IoId=0]: 
Pin : Name = PWM_FRONT(0)
    Attributes:
        In Group/Port: True
        In Sync Option: AUTO
        Out Sync Option: NOSYNC
        Interrupt generated: False
        Interrupt mode: NONE
        Drive mode: CMOS_OUT
        VTrip: EITHER
        Slew: FAST
        Input Sync needed: False
        Output Sync needed: False
        SC shield enabled: False
        POR State: ANY
        LCD Mode: COMMON
        Register Mode: RegComb
        CaSense Mode: NEITHER
        Treat as pin: True
        Is OE Registered: False
        Uses Analog: False
        Can contain Digital: True
        Is SIO: False
        SIO Output Buf: NONREGULATED
        SIO Input Buf: SINGLE_ENDED
        SIO HiFreq: LOW
        SIO Hyst: DISABLED
        SIO Vtrip: MULTIPLIER_0_5
        SIO Multiplier Index: 0
        SIO RefSel: VCC_IO
        Required Capabilities: DIGITAL, ROUTABLE
        Initial Value: 1
        IO Voltage: 0
    PORT MAP (
        pa_out => PWM_FRONT(0)__PA ,
        pin_input => Net_34 ,
        pad => PWM_FRONT(0)_PAD );
    Properties:
    {
    }

[IoId=1]: 
Pin : Name = PWM_REAR(0)
    Attributes:
        In Group/Port: True
        In Sync Option: AUTO
        Out Sync Option: NOSYNC
        Interrupt generated: False
        Interrupt mode: NONE
        Drive mode: CMOS_OUT
        VTrip: EITHER
        Slew: FAST
        Input Sync needed: False
        Output Sync needed: False
        SC shield enabled: False
        POR State: ANY
        LCD Mode: COMMON
        Register Mode: RegComb
        CaSense Mode: NEITHER
        Treat as pin: True
        Is OE Registered: False
        Uses Analog: False
        Can contain Digital: True
        Is SIO: False
        SIO Output Buf: NONREGULATED
        SIO Input Buf: SINGLE_ENDED
        SIO HiFreq: LOW
        SIO Hyst: DISABLED
        SIO Vtrip: MULTIPLIER_0_5
        SIO Multiplier Index: 0
        SIO RefSel: VCC_IO
        Required Capabilities: DIGITAL, ROUTABLE
        Initial Value: 1
        IO Voltage: 0
    PORT MAP (
        pa_out => PWM_REAR(0)__PA ,
        pin_input => Net_231 ,
        pad => PWM_REAR(0)_PAD );
    Properties:
    {
    }

[IoId=2]: 
Pin : Name = BUZZER_PWM(0)
    Attributes:
        In Group/Port: True
        In Sync Option: AUTO
        Out Sync Option: NOSYNC
        Interrupt generated: False
        Interrupt mode: NONE
        Drive mode: CMOS_OUT
        VTrip: EITHER
        Slew: FAST
        Input Sync needed: False
        Output Sync needed: False
        SC shield enabled: False
        POR State: ANY
        LCD Mode: COMMON
        Register Mode: RegComb
        CaSense Mode: NEITHER
        Treat as pin: True
        Is OE Registered: False
        Uses Analog: False
        Can contain Digital: True
        Is SIO: False
        SIO Output Buf: NONREGULATED
        SIO Input Buf: SINGLE_ENDED
        SIO HiFreq: LOW
        SIO Hyst: DISABLED
        SIO Vtrip: MULTIPLIER_0_5
        SIO Multiplier Index: 0
        SIO RefSel: VCC_IO
        Required Capabilities: DIGITAL, ROUTABLE
        Initial Value: 1
        IO Voltage: 0
    PORT MAP (
        pa_out => BUZZER_PWM(0)__PA ,
        pin_input => Net_1020 ,
        pad => BUZZER_PWM(0)_PAD );
    Properties:
    {
    }

[IoId=3]: 
Pin : Name = GPIO_13(0)
    Attributes:
        In Group/Port: True
        In Sync Option: AUTO
        Out Sync Option: NOSYNC
        Interrupt generated: False
        Interrupt mode: NONE
        Drive mode: CMOS_OUT
        VTrip: EITHER
        Slew: FAST
        Input Sync needed: False
        Output Sync needed: False
        SC shield enabled: False
        POR State: ANY
        LCD Mode: COMMON
        Register Mode: RegComb
        CaSense Mode: NEITHER
        Treat as pin: True
        Is OE Registered: False
        Uses Analog: False
        Can contain Digital: True
        Is SIO: False
        SIO Output Buf: NONREGULATED
        SIO Input Buf: SINGLE_ENDED
        SIO HiFreq: LOW
        SIO Hyst: DISABLED
        SIO Vtrip: MULTIPLIER_0_5
        SIO Multiplier Index: 0
        SIO RefSel: VCC_IO
        Required Capabilities: DIGITAL
        Initial Value: 0
        IO Voltage: 0
    PORT MAP (
        pa_out => GPIO_13(0)__PA ,
        pad => GPIO_13(0)_PAD );
    Properties:
    {
    }

[IoId=4]: 
Pin : Name = CURRENT_SENSE_3(0)
    Attributes:
        In Group/Port: True
        In Sync Option: NOSYNC
        Out Sync Option: AUTO
        Interrupt generated: False
        Interrupt mode: NONE
        Drive mode: HI_Z_DIGITAL
        VTrip: CMOS
        Slew: FAST
        Input Sync needed: False
        Output Sync needed: False
        SC shield enabled: False
        POR State: ANY
        LCD Mode: COMMON
        Register Mode: RegComb
        CaSense Mode: NEITHER
        Treat as pin: True
        Is OE Registered: False
        Uses Analog: False
        Can contain Digital: True
        Is SIO: False
        SIO Output Buf: NONREGULATED
        SIO Input Buf: SINGLE_ENDED
        SIO HiFreq: LOW
        SIO Hyst: DISABLED
        SIO Vtrip: MULTIPLIER_0_5
        SIO Multiplier Index: 0
        SIO RefSel: VCC_IO
        Required Capabilities: DIGITAL, ROUTABLE
        Initial Value: 0
        IO Voltage: 0
    PORT MAP (
        pa_out => CURRENT_SENSE_3(0)__PA ,
        fb => Net_594 ,
        pad => CURRENT_SENSE_3(0)_PAD );
    Properties:
    {
    }

[IoId=5]: 
Pin : Name = CURRENT_SENSE_2(0)
    Attributes:
        In Group/Port: True
        In Sync Option: NOSYNC
        Out Sync Option: AUTO
        Interrupt generated: False
        Interrupt mode: NONE
        Drive mode: HI_Z_DIGITAL
        VTrip: CMOS
        Slew: FAST
        Input Sync needed: False
        Output Sync needed: False
        SC shield enabled: False
        POR State: ANY
        LCD Mode: COMMON
        Register Mode: RegComb
        CaSense Mode: NEITHER
        Treat as pin: True
        Is OE Registered: False
        Uses Analog: False
        Can contain Digital: True
        Is SIO: False
        SIO Output Buf: NONREGULATED
        SIO Input Buf: SINGLE_ENDED
        SIO HiFreq: LOW
        SIO Hyst: DISABLED
        SIO Vtrip: MULTIPLIER_0_5
        SIO Multiplier Index: 0
        SIO RefSel: VCC_IO
        Required Capabilities: DIGITAL, ROUTABLE
        Initial Value: 0
        IO Voltage: 0
    PORT MAP (
        pa_out => CURRENT_SENSE_2(0)__PA ,
        fb => Net_581 ,
        pad => CURRENT_SENSE_2(0)_PAD );
    Properties:
    {
    }

[IoId=6]: 
Pin : Name = DIR_FRONT_RIGHT(0)
    Attributes:
        In Group/Port: True
        In Sync Option: AUTO
        Out Sync Option: NOSYNC
        Interrupt generated: False
        Interrupt mode: NONE
        Drive mode: CMOS_OUT
        VTrip: EITHER
        Slew: FAST
        Input Sync needed: False
        Output Sync needed: False
        SC shield enabled: False
        POR State: ANY
        LCD Mode: COMMON
        Register Mode: RegComb
        CaSense Mode: NEITHER
        Treat as pin: True
        Is OE Registered: False
        Uses Analog: False
        Can contain Digital: True
        Is SIO: False
        SIO Output Buf: NONREGULATED
        SIO Input Buf: SINGLE_ENDED
        SIO HiFreq: LOW
        SIO Hyst: DISABLED
        SIO Vtrip: MULTIPLIER_0_5
        SIO Multiplier Index: 0
        SIO RefSel: VCC_IO
        Required Capabilities: DIGITAL
        Initial Value: 0
        IO Voltage: 0
    PORT MAP (
        pa_out => DIR_FRONT_RIGHT(0)__PA ,
        pad => DIR_FRONT_RIGHT(0)_PAD );
    Properties:
    {
    }

[IoId=7]: 
Pin : Name = ENABLE_REAR_MOTORS(0)
    Attributes:
        In Group/Port: True
        In Sync Option: AUTO
        Out Sync Option: NOSYNC
        Interrupt generated: False
        Interrupt mode: NONE
        Drive mode: CMOS_OUT
        VTrip: EITHER
        Slew: FAST
        Input Sync needed: False
        Output Sync needed: False
        SC shield enabled: False
        POR State: ANY
        LCD Mode: COMMON
        Register Mode: RegComb
        CaSense Mode: NEITHER
        Treat as pin: True
        Is OE Registered: False
        Uses Analog: False
        Can contain Digital: True
        Is SIO: False
        SIO Output Buf: NONREGULATED
        SIO Input Buf: SINGLE_ENDED
        SIO HiFreq: LOW
        SIO Hyst: DISABLED
        SIO Vtrip: MULTIPLIER_0_5
        SIO Multiplier Index: 0
        SIO RefSel: VCC_IO
        Required Capabilities: DIGITAL
        Initial Value: 0
        IO Voltage: 0
    PORT MAP (
        pa_out => ENABLE_REAR_MOTORS(0)__PA ,
        pad => ENABLE_REAR_MOTORS(0)_PAD );
    Properties:
    {
    }

Port 2 contains the following IO cells:
[IoId=0]: 
Pin : Name = DIR_FRONT(0)
    Attributes:
        In Group/Port: True
        In Sync Option: AUTO
        Out Sync Option: NOSYNC
        Interrupt generated: False
        Interrupt mode: NONE
        Drive mode: CMOS_OUT
        VTrip: EITHER
        Slew: FAST
        Input Sync needed: False
        Output Sync needed: False
        SC shield enabled: False
        POR State: ANY
        LCD Mode: COMMON
        Register Mode: RegComb
        CaSense Mode: NEITHER
        Treat as pin: True
        Is OE Registered: False
        Uses Analog: False
        Can contain Digital: True
        Is SIO: False
        SIO Output Buf: NONREGULATED
        SIO Input Buf: SINGLE_ENDED
        SIO HiFreq: LOW
        SIO Hyst: DISABLED
        SIO Vtrip: MULTIPLIER_0_5
        SIO Multiplier Index: 0
        SIO RefSel: VCC_IO
        Required Capabilities: DIGITAL
        Initial Value: 0
        IO Voltage: 0
    PORT MAP (
        pa_out => DIR_FRONT(0)__PA ,
        pad => DIR_FRONT(0)_PAD );
    Properties:
    {
    }

[IoId=1]: 
Pin : Name = ENABLE_FRONT_MOTORS(0)
    Attributes:
        In Group/Port: True
        In Sync Option: AUTO
        Out Sync Option: NOSYNC
        Interrupt generated: False
        Interrupt mode: NONE
        Drive mode: CMOS_OUT
        VTrip: EITHER
        Slew: FAST
        Input Sync needed: False
        Output Sync needed: False
        SC shield enabled: False
        POR State: ANY
        LCD Mode: COMMON
        Register Mode: RegComb
        CaSense Mode: NEITHER
        Treat as pin: True
        Is OE Registered: False
        Uses Analog: False
        Can contain Digital: True
        Is SIO: False
        SIO Output Buf: NONREGULATED
        SIO Input Buf: SINGLE_ENDED
        SIO HiFreq: LOW
        SIO Hyst: DISABLED
        SIO Vtrip: MULTIPLIER_0_5
        SIO Multiplier Index: 0
        SIO RefSel: VCC_IO
        Required Capabilities: DIGITAL
        Initial Value: 0
        IO Voltage: 0
    PORT MAP (
        pa_out => ENABLE_FRONT_MOTORS(0)__PA ,
        pad => ENABLE_FRONT_MOTORS(0)_PAD );
    Properties:
    {
    }

[IoId=2]: 
Pin : Name = DIR_REAR(0)
    Attributes:
        In Group/Port: True
        In Sync Option: AUTO
        Out Sync Option: NOSYNC
        Interrupt generated: False
        Interrupt mode: NONE
        Drive mode: CMOS_OUT
        VTrip: EITHER
        Slew: FAST
        Input Sync needed: False
        Output Sync needed: False
        SC shield enabled: False
        POR State: ANY
        LCD Mode: COMMON
        Register Mode: RegComb
        CaSense Mode: NEITHER
        Treat as pin: True
        Is OE Registered: False
        Uses Analog: False
        Can contain Digital: True
        Is SIO: False
        SIO Output Buf: NONREGULATED
        SIO Input Buf: SINGLE_ENDED
        SIO HiFreq: LOW
        SIO Hyst: DISABLED
        SIO Vtrip: MULTIPLIER_0_5
        SIO Multiplier Index: 0
        SIO RefSel: VCC_IO
        Required Capabilities: DIGITAL
        Initial Value: 0
        IO Voltage: 0
    PORT MAP (
        pa_out => DIR_REAR(0)__PA ,
        pad => DIR_REAR(0)_PAD );
    Properties:
    {
    }

[IoId=3]: 
Pin : Name = DIR_REAR_RIGHT(0)
    Attributes:
        In Group/Port: True
        In Sync Option: AUTO
        Out Sync Option: NOSYNC
        Interrupt generated: False
        Interrupt mode: NONE
        Drive mode: CMOS_OUT
        VTrip: EITHER
        Slew: FAST
        Input Sync needed: False
        Output Sync needed: False
        SC shield enabled: False
        POR State: ANY
        LCD Mode: COMMON
        Register Mode: RegComb
        CaSense Mode: NEITHER
        Treat as pin: True
        Is OE Registered: False
        Uses Analog: False
        Can contain Digital: True
        Is SIO: False
        SIO Output Buf: NONREGULATED
        SIO Input Buf: SINGLE_ENDED
        SIO HiFreq: LOW
        SIO Hyst: DISABLED
        SIO Vtrip: MULTIPLIER_0_5
        SIO Multiplier Index: 0
        SIO RefSel: VCC_IO
        Required Capabilities: DIGITAL
        Initial Value: 0
        IO Voltage: 0
    PORT MAP (
        pa_out => DIR_REAR_RIGHT(0)__PA ,
        pad => DIR_REAR_RIGHT(0)_PAD );
    Properties:
    {
    }

[IoId=4]: 
Pin : Name = BUTTON_TILT_EN(0)
    Attributes:
        In Group/Port: True
        In Sync Option: NOSYNC
        Out Sync Option: AUTO
        Interrupt generated: False
        Interrupt mode: NONE
        Drive mode: HI_Z_DIGITAL
        VTrip: CMOS
        Slew: FAST
        Input Sync needed: False
        Output Sync needed: False
        SC shield enabled: False
        POR State: ANY
        LCD Mode: COMMON
        Register Mode: RegComb
        CaSense Mode: NEITHER
        Treat as pin: True
        Is OE Registered: False
        Uses Analog: False
        Can contain Digital: True
        Is SIO: False
        SIO Output Buf: NONREGULATED
        SIO Input Buf: SINGLE_ENDED
        SIO HiFreq: LOW
        SIO Hyst: DISABLED
        SIO Vtrip: MULTIPLIER_0_5
        SIO Multiplier Index: 0
        SIO RefSel: VCC_IO
        Required Capabilities: DIGITAL
        Initial Value: 0
        IO Voltage: 0
    PORT MAP (
        pa_out => BUTTON_TILT_EN(0)__PA ,
        pad => BUTTON_TILT_EN(0)_PAD );
    Properties:
    {
    }

[IoId=5]: 
Pin : Name = BUTTON_MOTOR_EN(0)
    Attributes:
        In Group/Port: True
        In Sync Option: NOSYNC
        Out Sync Option: AUTO
        Interrupt generated: False
        Interrupt mode: NONE
        Drive mode: HI_Z_DIGITAL
        VTrip: CMOS
        Slew: FAST
        Input Sync needed: False
        Output Sync needed: False
        SC shield enabled: False
        POR State: ANY
        LCD Mode: COMMON
        Register Mode: RegComb
        CaSense Mode: NEITHER
        Treat as pin: True
        Is OE Registered: False
        Uses Analog: False
        Can contain Digital: True
        Is SIO: False
        SIO Output Buf: NONREGULATED
        SIO Input Buf: SINGLE_ENDED
        SIO HiFreq: LOW
        SIO Hyst: DISABLED
        SIO Vtrip: MULTIPLIER_0_5
        SIO Multiplier Index: 0
        SIO RefSel: VCC_IO
        Required Capabilities: DIGITAL
        Initial Value: 0
        IO Voltage: 0
    PORT MAP (
        pa_out => BUTTON_MOTOR_EN(0)__PA ,
        pad => BUTTON_MOTOR_EN(0)_PAD );
    Properties:
    {
    }

[IoId=6]: 
Pin : Name = BUTTON_DIR_UP(0)
    Attributes:
        In Group/Port: True
        In Sync Option: NOSYNC
        Out Sync Option: AUTO
        Interrupt generated: False
        Interrupt mode: NONE
        Drive mode: HI_Z_DIGITAL
        VTrip: CMOS
        Slew: FAST
        Input Sync needed: False
        Output Sync needed: False
        SC shield enabled: False
        POR State: ANY
        LCD Mode: COMMON
        Register Mode: RegComb
        CaSense Mode: NEITHER
        Treat as pin: True
        Is OE Registered: False
        Uses Analog: False
        Can contain Digital: True
        Is SIO: False
        SIO Output Buf: NONREGULATED
        SIO Input Buf: SINGLE_ENDED
        SIO HiFreq: LOW
        SIO Hyst: DISABLED
        SIO Vtrip: MULTIPLIER_0_5
        SIO Multiplier Index: 0
        SIO RefSel: VCC_IO
        Required Capabilities: DIGITAL
        Initial Value: 0
        IO Voltage: 0
    PORT MAP (
        pa_out => BUTTON_DIR_UP(0)__PA ,
        pad => BUTTON_DIR_UP(0)_PAD );
    Properties:
    {
    }

[IoId=7]: 
Pin : Name = BUTTON_DIR_DOWN(0)
    Attributes:
        In Group/Port: True
        In Sync Option: NOSYNC
        Out Sync Option: AUTO
        Interrupt generated: False
        Interrupt mode: NONE
        Drive mode: HI_Z_DIGITAL
        VTrip: CMOS
        Slew: FAST
        Input Sync needed: False
        Output Sync needed: False
        SC shield enabled: False
        POR State: ANY
        LCD Mode: COMMON
        Register Mode: RegComb
        CaSense Mode: NEITHER
        Treat as pin: True
        Is OE Registered: False
        Uses Analog: False
        Can contain Digital: True
        Is SIO: False
        SIO Output Buf: NONREGULATED
        SIO Input Buf: SINGLE_ENDED
        SIO HiFreq: LOW
        SIO Hyst: DISABLED
        SIO Vtrip: MULTIPLIER_0_5
        SIO Multiplier Index: 0
        SIO RefSel: VCC_IO
        Required Capabilities: DIGITAL
        Initial Value: 0
        IO Voltage: 0
    PORT MAP (
        pa_out => BUTTON_DIR_DOWN(0)__PA ,
        pad => BUTTON_DIR_DOWN(0)_PAD );
    Properties:
    {
    }

Port 3 contains the following IO cells:
[IoId=0]: 
Pin : Name = GPIO_30(0)
    Attributes:
        In Group/Port: True
        In Sync Option: AUTO
        Out Sync Option: NOSYNC
        Interrupt generated: False
        Interrupt mode: NONE
        Drive mode: CMOS_OUT
        VTrip: EITHER
        Slew: FAST
        Input Sync needed: False
        Output Sync needed: False
        SC shield enabled: False
        POR State: ANY
        LCD Mode: COMMON
        Register Mode: RegComb
        CaSense Mode: NEITHER
        Treat as pin: True
        Is OE Registered: False
        Uses Analog: False
        Can contain Digital: True
        Is SIO: False
        SIO Output Buf: NONREGULATED
        SIO Input Buf: SINGLE_ENDED
        SIO HiFreq: LOW
        SIO Hyst: DISABLED
        SIO Vtrip: MULTIPLIER_0_5
        SIO Multiplier Index: 0
        SIO RefSel: VCC_IO
        Required Capabilities: DIGITAL
        Initial Value: 0
        IO Voltage: 0
    PORT MAP (
        pa_out => GPIO_30(0)__PA ,
        pad => GPIO_30(0)_PAD );
    Properties:
    {
    }

[IoId=1]: 
Pin : Name = CURRENT_SENSE_4(0)
    Attributes:
        In Group/Port: True
        In Sync Option: NOSYNC
        Out Sync Option: AUTO
        Interrupt generated: False
        Interrupt mode: NONE
        Drive mode: HI_Z_DIGITAL
        VTrip: CMOS
        Slew: FAST
        Input Sync needed: False
        Output Sync needed: False
        SC shield enabled: False
        POR State: ANY
        LCD Mode: COMMON
        Register Mode: RegComb
        CaSense Mode: NEITHER
        Treat as pin: True
        Is OE Registered: False
        Uses Analog: False
        Can contain Digital: True
        Is SIO: False
        SIO Output Buf: NONREGULATED
        SIO Input Buf: SINGLE_ENDED
        SIO HiFreq: LOW
        SIO Hyst: DISABLED
        SIO Vtrip: MULTIPLIER_0_5
        SIO Multiplier Index: 0
        SIO RefSel: VCC_IO
        Required Capabilities: DIGITAL, ROUTABLE
        Initial Value: 0
        IO Voltage: 0
    PORT MAP (
        pa_out => CURRENT_SENSE_4(0)__PA ,
        fb => Net_607 ,
        pad => CURRENT_SENSE_4(0)_PAD );
    Properties:
    {
    }

[IoId=4]: 
Pin : Name = CURRENT_SENSE_1(0)
    Attributes:
        In Group/Port: True
        In Sync Option: NOSYNC
        Out Sync Option: AUTO
        Interrupt generated: False
        Interrupt mode: NONE
        Drive mode: HI_Z_DIGITAL
        VTrip: CMOS
        Slew: FAST
        Input Sync needed: False
        Output Sync needed: False
        SC shield enabled: False
        POR State: ANY
        LCD Mode: COMMON
        Register Mode: RegComb
        CaSense Mode: NEITHER
        Treat as pin: True
        Is OE Registered: False
        Uses Analog: False
        Can contain Digital: True
        Is SIO: False
        SIO Output Buf: NONREGULATED
        SIO Input Buf: SINGLE_ENDED
        SIO HiFreq: LOW
        SIO Hyst: DISABLED
        SIO Vtrip: MULTIPLIER_0_5
        SIO Multiplier Index: 0
        SIO RefSel: VCC_IO
        Required Capabilities: DIGITAL, ROUTABLE
        Initial Value: 0
        IO Voltage: 0
    PORT MAP (
        pa_out => CURRENT_SENSE_1(0)__PA ,
        fb => Net_520 ,
        pad => CURRENT_SENSE_1(0)_PAD );
    Properties:
    {
    }

[IoId=5]: 
Pin : Name = CURRENT_SENSE_EN(0)
    Attributes:
        In Group/Port: True
        In Sync Option: AUTO
        Out Sync Option: NOSYNC
        Interrupt generated: False
        Interrupt mode: NONE
        Drive mode: CMOS_OUT
        VTrip: EITHER
        Slew: FAST
        Input Sync needed: False
        Output Sync needed: False
        SC shield enabled: False
        POR State: ANY
        LCD Mode: COMMON
        Register Mode: RegComb
        CaSense Mode: NEITHER
        Treat as pin: True
        Is OE Registered: False
        Uses Analog: False
        Can contain Digital: True
        Is SIO: False
        SIO Output Buf: NONREGULATED
        SIO Input Buf: SINGLE_ENDED
        SIO HiFreq: LOW
        SIO Hyst: DISABLED
        SIO Vtrip: MULTIPLIER_0_5
        SIO Multiplier Index: 0
        SIO RefSel: VCC_IO
        Required Capabilities: DIGITAL
        Initial Value: 0
        IO Voltage: 0
    PORT MAP (
        pa_out => CURRENT_SENSE_EN(0)__PA ,
        pad => CURRENT_SENSE_EN(0)_PAD );
    Properties:
    {
    }

[IoId=6]: 
Pin : Name = GPIO_36(0)
    Attributes:
        In Group/Port: True
        In Sync Option: AUTO
        Out Sync Option: NOSYNC
        Interrupt generated: False
        Interrupt mode: NONE
        Drive mode: CMOS_OUT
        VTrip: EITHER
        Slew: FAST
        Input Sync needed: False
        Output Sync needed: False
        SC shield enabled: False
        POR State: ANY
        LCD Mode: COMMON
        Register Mode: RegComb
        CaSense Mode: NEITHER
        Treat as pin: True
        Is OE Registered: False
        Uses Analog: False
        Can contain Digital: True
        Is SIO: False
        SIO Output Buf: NONREGULATED
        SIO Input Buf: SINGLE_ENDED
        SIO HiFreq: LOW
        SIO Hyst: DISABLED
        SIO Vtrip: MULTIPLIER_0_5
        SIO Multiplier Index: 0
        SIO RefSel: VCC_IO
        Required Capabilities: DIGITAL
        Initial Value: 0
        IO Voltage: 0
    PORT MAP (
        pa_out => GPIO_36(0)__PA ,
        pad => GPIO_36(0)_PAD );
    Properties:
    {
    }

[IoId=7]: 
Pin : Name = PSOC_ALERT(0)
    Attributes:
        In Group/Port: True
        In Sync Option: AUTO
        Out Sync Option: NOSYNC
        Interrupt generated: False
        Interrupt mode: NONE
        Drive mode: CMOS_OUT
        VTrip: EITHER
        Slew: FAST
        Input Sync needed: False
        Output Sync needed: False
        SC shield enabled: False
        POR State: ANY
        LCD Mode: COMMON
        Register Mode: RegComb
        CaSense Mode: NEITHER
        Treat as pin: True
        Is OE Registered: False
        Uses Analog: False
        Can contain Digital: True
        Is SIO: False
        SIO Output Buf: NONREGULATED
        SIO Input Buf: SINGLE_ENDED
        SIO HiFreq: LOW
        SIO Hyst: DISABLED
        SIO Vtrip: MULTIPLIER_0_5
        SIO Multiplier Index: 0
        SIO RefSel: VCC_IO
        Required Capabilities: DIGITAL
        Initial Value: 0
        IO Voltage: 0
    PORT MAP (
        pa_out => PSOC_ALERT(0)__PA ,
        pad => PSOC_ALERT(0)_PAD );
    Properties:
    {
    }

Port 4 contains the following IO cells:
[IoId=0]: 
Pin : Name = \I2C_0:scl(0)\
    Attributes:
        In Group/Port: True
        In Sync Option: NOSYNC
        Out Sync Option: NOSYNC
        Interrupt generated: False
        Interrupt mode: NONE
        Drive mode: OPEN_DRAIN_LO
        VTrip: CMOS
        Slew: FAST
        Input Sync needed: False
        Output Sync needed: False
        SC shield enabled: False
        POR State: ANY
        LCD Mode: COMMON
        Register Mode: RegComb
        CaSense Mode: NEITHER
        Treat as pin: True
        Is OE Registered: False
        Uses Analog: False
        Can contain Digital: True
        Is SIO: False
        SIO Output Buf: NONREGULATED
        SIO Input Buf: SINGLE_ENDED
        SIO HiFreq: LOW
        SIO Hyst: DISABLED
        SIO Vtrip: MULTIPLIER_0_5
        SIO Multiplier Index: 0
        SIO RefSel: VCC_IO
        Required Capabilities: DIGITAL
        Initial Value: 1
        IO Voltage: 0
    PORT MAP (
        pa_out => \I2C_0:scl(0)\__PA ,
        fb => Net_22 ,
        pad => \I2C_0:scl(0)_PAD\ );
    Properties:
    {
    }

[IoId=1]: 
Pin : Name = \I2C_0:sda(0)\
    Attributes:
        In Group/Port: True
        In Sync Option: NOSYNC
        Out Sync Option: NOSYNC
        Interrupt generated: False
        Interrupt mode: NONE
        Drive mode: OPEN_DRAIN_LO
        VTrip: CMOS
        Slew: FAST
        Input Sync needed: False
        Output Sync needed: False
        SC shield enabled: False
        POR State: ANY
        LCD Mode: COMMON
        Register Mode: RegComb
        CaSense Mode: NEITHER
        Treat as pin: True
        Is OE Registered: False
        Uses Analog: False
        Can contain Digital: True
        Is SIO: False
        SIO Output Buf: NONREGULATED
        SIO Input Buf: SINGLE_ENDED
        SIO HiFreq: LOW
        SIO Hyst: DISABLED
        SIO Vtrip: MULTIPLIER_0_5
        SIO Multiplier Index: 0
        SIO RefSel: VCC_IO
        Required Capabilities: DIGITAL
        Initial Value: 1
        IO Voltage: 0
    PORT MAP (
        pa_out => \I2C_0:sda(0)\__PA ,
        fb => Net_23 ,
        pad => \I2C_0:sda(0)_PAD\ );
    Properties:
    {
    }

[IoId=2]: 
Pin : Name = IMU_RST(0)
    Attributes:
        In Group/Port: True
        In Sync Option: AUTO
        Out Sync Option: NOSYNC
        Interrupt generated: False
        Interrupt mode: NONE
        Drive mode: CMOS_OUT
        VTrip: EITHER
        Slew: FAST
        Input Sync needed: False
        Output Sync needed: False
        SC shield enabled: False
        POR State: ANY
        LCD Mode: COMMON
        Register Mode: RegComb
        CaSense Mode: NEITHER
        Treat as pin: True
        Is OE Registered: False
        Uses Analog: False
        Can contain Digital: True
        Is SIO: False
        SIO Output Buf: NONREGULATED
        SIO Input Buf: SINGLE_ENDED
        SIO HiFreq: LOW
        SIO Hyst: DISABLED
        SIO Vtrip: MULTIPLIER_0_5
        SIO Multiplier Index: 0
        SIO RefSel: VCC_IO
        Required Capabilities: DIGITAL
        Initial Value: 0
        IO Voltage: 0
    PORT MAP (
        pa_out => IMU_RST(0)__PA ,
        pad => IMU_RST(0)_PAD );
    Properties:
    {
    }

[IoId=3]: 
Pin : Name = LED_1(0)
    Attributes:
        In Group/Port: True
        In Sync Option: AUTO
        Out Sync Option: NOSYNC
        Interrupt generated: False
        Interrupt mode: NONE
        Drive mode: CMOS_OUT
        VTrip: EITHER
        Slew: FAST
        Input Sync needed: False
        Output Sync needed: False
        SC shield enabled: False
        POR State: ANY
        LCD Mode: COMMON
        Register Mode: RegComb
        CaSense Mode: NEITHER
        Treat as pin: True
        Is OE Registered: False
        Uses Analog: False
        Can contain Digital: True
        Is SIO: False
        SIO Output Buf: NONREGULATED
        SIO Input Buf: SINGLE_ENDED
        SIO HiFreq: LOW
        SIO Hyst: DISABLED
        SIO Vtrip: MULTIPLIER_0_5
        SIO Multiplier Index: 0
        SIO RefSel: VCC_IO
        Required Capabilities: DIGITAL
        Initial Value: 0
        IO Voltage: 0
    PORT MAP (
        pa_out => LED_1(0)__PA ,
        pad => LED_1(0)_PAD );
    Properties:
    {
    }

ARM group 0: empty
Clock group 0: 
    Clock Block @ F(Clock,0): 
    m0s8clockblockcell: Name =ClockBlock
        PORT MAP (
            hfclk => ClockBlock_HFClk ,
            imo => ClockBlock_IMO ,
            ext => ClockBlock_ExtClk ,
            sysclk => ClockBlock_SysClk ,
            ilo => ClockBlock_ILO ,
            lfclk => ClockBlock_LFClk ,
            dsi_in_0 => ClockBlock_Routed1 ,
            ff_div_2 => \I2C_0:Net_847_ff2\ ,
            udb_div_0 => dclk_to_genclk );
        Properties:
        {
        }
LCD group 0: empty
PICU group 0: empty
LPCOMP group 0: empty
SCB group 0: 
    SCB Block @ F(SCB,0): 
    m0s8scbcell: Name =\I2C_0:SCB\
        PORT MAP (
            clock => \I2C_0:Net_847_ff2\ ,
            interrupt => Net_6 ,
            uart_tx => \I2C_0:tx_wire\ ,
            uart_rts => \I2C_0:rts_wire\ ,
            mosi_m => \I2C_0:mosi_m_wire\ ,
            select_m_3 => \I2C_0:select_m_wire_3\ ,
            select_m_2 => \I2C_0:select_m_wire_2\ ,
            select_m_1 => \I2C_0:select_m_wire_1\ ,
            select_m_0 => \I2C_0:select_m_wire_0\ ,
            sclk_m => \I2C_0:sclk_m_wire\ ,
            miso_s => \I2C_0:miso_s_wire\ ,
            i2c_scl => Net_22 ,
            i2c_sda => Net_23 ,
            tr_tx_req => Net_24 ,
            tr_rx_req => Net_15 );
        Properties:
        {
            cy_registers = ""
            scb_mode = 0
        }
CSD group 0: empty
CSIDAC8 group 0: empty
CSIDAC7 group 0: empty
TCPWM group 0: empty
OA group 0: empty
TEMP group 0: empty
SARADC group 0: empty
CLK_GEN group 0: 
    M0S8 Clock Gen Block @ F(CLK_GEN,0): 
    m0s8clockgenblockcell: Name =ClockGenBlock
        PORT MAP (
            gen_clk_out_0 => Net_45_digital ,
            gen_clk_in_0 => dclk_to_genclk );
        Properties:
        {
        }
LPCOMPBLOCK group 0: empty
PASSBLOCK group 0: empty
WCO group 0: empty
SRSS group 0: empty
CPUSS group 0: empty
EXCO group 0: empty
</CYPRESSTAG>
<CYPRESSTAG name="Port Configuration Details">

------------------------------------------------------------
Port Configuration report
------------------------------------------------------------
     |     |       | Interrupt |                  |                        | 
Port | Pin | Fixed |      Type |       Drive Mode |                   Name | Connections
-----+-----+-------+-----------+------------------+------------------------+-------------
   0 |   0 |     * |      NONE |         CMOS_OUT |               LED_2(0) | 
     |   1 |     * |      NONE |         CMOS_OUT |               LED_3(0) | 
     |   2 |     * |      NONE |         CMOS_OUT |               LED_4(0) | 
     |   3 |     * |      NONE |     HI_Z_DIGITAL |      LIMIT_SWITCH_1(0) | FB(Net_7615)
     |   4 |     * |      NONE |         CMOS_OUT |           BUZZER_EN(0) | 
     |   5 |     * |      NONE |     HI_Z_DIGITAL |      LIMIT_SWITCH_2(0) | FB(Net_7616)
     |   6 |     * |      NONE |     HI_Z_DIGITAL |      LIMIT_SWITCH_3(0) | FB(Net_7617)
     |   7 |     * |      NONE |     HI_Z_DIGITAL |      LIMIT_SWITCH_4(0) | FB(Net_7618)
-----+-----+-------+-----------+------------------+------------------------+-------------
   1 |   0 |     * |      NONE |         CMOS_OUT |           PWM_FRONT(0) | In(Net_34)
     |   1 |     * |      NONE |         CMOS_OUT |            PWM_REAR(0) | In(Net_231)
     |   2 |     * |      NONE |         CMOS_OUT |          BUZZER_PWM(0) | In(Net_1020)
     |   3 |     * |      NONE |         CMOS_OUT |             GPIO_13(0) | 
     |   4 |     * |      NONE |     HI_Z_DIGITAL |     CURRENT_SENSE_3(0) | FB(Net_594)
     |   5 |     * |      NONE |     HI_Z_DIGITAL |     CURRENT_SENSE_2(0) | FB(Net_581)
     |   6 |       |      NONE |         CMOS_OUT |     DIR_FRONT_RIGHT(0) | 
     |   7 |     * |      NONE |         CMOS_OUT |  ENABLE_REAR_MOTORS(0) | 
-----+-----+-------+-----------+------------------+------------------------+-------------
   2 |   0 |     * |      NONE |         CMOS_OUT |           DIR_FRONT(0) | 
     |   1 |     * |      NONE |         CMOS_OUT | ENABLE_FRONT_MOTORS(0) | 
     |   2 |     * |      NONE |         CMOS_OUT |            DIR_REAR(0) | 
     |   3 |     * |      NONE |         CMOS_OUT |      DIR_REAR_RIGHT(0) | 
     |   4 |     * |      NONE |     HI_Z_DIGITAL |      BUTTON_TILT_EN(0) | 
     |   5 |     * |      NONE |     HI_Z_DIGITAL |     BUTTON_MOTOR_EN(0) | 
     |   6 |     * |      NONE |     HI_Z_DIGITAL |       BUTTON_DIR_UP(0) | 
     |   7 |     * |      NONE |     HI_Z_DIGITAL |     BUTTON_DIR_DOWN(0) | 
-----+-----+-------+-----------+------------------+------------------------+-------------
   3 |   0 |     * |      NONE |         CMOS_OUT |             GPIO_30(0) | 
     |   1 |     * |      NONE |     HI_Z_DIGITAL |     CURRENT_SENSE_4(0) | FB(Net_607)
     |   4 |     * |      NONE |     HI_Z_DIGITAL |     CURRENT_SENSE_1(0) | FB(Net_520)
     |   5 |     * |      NONE |         CMOS_OUT |    CURRENT_SENSE_EN(0) | 
     |   6 |     * |      NONE |         CMOS_OUT |             GPIO_36(0) | 
     |   7 |     * |      NONE |         CMOS_OUT |          PSOC_ALERT(0) | 
-----+-----+-------+-----------+------------------+------------------------+-------------
   4 |   0 |     * |      NONE |    OPEN_DRAIN_LO |         \I2C_0:scl(0)\ | FB(Net_22)
     |   1 |     * |      NONE |    OPEN_DRAIN_LO |         \I2C_0:sda(0)\ | FB(Net_23)
     |   2 |     * |      NONE |         CMOS_OUT |             IMU_RST(0) | 
     |   3 |     * |      NONE |         CMOS_OUT |               LED_1(0) | 
-----------------------------------------------------------------------------------------
</CYPRESSTAG>
</CYPRESSTAG>
</CYPRESSTAG>
Digital component placer commit/Report: Elapsed time ==> 0s.027ms
Digital Placement phase: Elapsed time ==> 0s.569ms
</CYPRESSTAG>
<CYPRESSTAG name="Digital Routing">
"C:\Program Files (x86)\Cypress\PSoC Creator\4.4\PSoC Creator\bin/sjrouter.exe" --xml-path "C:\Program Files (x86)\Cypress\PSoC Creator\4.4\PSoC Creator\dev\psoc4/psoc4a/route_arch-rrg.cydata" --vh2-path "psoc_4200_uplift_r.vh2" --pcf-path "psoc_4200_uplift.pco" --des-name "psoc_4200_uplift" --dsf-path "psoc_4200_uplift.dsf" --sdc-path "psoc_4200_uplift.sdc" --lib-path "psoc_4200_uplift_r.lib"
Routing successful.
Digital Routing phase: Elapsed time ==> 0s.508ms
</CYPRESSTAG>
<CYPRESSTAG name="Bitstream Generation">
Bitstream Generation phase: Elapsed time ==> 0s.111ms
</CYPRESSTAG>
<CYPRESSTAG name="Bitstream Verification">
Bitstream Verification phase: Elapsed time ==> 0s.000ms
</CYPRESSTAG>
<CYPRESSTAG name="Static timing analysis">
Timing report is in psoc_4200_uplift_timing.html.
Static timing analysis phase: Elapsed time ==> 0s.190ms
</CYPRESSTAG>
<CYPRESSTAG name="Data reporting">
Data reporting phase: Elapsed time ==> 0s.000ms
</CYPRESSTAG>
<CYPRESSTAG name="Database update...">
Design database save phase: Elapsed time ==> 0s.115ms
</CYPRESSTAG>
cydsfit: Elapsed time ==> 1s.995ms
</CYPRESSTAG>
Fitter phase: Elapsed time ==> 1s.997ms
API generation phase: Elapsed time ==> 1s.557ms
Dependency generation phase: Elapsed time ==> 0s.015ms
Cleanup phase: Elapsed time ==> 0s.000ms
