ARM GAS  C:\Users\amant\AppData\Local\Temp\ccgEi7qj.s 			page 1


   1              		.syntax unified
   2              		.cpu cortex-m0
   3              		.fpu softvfp
   4              		.eabi_attribute 20, 1
   5              		.eabi_attribute 21, 1
   6              		.eabi_attribute 23, 3
   7              		.eabi_attribute 24, 1
   8              		.eabi_attribute 25, 1
   9              		.eabi_attribute 26, 1
  10              		.eabi_attribute 30, 1
  11              		.eabi_attribute 34, 0
  12              		.eabi_attribute 18, 4
  13              		.thumb
  14              		.syntax unified
  15              		.file	"main.c"
  16              		.text
  17              	.Ltext0:
  18              		.cfi_sections	.debug_frame
  19              		.section	.text.i2c_read_transaction,"ax",%progbits
  20              		.align	2
  21              		.global	i2c_read_transaction
  22              		.code	16
  23              		.thumb_func
  24              		.type	i2c_read_transaction, %function
  25              	i2c_read_transaction:
  26              	.LFB33:
  27              		.file 1 "main.c"
   1:main.c        **** /* ========================================
   2:main.c        ****  *
   3:main.c        ****  * Copyright YOUR COMPANY, THE YEAR
   4:main.c        ****  * All Rights Reserved
   5:main.c        ****  * UNPUBLISHED, LICENSED SOFTWARE.
   6:main.c        ****  *
   7:main.c        ****  * CONFIDENTIAL AND PROPRIETARY INFORMATION
   8:main.c        ****  * WHICH IS THE PROPERTY OF your company.
   9:main.c        ****  *
  10:main.c        ****  * ========================================
  11:main.c        **** */
  12:main.c        **** #include "project.h"
  13:main.c        **** #include <stdio.h>
  14:main.c        **** #include <stdbool.h>
  15:main.c        **** 
  16:main.c        **** /* State Machine Transition Logic
  17:main.c        **** The first thing to note is that IDLE is also a state. The reason it is not in this table is because
  18:main.c        **** of each state are defined relative to IDLE. This is related to the second thing to note, which is t
  19:main.c        **** transition into one of these states (in the table below) if you are in IDLE. When buttons are click
  20:main.c        **** occur, and when the buttons are no longer being clicked, it will transition back to IDLE. The third
  21:main.c        **** that you can get to the PANIC state from any state based on the IMU readings.
  22:main.c        **** 
  23:main.c        **** Table layout explanation: The second column is representing how a transition from the state in that
  24:main.c        **** third column has the conditions for how a transition can occur from IDLE to the state in that row.
  25:main.c        **** 
  26:main.c        **** State       |      Transition to IDLE      |      Transition away from IDLE
  27:main.c        **** ---------------------------------------------------------------------------------------------------
  28:main.c        **** SLEEP       |  When any button is clicked  |    After a certain amount of time
  29:main.c        **** 
  30:main.c        **** RAISE_LEGS  |    Buttons not clicked       |    Left top and right top buttons clicked and we are i
ARM GAS  C:\Users\amant\AppData\Local\Temp\ccgEi7qj.s 			page 2


  31:main.c        **** 
  32:main.c        **** LOWER_LEGS  |    Buttons not clicked       |    Left top and right bottom buttons clicked and we ar
  33:main.c        **** 
  34:main.c        **** RAISE_SEAT  |    Buttons not clicked       |    Left bottom and right top buttons clicked and we ar
  35:main.c        **** 
  36:main.c        **** LOWER_SEAT  |    Buttons not clicked       |    Left bottom and right bottom buttons clicked and we
  37:main.c        **** 
  38:main.c        **** PANIC       |    IMU values read normal    |    IMU trigger (walker fell over)
  39:main.c        **** 
  40:main.c        **** */
  41:main.c        **** 
  42:main.c        **** /* I2C Clarification
  43:main.c        **** - Since we are using the I2C SCB (not EZI2C), the packet does not have to be manually parsed.
  44:main.c        **** - Instead, the following scheme is followed to interface with slave devices:
  45:main.c        ****     1. Initialize communication session
  46:main.c        ****     2. Request data (single or multiple bytes) from slave device
  47:main.c        ****     3. Transfer that data to a buffer for later use
  48:main.c        ****     4. End communication session
  49:main.c        ****     
  50:main.c        **** - For scanning the I2C bus for devices that may be there, a scan function can be used
  51:main.c        ****     - since the possible address range is from 0x08 to 0x77, a for loop should work
  52:main.c        ****     - iterate through each address and use the read function to try and read a single byte
  53:main.c        ****     - if a response is received, remember that address
  54:main.c        ****     - if not response is recevied after a few seconds, go to the next address
  55:main.c        **** 
  56:main.c        **** */
  57:main.c        **** 
  58:main.c        **** /*
  59:main.c        **** TODO:
  60:main.c        **** 1. test buttons getting input
  61:main.c        **** 2. test buttons activating motors
  62:main.c        **** 3. test changing of state with buttons and motors
  63:main.c        **** 4. test two motors using the same PWM signal
  64:main.c        **** 5. get IMU communicating
  65:main.c        **** 
  66:main.c        **** 
  67:main.c        **** 
  68:main.c        **** */
  69:main.c        **** 
  70:main.c        **** // interrupts for current sense 1, 2, 3, 4
  71:main.c        **** //  - when these write high (3.3v), shut down the associated motors
  72:main.c        **** 
  73:main.c        **** // This is the enumerate type that defines possible states of the walker
  74:main.c        **** typedef enum { SLEEP, IDLE, RAISE_LEGS, LOWER_LEGS, RAISE_SEAT, LOWER_SEAT, PANIC } State;
  75:main.c        **** 
  76:main.c        **** void i2c_read_transaction(uint32 slave_address, uint8 read_slave_register, uint8 *copy_to, uint32 s
  28              		.loc 1 76 0
  29              		.cfi_startproc
  30              		@ args = 0, pretend = 0, frame = 8
  31              		@ frame_needed = 0, uses_anonymous_args = 0
  32              	.LVL0:
  33 0000 F0B5     		push	{r4, r5, r6, r7, lr}
  34              		.cfi_def_cfa_offset 20
  35              		.cfi_offset 4, -20
  36              		.cfi_offset 5, -16
  37              		.cfi_offset 6, -12
  38              		.cfi_offset 7, -8
ARM GAS  C:\Users\amant\AppData\Local\Temp\ccgEi7qj.s 			page 3


  39              		.cfi_offset 14, -4
  40 0002 83B0     		sub	sp, sp, #12
  41              		.cfi_def_cfa_offset 32
  42 0004 0400     		movs	r4, r0
  43 0006 1600     		movs	r6, r2
  44 0008 1F00     		movs	r7, r3
  45 000a 6B46     		mov	r3, sp
  46              	.LVL1:
  47 000c DD1D     		adds	r5, r3, #7
  48 000e D971     		strb	r1, [r3, #7]
  77:main.c        ****     /*
  78:main.c        ****     Abstracted function for dealing with reading data from the I2C bus.
  79:main.c        ****     
  80:main.c        ****     Args:
  81:main.c        ****         slave_address (unint32) - The address of the slave device desired to be read from on the I2
  82:main.c        ****         read_from_register (unit32) - The register on the slave device that holds the information t
  83:main.c        ****         copy_to (uint8 *) - Buffer that the read values get copied to
  84:main.c        ****         size (unit32) - The number of bytes that you want to read from the slave device
  85:main.c        ****     
  86:main.c        ****     Return:
  87:main.c        ****         (uint8 *) - A pointer to the buffer of data we want to use in our other functions
  88:main.c        ****     */
  89:main.c        **** 
  90:main.c        ****     // start function handles initialization and enabling communication for I2C
  91:main.c        ****     //  - init configures the SCB block to use I2C, and enable activates the component's hardware a
  92:main.c        ****     I2C_0_Start();
  49              		.loc 1 92 0
  50 0010 FFF7FEFF 		bl	I2C_0_Start
  51              	.LVL2:
  93:main.c        ****     
  94:main.c        ****     I2C_0_I2CMasterWriteBuf(slave_address, &read_slave_register, 1, I2C_0_I2C_MODE_NO_STOP);
  52              		.loc 1 94 0
  53 0014 0223     		movs	r3, #2
  54 0016 0122     		movs	r2, #1
  55 0018 2900     		movs	r1, r5
  56 001a 2000     		movs	r0, r4
  57 001c FFF7FEFF 		bl	I2C_0_I2CMasterWriteBuf
  58              	.LVL3:
  95:main.c        **** 
  96:main.c        ****     uint32 errS = I2C_0_I2CMasterReadBuf(slave_address, copy_to, size, I2C_0_I2C_MODE_REPEAT_START)
  59              		.loc 1 96 0
  60 0020 0123     		movs	r3, #1
  61 0022 3A00     		movs	r2, r7
  62 0024 3100     		movs	r1, r6
  63 0026 2000     		movs	r0, r4
  64 0028 FFF7FEFF 		bl	I2C_0_I2CMasterReadBuf
  65              	.LVL4:
  97:main.c        **** }
  66              		.loc 1 97 0
  67 002c 03B0     		add	sp, sp, #12
  68              		@ sp needed
  69              	.LVL5:
  70              	.LVL6:
  71              	.LVL7:
  72              	.LVL8:
  73 002e F0BD     		pop	{r4, r5, r6, r7, pc}
  74              		.cfi_endproc
ARM GAS  C:\Users\amant\AppData\Local\Temp\ccgEi7qj.s 			page 4


  75              	.LFE33:
  76              		.size	i2c_read_transaction, .-i2c_read_transaction
  77              		.section	.text.check_imu,"ax",%progbits
  78              		.align	2
  79              		.global	check_imu
  80              		.code	16
  81              		.thumb_func
  82              		.type	check_imu, %function
  83              	check_imu:
  84              	.LFB34:
  98:main.c        **** 
  99:main.c        **** bool check_imu(State *current_state) {
  85              		.loc 1 99 0
  86              		.cfi_startproc
  87              		@ args = 0, pretend = 0, frame = 8
  88              		@ frame_needed = 0, uses_anonymous_args = 0
  89              	.LVL9:
  90 0000 00B5     		push	{lr}
  91              		.cfi_def_cfa_offset 4
  92              		.cfi_offset 14, -4
  93 0002 83B0     		sub	sp, sp, #12
  94              		.cfi_def_cfa_offset 16
 100:main.c        ****     /*
 101:main.c        ****     Checks IMU readings from the I2C bus and will transition back to IDLE if the readings are withi
 102:main.c        ****     
 103:main.c        ****     Args:
 104:main.c        ****         current_state (State *) - pointer to the current state, can be modified directly for state 
 105:main.c        ****     
 106:main.c        ****     Returns:
 107:main.c        ****         (bool) - true if walker has fallen over and false if the IMU readings are within a safe ran
 108:main.c        ****     */
 109:main.c        ****     uint8 roll_imu_raw_data[2];
 110:main.c        ****     uint8 pitch_imu_raw_data[2];
 111:main.c        ****     
 112:main.c        ****     // TODO: abstract the parameters to these functions like slave device and registers being read 
 113:main.c        ****     i2c_read_transaction(0x28, 0x1c, roll_imu_raw_data, 2);
  95              		.loc 1 113 0
  96 0004 0223     		movs	r3, #2
  97 0006 01AA     		add	r2, sp, #4
  98 0008 1C21     		movs	r1, #28
  99 000a 2820     		movs	r0, #40
 100              	.LVL10:
 101 000c FFF7FEFF 		bl	i2c_read_transaction
 102              	.LVL11:
 114:main.c        ****     i2c_read_transaction(0x28, 0x1e, pitch_imu_raw_data, 2);
 103              		.loc 1 114 0
 104 0010 0223     		movs	r3, #2
 105 0012 6A46     		mov	r2, sp
 106 0014 1E21     		movs	r1, #30
 107 0016 2820     		movs	r0, #40
 108 0018 FFF7FEFF 		bl	i2c_read_transaction
 109              	.LVL12:
 115:main.c        ****     
 116:main.c        ****     int16_t usable_roll_data = (int16_t) ((roll_imu_raw_data[1] << 8) | roll_imu_raw_data[0]) / 16;
 117:main.c        ****     int16_t usable_pitch_data = (int16_t) ((pitch_imu_raw_data[1] << 8) | pitch_imu_raw_data[0]) / 
 118:main.c        ****     
 119:main.c        ****     // TODO: check conditionals for usable roll and pitch data to return true if walker is knocked 
ARM GAS  C:\Users\amant\AppData\Local\Temp\ccgEi7qj.s 			page 5


 120:main.c        **** 
 121:main.c        ****     return false;
 122:main.c        **** }
 110              		.loc 1 122 0
 111 001c 0020     		movs	r0, #0
 112 001e 03B0     		add	sp, sp, #12
 113              	.LVL13:
 114              		@ sp needed
 115 0020 00BD     		pop	{pc}
 116              		.cfi_endproc
 117              	.LFE34:
 118              		.size	check_imu, .-check_imu
 119 0022 C046     		.section	.text.handle_sleep_state,"ax",%progbits
 120              		.align	2
 121              		.global	handle_sleep_state
 122              		.code	16
 123              		.thumb_func
 124              		.type	handle_sleep_state, %function
 125              	handle_sleep_state:
 126              	.LFB35:
 123:main.c        **** 
 124:main.c        **** // watchdog timer or real time clock for sleep state to wake it back up based on watchdog interrupt
 125:main.c        **** void handle_sleep_state(/* State current_state, current time on the realt time clock */) {
 127              		.loc 1 125 0
 128              		.cfi_startproc
 129              		@ args = 0, pretend = 0, frame = 0
 130              		@ frame_needed = 0, uses_anonymous_args = 0
 131              		@ link register save eliminated.
 126:main.c        ****     
 127:main.c        **** }
 132              		.loc 1 127 0
 133              		@ sp needed
 134 0000 7047     		bx	lr
 135              		.cfi_endproc
 136              	.LFE35:
 137              		.size	handle_sleep_state, .-handle_sleep_state
 138 0002 C046     		.section	.text.handle_idle_state,"ax",%progbits
 139              		.align	2
 140              		.global	handle_idle_state
 141              		.code	16
 142              		.thumb_func
 143              		.type	handle_idle_state, %function
 144              	handle_idle_state:
 145              	.LFB36:
 128:main.c        **** 
 129:main.c        **** void handle_idle_state(State *current_state) {
 146              		.loc 1 129 0
 147              		.cfi_startproc
 148              		@ args = 0, pretend = 0, frame = 8
 149              		@ frame_needed = 0, uses_anonymous_args = 0
 150              	.LVL14:
 151 0000 F0B5     		push	{r4, r5, r6, r7, lr}
 152              		.cfi_def_cfa_offset 20
 153              		.cfi_offset 4, -20
 154              		.cfi_offset 5, -16
 155              		.cfi_offset 6, -12
 156              		.cfi_offset 7, -8
ARM GAS  C:\Users\amant\AppData\Local\Temp\ccgEi7qj.s 			page 6


 157              		.cfi_offset 14, -4
 158 0002 83B0     		sub	sp, sp, #12
 159              		.cfi_def_cfa_offset 32
 160 0004 0600     		movs	r6, r0
 130:main.c        ****     /*
 131:main.c        ****     Handles the IDLE state of the walker. The purpose of this function is to check buttons pressed 
 132:main.c        ****     that determine the next state.
 133:main.c        ****     
 134:main.c        ****     Args:
 135:main.c        ****         current_state (State *) - pointer to the current state, can be modified directly for state 
 136:main.c        ****     */
 137:main.c        ****     uint8 tilt_seat_button = BUTTON_TILT_EN_Read();
 161              		.loc 1 137 0
 162 0006 FFF7FEFF 		bl	BUTTON_TILT_EN_Read
 163              	.LVL15:
 164 000a 0500     		movs	r5, r0
 165              	.LVL16:
 138:main.c        ****     uint8 all_legs_button = BUTTON_MOTOR_EN_Read();
 166              		.loc 1 138 0
 167 000c FFF7FEFF 		bl	BUTTON_MOTOR_EN_Read
 168              	.LVL17:
 169 0010 0400     		movs	r4, r0
 170              	.LVL18:
 139:main.c        ****     uint8 motors_up_button = BUTTON_DIR_UP_Read();
 171              		.loc 1 139 0
 172 0012 FFF7FEFF 		bl	BUTTON_DIR_UP_Read
 173              	.LVL19:
 174 0016 0700     		movs	r7, r0
 175              	.LVL20:
 140:main.c        ****     uint8 motors_down_button = BUTTON_DIR_DOWN_Read();
 176              		.loc 1 140 0
 177 0018 FFF7FEFF 		bl	BUTTON_DIR_DOWN_Read
 178              	.LVL21:
 179 001c 0190     		str	r0, [sp, #4]
 180              	.LVL22:
 141:main.c        ****     
 142:main.c        ****     // IMU function handling if the IMU is reading that the walker has fallen over (we only care ab
 143:main.c        ****     bool did_you_fall = check_imu(current_state);
 181              		.loc 1 143 0
 182 001e 3000     		movs	r0, r6
 183              	.LVL23:
 184 0020 FFF7FEFF 		bl	check_imu
 185              	.LVL24:
 144:main.c        ****     if (did_you_fall) {
 186              		.loc 1 144 0
 187 0024 0028     		cmp	r0, #0
 188 0026 01D0     		beq	.L5
 145:main.c        ****         *current_state = PANIC;
 189              		.loc 1 145 0
 190 0028 0623     		movs	r3, #6
 191 002a 3370     		strb	r3, [r6]
 192              	.L5:
 146:main.c        ****     }
 147:main.c        ****     
 148:main.c        ****     // TODO: add a timer here (real time clock) to transition to sleep state after a certain period
 149:main.c        ****     //  - Before transitioning to another state, reset the clock
 150:main.c        ****     //  - also only start the clock when we enter idle state
ARM GAS  C:\Users\amant\AppData\Local\Temp\ccgEi7qj.s 			page 7


 151:main.c        ****     //  -if the clock reads over a specific time, transition to sleep
 152:main.c        **** 
 153:main.c        ****     
 154:main.c        ****     if (all_legs_button && motors_up_button) {
 193              		.loc 1 154 0
 194 002c 002C     		cmp	r4, #0
 195 002e 04D0     		beq	.L6
 196              		.loc 1 154 0 is_stmt 0 discriminator 1
 197 0030 002F     		cmp	r7, #0
 198 0032 02D0     		beq	.L6
 155:main.c        ****         *current_state = RAISE_LEGS;
 199              		.loc 1 155 0 is_stmt 1
 200 0034 0223     		movs	r3, #2
 201 0036 3370     		strb	r3, [r6]
 202 0038 15E0     		b	.L4
 203              	.L6:
 156:main.c        ****     }
 157:main.c        ****     else if (all_legs_button && motors_down_button) {
 204              		.loc 1 157 0
 205 003a 002C     		cmp	r4, #0
 206 003c 05D0     		beq	.L8
 207              		.loc 1 157 0 is_stmt 0 discriminator 1
 208 003e 019B     		ldr	r3, [sp, #4]
 209 0040 002B     		cmp	r3, #0
 210 0042 02D0     		beq	.L8
 158:main.c        ****         *current_state = LOWER_LEGS;
 211              		.loc 1 158 0 is_stmt 1
 212 0044 0323     		movs	r3, #3
 213 0046 3370     		strb	r3, [r6]
 214 0048 0DE0     		b	.L4
 215              	.L8:
 159:main.c        ****     }
 160:main.c        ****     else if (tilt_seat_button && motors_up_button) {
 216              		.loc 1 160 0
 217 004a 002D     		cmp	r5, #0
 218 004c 04D0     		beq	.L9
 219              		.loc 1 160 0 is_stmt 0 discriminator 1
 220 004e 002F     		cmp	r7, #0
 221 0050 02D0     		beq	.L9
 161:main.c        ****         *current_state = RAISE_SEAT;
 222              		.loc 1 161 0 is_stmt 1
 223 0052 0423     		movs	r3, #4
 224 0054 3370     		strb	r3, [r6]
 225 0056 06E0     		b	.L4
 226              	.L9:
 162:main.c        ****     }
 163:main.c        ****     else if (tilt_seat_button && motors_down_button) {
 227              		.loc 1 163 0
 228 0058 002D     		cmp	r5, #0
 229 005a 04D0     		beq	.L4
 230              		.loc 1 163 0 is_stmt 0 discriminator 1
 231 005c 019B     		ldr	r3, [sp, #4]
 232 005e 002B     		cmp	r3, #0
 233 0060 01D0     		beq	.L4
 164:main.c        ****         *current_state = LOWER_SEAT;
 234              		.loc 1 164 0 is_stmt 1
 235 0062 0523     		movs	r3, #5
ARM GAS  C:\Users\amant\AppData\Local\Temp\ccgEi7qj.s 			page 8


 236 0064 3370     		strb	r3, [r6]
 237              	.L4:
 165:main.c        ****     }
 166:main.c        **** }
 238              		.loc 1 166 0
 239 0066 03B0     		add	sp, sp, #12
 240              		@ sp needed
 241              	.LVL25:
 242              	.LVL26:
 243              	.LVL27:
 244              	.LVL28:
 245 0068 F0BD     		pop	{r4, r5, r6, r7, pc}
 246              		.cfi_endproc
 247              	.LFE36:
 248              		.size	handle_idle_state, .-handle_idle_state
 249 006a C046     		.section	.text.handle_raise_legs_state,"ax",%progbits
 250              		.align	2
 251              		.global	handle_raise_legs_state
 252              		.code	16
 253              		.thumb_func
 254              		.type	handle_raise_legs_state, %function
 255              	handle_raise_legs_state:
 256              	.LFB37:
 167:main.c        **** 
 168:main.c        **** void handle_raise_legs_state(State *current_state) {
 257              		.loc 1 168 0
 258              		.cfi_startproc
 259              		@ args = 0, pretend = 0, frame = 0
 260              		@ frame_needed = 0, uses_anonymous_args = 0
 261              	.LVL29:
 262 0000 70B5     		push	{r4, r5, r6, lr}
 263              		.cfi_def_cfa_offset 16
 264              		.cfi_offset 4, -16
 265              		.cfi_offset 5, -12
 266              		.cfi_offset 6, -8
 267              		.cfi_offset 14, -4
 268 0002 0400     		movs	r4, r0
 169:main.c        ****     /*
 170:main.c        ****     Handles the RAISE_LEGS state, where all legs of the walker should be raised together. If we are
 171:main.c        ****     the pulses should slow down and motors should only activate if they are not trying to pass the 
 172:main.c        ****     
 173:main.c        ****     Args:
 174:main.c        ****         current_state (State *) - pointer to the current state, can be modified directly for state 
 175:main.c        ****     */
 176:main.c        ****     
 177:main.c        ****     uint8 legs_enable_button = BUTTON_MOTOR_EN_Read();
 269              		.loc 1 177 0
 270 0004 FFF7FEFF 		bl	BUTTON_MOTOR_EN_Read
 271              	.LVL30:
 272 0008 0500     		movs	r5, r0
 273              	.LVL31:
 178:main.c        ****     uint8 raise_legs_button = BUTTON_DIR_UP_Read();
 274              		.loc 1 178 0
 275 000a FFF7FEFF 		bl	BUTTON_DIR_UP_Read
 276              	.LVL32:
 179:main.c        ****     
 180:main.c        ****     
ARM GAS  C:\Users\amant\AppData\Local\Temp\ccgEi7qj.s 			page 9


 181:main.c        ****     if (legs_enable_button==0 && raise_legs_button==0) {
 277              		.loc 1 181 0
 278 000e 2843     		orrs	r0, r5
 279              	.LVL33:
 280 0010 C0B2     		uxtb	r0, r0
 281 0012 0028     		cmp	r0, #0
 282 0014 06D1     		bne	.L11
 182:main.c        ****         PWM_REAR_0_Stop();
 283              		.loc 1 182 0
 284 0016 FFF7FEFF 		bl	PWM_REAR_0_Stop
 285              	.LVL34:
 183:main.c        ****         PWM_FRONT_0_Stop();
 286              		.loc 1 183 0
 287 001a FFF7FEFF 		bl	PWM_FRONT_0_Stop
 288              	.LVL35:
 184:main.c        ****         *current_state = IDLE;
 289              		.loc 1 184 0
 290 001e 0123     		movs	r3, #1
 291 0020 2370     		strb	r3, [r4]
 292 0022 15E0     		b	.L10
 293              	.L11:
 185:main.c        ****     }
 186:main.c        ****     else {
 187:main.c        ****         ENABLE_FRONT_MOTORS_Write(1);
 294              		.loc 1 187 0
 295 0024 0120     		movs	r0, #1
 296 0026 FFF7FEFF 		bl	ENABLE_FRONT_MOTORS_Write
 297              	.LVL36:
 188:main.c        ****         ENABLE_REAR_MOTORS_Write(1);
 298              		.loc 1 188 0
 299 002a 0120     		movs	r0, #1
 300 002c FFF7FEFF 		bl	ENABLE_REAR_MOTORS_Write
 301              	.LVL37:
 189:main.c        ****     
 190:main.c        ****         PWM_REAR_0_Start();
 302              		.loc 1 190 0
 303 0030 FFF7FEFF 		bl	PWM_REAR_0_Start
 304              	.LVL38:
 191:main.c        ****         PWM_FRONT_0_Start();
 305              		.loc 1 191 0
 306 0034 FFF7FEFF 		bl	PWM_FRONT_0_Start
 307              	.LVL39:
 192:main.c        ****     
 193:main.c        ****         //  - I think this should be executing in a loop that is broken when either enabling button
 194:main.c        ****         DIR_FRONT_LEFT_Write(1);
 308              		.loc 1 194 0
 309 0038 0120     		movs	r0, #1
 310 003a FFF7FEFF 		bl	DIR_FRONT_LEFT_Write
 311              	.LVL40:
 195:main.c        ****         DIR_FRONT_RIGHT_Write(1);
 312              		.loc 1 195 0
 313 003e 0120     		movs	r0, #1
 314 0040 FFF7FEFF 		bl	DIR_FRONT_RIGHT_Write
 315              	.LVL41:
 196:main.c        ****         DIR_REAR_LEFT_Write(1);
 316              		.loc 1 196 0
 317 0044 0120     		movs	r0, #1
ARM GAS  C:\Users\amant\AppData\Local\Temp\ccgEi7qj.s 			page 10


 318 0046 FFF7FEFF 		bl	DIR_REAR_LEFT_Write
 319              	.LVL42:
 197:main.c        ****         DIR_REAR_RIGHT_Write(1);
 320              		.loc 1 197 0
 321 004a 0120     		movs	r0, #1
 322 004c FFF7FEFF 		bl	DIR_REAR_RIGHT_Write
 323              	.LVL43:
 324              	.L10:
 198:main.c        ****     }
 199:main.c        ****     
 200:main.c        **** }
 325              		.loc 1 200 0
 326              		@ sp needed
 327              	.LVL44:
 328              	.LVL45:
 329 0050 70BD     		pop	{r4, r5, r6, pc}
 330              		.cfi_endproc
 331              	.LFE37:
 332              		.size	handle_raise_legs_state, .-handle_raise_legs_state
 333 0052 C046     		.section	.text.handle_lower_legs_state,"ax",%progbits
 334              		.align	2
 335              		.global	handle_lower_legs_state
 336              		.code	16
 337              		.thumb_func
 338              		.type	handle_lower_legs_state, %function
 339              	handle_lower_legs_state:
 340              	.LFB38:
 201:main.c        **** 
 202:main.c        **** void handle_lower_legs_state(State *current_state) {
 341              		.loc 1 202 0
 342              		.cfi_startproc
 343              		@ args = 0, pretend = 0, frame = 0
 344              		@ frame_needed = 0, uses_anonymous_args = 0
 345              	.LVL46:
 346 0000 70B5     		push	{r4, r5, r6, lr}
 347              		.cfi_def_cfa_offset 16
 348              		.cfi_offset 4, -16
 349              		.cfi_offset 5, -12
 350              		.cfi_offset 6, -8
 351              		.cfi_offset 14, -4
 352 0002 0400     		movs	r4, r0
 203:main.c        ****     /*
 204:main.c        ****     Handles the LOWER_LEGS state, where all legs of the walker should be lowered together. If we ar
 205:main.c        ****     the pulses for the motors should slow down, and motors should only activate if they are not try
 206:main.c        ****     
 207:main.c        ****     Args:
 208:main.c        ****         current_state (State *) - pointer to the current state, can be modified directly for state 
 209:main.c        ****     */
 210:main.c        ****     uint8 legs_enable_button = BUTTON_MOTOR_EN_Read();
 353              		.loc 1 210 0
 354 0004 FFF7FEFF 		bl	BUTTON_MOTOR_EN_Read
 355              	.LVL47:
 356 0008 0500     		movs	r5, r0
 357              	.LVL48:
 211:main.c        ****     uint8 lower_legs_button = BUTTON_DIR_DOWN_Read();
 358              		.loc 1 211 0
 359 000a FFF7FEFF 		bl	BUTTON_DIR_DOWN_Read
ARM GAS  C:\Users\amant\AppData\Local\Temp\ccgEi7qj.s 			page 11


 360              	.LVL49:
 212:main.c        ****     
 213:main.c        ****     if (legs_enable_button==0 && lower_legs_button==0) {
 361              		.loc 1 213 0
 362 000e 2843     		orrs	r0, r5
 363              	.LVL50:
 364 0010 C0B2     		uxtb	r0, r0
 365 0012 0028     		cmp	r0, #0
 366 0014 06D1     		bne	.L14
 214:main.c        ****         PWM_REAR_0_Stop();
 367              		.loc 1 214 0
 368 0016 FFF7FEFF 		bl	PWM_REAR_0_Stop
 369              	.LVL51:
 215:main.c        ****         PWM_FRONT_0_Stop();
 370              		.loc 1 215 0
 371 001a FFF7FEFF 		bl	PWM_FRONT_0_Stop
 372              	.LVL52:
 216:main.c        ****         *current_state = IDLE;
 373              		.loc 1 216 0
 374 001e 0123     		movs	r3, #1
 375 0020 2370     		strb	r3, [r4]
 376 0022 15E0     		b	.L13
 377              	.L14:
 217:main.c        ****     }
 218:main.c        ****     else {
 219:main.c        ****         ENABLE_FRONT_MOTORS_Write(1);
 378              		.loc 1 219 0
 379 0024 0120     		movs	r0, #1
 380 0026 FFF7FEFF 		bl	ENABLE_FRONT_MOTORS_Write
 381              	.LVL53:
 220:main.c        ****         ENABLE_REAR_MOTORS_Write(1);
 382              		.loc 1 220 0
 383 002a 0120     		movs	r0, #1
 384 002c FFF7FEFF 		bl	ENABLE_REAR_MOTORS_Write
 385              	.LVL54:
 221:main.c        ****     
 222:main.c        ****         PWM_REAR_0_Start();
 386              		.loc 1 222 0
 387 0030 FFF7FEFF 		bl	PWM_REAR_0_Start
 388              	.LVL55:
 223:main.c        ****         PWM_FRONT_0_Start();
 389              		.loc 1 223 0
 390 0034 FFF7FEFF 		bl	PWM_FRONT_0_Start
 391              	.LVL56:
 224:main.c        ****     
 225:main.c        ****         //  - I think this should be executing in a loop that is broken when either enabling button
 226:main.c        ****         DIR_FRONT_LEFT_Write(0);
 392              		.loc 1 226 0
 393 0038 0020     		movs	r0, #0
 394 003a FFF7FEFF 		bl	DIR_FRONT_LEFT_Write
 395              	.LVL57:
 227:main.c        ****         DIR_FRONT_RIGHT_Write(0);
 396              		.loc 1 227 0
 397 003e 0020     		movs	r0, #0
 398 0040 FFF7FEFF 		bl	DIR_FRONT_RIGHT_Write
 399              	.LVL58:
 228:main.c        ****         DIR_REAR_LEFT_Write(0);
ARM GAS  C:\Users\amant\AppData\Local\Temp\ccgEi7qj.s 			page 12


 400              		.loc 1 228 0
 401 0044 0020     		movs	r0, #0
 402 0046 FFF7FEFF 		bl	DIR_REAR_LEFT_Write
 403              	.LVL59:
 229:main.c        ****         DIR_REAR_RIGHT_Write(0);
 404              		.loc 1 229 0
 405 004a 0020     		movs	r0, #0
 406 004c FFF7FEFF 		bl	DIR_REAR_RIGHT_Write
 407              	.LVL60:
 408              	.L13:
 230:main.c        ****     }
 231:main.c        ****     
 232:main.c        **** }
 409              		.loc 1 232 0
 410              		@ sp needed
 411              	.LVL61:
 412              	.LVL62:
 413 0050 70BD     		pop	{r4, r5, r6, pc}
 414              		.cfi_endproc
 415              	.LFE38:
 416              		.size	handle_lower_legs_state, .-handle_lower_legs_state
 417 0052 C046     		.section	.text.handle_raise_seat_state,"ax",%progbits
 418              		.align	2
 419              		.global	handle_raise_seat_state
 420              		.code	16
 421              		.thumb_func
 422              		.type	handle_raise_seat_state, %function
 423              	handle_raise_seat_state:
 424              	.LFB39:
 233:main.c        **** 
 234:main.c        **** void handle_raise_seat_state(State *current_state) {
 425              		.loc 1 234 0
 426              		.cfi_startproc
 427              		@ args = 0, pretend = 0, frame = 0
 428              		@ frame_needed = 0, uses_anonymous_args = 0
 429              	.LVL63:
 430 0000 70B5     		push	{r4, r5, r6, lr}
 431              		.cfi_def_cfa_offset 16
 432              		.cfi_offset 4, -16
 433              		.cfi_offset 5, -12
 434              		.cfi_offset 6, -8
 435              		.cfi_offset 14, -4
 436 0002 0400     		movs	r4, r0
 235:main.c        ****     /*
 236:main.c        ****     Handles the RAISE_SEAT state, where only the back two motors should be activated at once.
 237:main.c        ****     
 238:main.c        ****     Args:
 239:main.c        ****         current_state (State *) - pointer to the current state, can be modified directly for state 
 240:main.c        ****     */
 241:main.c        ****     uint8 enable_tilt_seat_button = BUTTON_TILT_EN_Read();
 437              		.loc 1 241 0
 438 0004 FFF7FEFF 		bl	BUTTON_TILT_EN_Read
 439              	.LVL64:
 440 0008 0500     		movs	r5, r0
 441              	.LVL65:
 242:main.c        ****     // TODO: Check to make sure that the seat is tilted down when the rear legs raise up
 243:main.c        ****     uint8 raise_rear_legs_button = BUTTON_DIR_UP_Read();
ARM GAS  C:\Users\amant\AppData\Local\Temp\ccgEi7qj.s 			page 13


 442              		.loc 1 243 0
 443 000a FFF7FEFF 		bl	BUTTON_DIR_UP_Read
 444              	.LVL66:
 244:main.c        ****     
 245:main.c        ****     if (enable_tilt_seat_button==0 && raise_rear_legs_button==0) {
 445              		.loc 1 245 0
 446 000e 2843     		orrs	r0, r5
 447              	.LVL67:
 448 0010 C0B2     		uxtb	r0, r0
 449 0012 0028     		cmp	r0, #0
 450 0014 04D1     		bne	.L17
 246:main.c        ****         PWM_REAR_0_Stop();
 451              		.loc 1 246 0
 452 0016 FFF7FEFF 		bl	PWM_REAR_0_Stop
 453              	.LVL68:
 247:main.c        ****         *current_state = IDLE;
 454              		.loc 1 247 0
 455 001a 0123     		movs	r3, #1
 456 001c 2370     		strb	r3, [r4]
 457 001e 0DE0     		b	.L16
 458              	.L17:
 248:main.c        ****     }
 249:main.c        ****     else {
 250:main.c        ****         ENABLE_FRONT_MOTORS_Write(0);
 459              		.loc 1 250 0
 460 0020 0020     		movs	r0, #0
 461 0022 FFF7FEFF 		bl	ENABLE_FRONT_MOTORS_Write
 462              	.LVL69:
 251:main.c        ****         ENABLE_REAR_MOTORS_Write(1);
 463              		.loc 1 251 0
 464 0026 0120     		movs	r0, #1
 465 0028 FFF7FEFF 		bl	ENABLE_REAR_MOTORS_Write
 466              	.LVL70:
 252:main.c        ****     
 253:main.c        ****         PWM_REAR_0_Start();
 467              		.loc 1 253 0
 468 002c FFF7FEFF 		bl	PWM_REAR_0_Start
 469              	.LVL71:
 254:main.c        ****     
 255:main.c        ****         //DIR_FRONT_LEFT_Write(0);
 256:main.c        ****         //DIR_FRONT_RIGHT_Write(0);
 257:main.c        ****         DIR_REAR_LEFT_Write(1);
 470              		.loc 1 257 0
 471 0030 0120     		movs	r0, #1
 472 0032 FFF7FEFF 		bl	DIR_REAR_LEFT_Write
 473              	.LVL72:
 258:main.c        ****         DIR_REAR_RIGHT_Write(1);
 474              		.loc 1 258 0
 475 0036 0120     		movs	r0, #1
 476 0038 FFF7FEFF 		bl	DIR_REAR_RIGHT_Write
 477              	.LVL73:
 478              	.L16:
 259:main.c        ****     }
 260:main.c        **** }
 479              		.loc 1 260 0
 480              		@ sp needed
 481              	.LVL74:
ARM GAS  C:\Users\amant\AppData\Local\Temp\ccgEi7qj.s 			page 14


 482              	.LVL75:
 483 003c 70BD     		pop	{r4, r5, r6, pc}
 484              		.cfi_endproc
 485              	.LFE39:
 486              		.size	handle_raise_seat_state, .-handle_raise_seat_state
 487 003e C046     		.section	.text.handle_lower_seat_state,"ax",%progbits
 488              		.align	2
 489              		.global	handle_lower_seat_state
 490              		.code	16
 491              		.thumb_func
 492              		.type	handle_lower_seat_state, %function
 493              	handle_lower_seat_state:
 494              	.LFB40:
 261:main.c        **** 
 262:main.c        **** void handle_lower_seat_state(State *current_state) {
 495              		.loc 1 262 0
 496              		.cfi_startproc
 497              		@ args = 0, pretend = 0, frame = 0
 498              		@ frame_needed = 0, uses_anonymous_args = 0
 499              	.LVL76:
 500 0000 70B5     		push	{r4, r5, r6, lr}
 501              		.cfi_def_cfa_offset 16
 502              		.cfi_offset 4, -16
 503              		.cfi_offset 5, -12
 504              		.cfi_offset 6, -8
 505              		.cfi_offset 14, -4
 506 0002 0400     		movs	r4, r0
 263:main.c        ****     /*
 264:main.c        ****     Handles the LOWER_SEAT state, where only the back two motors should be activated at once.
 265:main.c        ****     
 266:main.c        ****     Args:
 267:main.c        ****         current_state (State *) - pointer to the current state, can be modified directly for state 
 268:main.c        ****     */
 269:main.c        ****     uint8 enable_tilt_seat_button = BUTTON_TILT_EN_Read();
 507              		.loc 1 269 0
 508 0004 FFF7FEFF 		bl	BUTTON_TILT_EN_Read
 509              	.LVL77:
 510 0008 0500     		movs	r5, r0
 511              	.LVL78:
 270:main.c        ****     // TODO: Check to make sure that the seat is tilted up when the rear legs lower
 271:main.c        ****     uint8 raise_rear_legs_button = BUTTON_DIR_UP_Read();
 512              		.loc 1 271 0
 513 000a FFF7FEFF 		bl	BUTTON_DIR_UP_Read
 514              	.LVL79:
 272:main.c        ****     
 273:main.c        ****     if (enable_tilt_seat_button==0 && raise_rear_legs_button==0) {
 515              		.loc 1 273 0
 516 000e 2843     		orrs	r0, r5
 517              	.LVL80:
 518 0010 C0B2     		uxtb	r0, r0
 519 0012 0028     		cmp	r0, #0
 520 0014 04D1     		bne	.L20
 274:main.c        ****         PWM_REAR_0_Stop();
 521              		.loc 1 274 0
 522 0016 FFF7FEFF 		bl	PWM_REAR_0_Stop
 523              	.LVL81:
 275:main.c        ****         *current_state = IDLE;
ARM GAS  C:\Users\amant\AppData\Local\Temp\ccgEi7qj.s 			page 15


 524              		.loc 1 275 0
 525 001a 0123     		movs	r3, #1
 526 001c 2370     		strb	r3, [r4]
 527 001e 0DE0     		b	.L19
 528              	.L20:
 276:main.c        ****     }
 277:main.c        ****     else {
 278:main.c        ****         ENABLE_FRONT_MOTORS_Write(0);
 529              		.loc 1 278 0
 530 0020 0020     		movs	r0, #0
 531 0022 FFF7FEFF 		bl	ENABLE_FRONT_MOTORS_Write
 532              	.LVL82:
 279:main.c        ****         ENABLE_REAR_MOTORS_Write(1);
 533              		.loc 1 279 0
 534 0026 0120     		movs	r0, #1
 535 0028 FFF7FEFF 		bl	ENABLE_REAR_MOTORS_Write
 536              	.LVL83:
 280:main.c        **** 
 281:main.c        ****         PWM_REAR_0_Start();
 537              		.loc 1 281 0
 538 002c FFF7FEFF 		bl	PWM_REAR_0_Start
 539              	.LVL84:
 282:main.c        ****         
 283:main.c        ****         //DIR_FRONT_LEFT_Write(1);
 284:main.c        ****         //DIR_FRONT_RIGHT_Write(1);
 285:main.c        ****         DIR_REAR_LEFT_Write(0);
 540              		.loc 1 285 0
 541 0030 0020     		movs	r0, #0
 542 0032 FFF7FEFF 		bl	DIR_REAR_LEFT_Write
 543              	.LVL85:
 286:main.c        ****         DIR_REAR_RIGHT_Write(0);
 544              		.loc 1 286 0
 545 0036 0020     		movs	r0, #0
 546 0038 FFF7FEFF 		bl	DIR_REAR_RIGHT_Write
 547              	.LVL86:
 548              	.L19:
 287:main.c        ****     }
 288:main.c        **** }
 549              		.loc 1 288 0
 550              		@ sp needed
 551              	.LVL87:
 552              	.LVL88:
 553 003c 70BD     		pop	{r4, r5, r6, pc}
 554              		.cfi_endproc
 555              	.LFE40:
 556              		.size	handle_lower_seat_state, .-handle_lower_seat_state
 557 003e C046     		.section	.text.handle_panic_state,"ax",%progbits
 558              		.align	2
 559              		.global	handle_panic_state
 560              		.code	16
 561              		.thumb_func
 562              		.type	handle_panic_state, %function
 563              	handle_panic_state:
 564              	.LFB41:
 289:main.c        **** 
 290:main.c        **** void handle_panic_state(State *current_state) {
 565              		.loc 1 290 0
ARM GAS  C:\Users\amant\AppData\Local\Temp\ccgEi7qj.s 			page 16


 566              		.cfi_startproc
 567              		@ args = 0, pretend = 0, frame = 0
 568              		@ frame_needed = 0, uses_anonymous_args = 0
 569              	.LVL89:
 570 0000 10B5     		push	{r4, lr}
 571              		.cfi_def_cfa_offset 8
 572              		.cfi_offset 4, -8
 573              		.cfi_offset 14, -4
 574 0002 0400     		movs	r4, r0
 291:main.c        ****     /*
 292:main.c        ****     Handle the PANIC state. This is triggered by the IMU, and can only be transitioned away from if
 293:main.c        ****     from the IMU is within a safe range. We do not care about yaw.
 294:main.c        ****     
 295:main.c        ****     Args:
 296:main.c        ****         current_state (State *) - pointer to the current state, can be modified directly for state 
 297:main.c        ****     */
 298:main.c        ****     bool are_you_still_on_the_ground = check_imu(current_state);
 575              		.loc 1 298 0
 576 0004 FFF7FEFF 		bl	check_imu
 577              	.LVL90:
 299:main.c        ****     
 300:main.c        ****     if (!are_you_still_on_the_ground) {
 578              		.loc 1 300 0
 579 0008 0028     		cmp	r0, #0
 580 000a 04D1     		bne	.L23
 301:main.c        ****         BUZZER_PWM_0_Stop();
 581              		.loc 1 301 0
 582 000c FFF7FEFF 		bl	BUZZER_PWM_0_Stop
 583              	.LVL91:
 302:main.c        ****         *current_state = IDLE;
 584              		.loc 1 302 0
 585 0010 0123     		movs	r3, #1
 586 0012 2370     		strb	r3, [r4]
 587 0014 01E0     		b	.L22
 588              	.LVL92:
 589              	.L23:
 303:main.c        ****     }
 304:main.c        ****     else {
 305:main.c        ****         BUZZER_PWM_0_Start();
 590              		.loc 1 305 0
 591 0016 FFF7FEFF 		bl	BUZZER_PWM_0_Start
 592              	.LVL93:
 593              	.L22:
 306:main.c        ****     }
 307:main.c        **** }
 594              		.loc 1 307 0
 595              		@ sp needed
 596              	.LVL94:
 597 001a 10BD     		pop	{r4, pc}
 598              		.cfi_endproc
 599              	.LFE41:
 600              		.size	handle_panic_state, .-handle_panic_state
 601              		.section	.text.are_you_there_imu,"ax",%progbits
 602              		.align	2
 603              		.global	are_you_there_imu
 604              		.code	16
 605              		.thumb_func
ARM GAS  C:\Users\amant\AppData\Local\Temp\ccgEi7qj.s 			page 17


 606              		.type	are_you_there_imu, %function
 607              	are_you_there_imu:
 608              	.LFB42:
 308:main.c        **** 
 309:main.c        **** 
 310:main.c        **** // Do we need this?? -> I2C_0_I2CMasterSendStart
 311:main.c        **** void are_you_there_imu() {
 609              		.loc 1 311 0
 610              		.cfi_startproc
 611              		@ args = 0, pretend = 0, frame = 16
 612              		@ frame_needed = 0, uses_anonymous_args = 0
 613 0000 10B5     		push	{r4, lr}
 614              		.cfi_def_cfa_offset 8
 615              		.cfi_offset 4, -8
 616              		.cfi_offset 14, -4
 617 0002 84B0     		sub	sp, sp, #16
 618              		.cfi_def_cfa_offset 24
 312:main.c        ****     uint32 errS;
 313:main.c        ****     uint8 rdBuff[6];
 314:main.c        ****     uint8 euler_angles = 0x1A;
 619              		.loc 1 314 0
 620 0004 6B46     		mov	r3, sp
 621 0006 DC1D     		adds	r4, r3, #7
 622 0008 1A23     		movs	r3, #26
 623 000a 2370     		strb	r3, [r4]
 315:main.c        ****     I2C_0_Start();
 624              		.loc 1 315 0
 625 000c FFF7FEFF 		bl	I2C_0_Start
 626              	.LVL95:
 316:main.c        ****     
 317:main.c        ****     // when you give the write buffer function a register address, it does not treat it as a write 
 318:main.c        ****     // and instead as a regiter pointer update
 319:main.c        ****     errS = I2C_0_I2CMasterWriteBuf(0x28 << 1, &euler_angles, 1, I2C_0_I2C_MODE_NO_STOP);
 627              		.loc 1 319 0
 628 0010 0223     		movs	r3, #2
 629 0012 0122     		movs	r2, #1
 630 0014 2100     		movs	r1, r4
 631 0016 5020     		movs	r0, #80
 632 0018 FFF7FEFF 		bl	I2C_0_I2CMasterWriteBuf
 633              	.LVL96:
 320:main.c        ****     if (errS != I2C_0_I2C_MSTR_NO_ERROR) {
 634              		.loc 1 320 0
 635 001c 0028     		cmp	r0, #0
 636 001e 04D0     		beq	.L26
 321:main.c        ****         printf("WriteBuf error: %lu\n", errS);
 637              		.loc 1 321 0
 638 0020 0100     		movs	r1, r0
 639 0022 1148     		ldr	r0, .L29
 640              	.LVL97:
 641 0024 FFF7FEFF 		bl	printf
 642              	.LVL98:
 643 0028 1BE0     		b	.L25
 644              	.LVL99:
 645              	.L26:
 322:main.c        ****         return;
 323:main.c        ****     }
 324:main.c        ****     while (!(I2C_0_mstrStatus & I2C_0_I2C_MSTAT_WR_CMPLT));
ARM GAS  C:\Users\amant\AppData\Local\Temp\ccgEi7qj.s 			page 18


 646              		.loc 1 324 0 discriminator 1
 647 002a 104B     		ldr	r3, .L29+4
 648 002c 1B88     		ldrh	r3, [r3]
 649 002e 9B07     		lsls	r3, r3, #30
 650 0030 FBD5     		bpl	.L26
 325:main.c        ****     
 326:main.c        ****     
 327:main.c        ****     // waits for I2C communication to complete
 328:main.c        ****     errS = I2C_0_I2CMasterReadBuf(0x28, rdBuff, 6, I2C_0_I2C_MODE_REPEAT_START);
 651              		.loc 1 328 0
 652 0032 0123     		movs	r3, #1
 653 0034 0622     		movs	r2, #6
 654 0036 02A9     		add	r1, sp, #8
 655 0038 2820     		movs	r0, #40
 656              	.LVL100:
 657 003a FFF7FEFF 		bl	I2C_0_I2CMasterReadBuf
 658              	.LVL101:
 659              	.L28:
 329:main.c        ****     while((I2C_0_mstrStatus & I2C_0_I2C_MSTAT_RD_CMPLT) == 0);
 660              		.loc 1 329 0 discriminator 1
 661 003e 0B4B     		ldr	r3, .L29+4
 662 0040 1B88     		ldrh	r3, [r3]
 663 0042 DB07     		lsls	r3, r3, #31
 664 0044 FBD5     		bpl	.L28
 330:main.c        ****     
 331:main.c        ****     //UART_0_Start();
 332:main.c        ****     
 333:main.c        ****     //for (int i = 0; i < 6; i++) {
 334:main.c        ****     //    printf("0x%02X ", (uint8)rdBuff[i]);
 335:main.c        ****     //}
 336:main.c        ****     int16_t heading = (int16_t)((rdBuff[1] << 8) | rdBuff[0]) / 16;
 665              		.loc 1 336 0
 666 0046 02AA     		add	r2, sp, #8
 667 0048 5378     		ldrb	r3, [r2, #1]
 668 004a 1B02     		lsls	r3, r3, #8
 669 004c 1278     		ldrb	r2, [r2]
 670 004e 1343     		orrs	r3, r2
 671 0050 1BB2     		sxth	r3, r3
 672 0052 DA17     		asrs	r2, r3, #31
 673 0054 0F21     		movs	r1, #15
 674 0056 1140     		ands	r1, r2
 675 0058 C918     		adds	r1, r1, r3
 676 005a 0911     		asrs	r1, r1, #4
 677              	.LVL102:
 337:main.c        ****     
 338:main.c        ****     //if (heading > 180) {
 339:main.c        ****     //    LED_0_Write(~LED_0_Read());
 340:main.c        ****     //}
 341:main.c        ****     
 342:main.c        ****     printf("%i\n", heading);
 678              		.loc 1 342 0
 679 005c 0448     		ldr	r0, .L29+8
 680 005e FFF7FEFF 		bl	printf
 681              	.LVL103:
 682              	.L25:
 343:main.c        **** }
 683              		.loc 1 343 0
ARM GAS  C:\Users\amant\AppData\Local\Temp\ccgEi7qj.s 			page 19


 684 0062 04B0     		add	sp, sp, #16
 685              		@ sp needed
 686 0064 10BD     		pop	{r4, pc}
 687              	.L30:
 688 0066 C046     		.align	2
 689              	.L29:
 690 0068 00000000 		.word	.LC0
 691 006c 00000000 		.word	I2C_0_mstrStatus
 692 0070 18000000 		.word	.LC3
 693              		.cfi_endproc
 694              	.LFE42:
 695              		.size	are_you_there_imu, .-are_you_there_imu
 696              		.section	.text.scan_i2c_bus,"ax",%progbits
 697              		.align	2
 698              		.global	scan_i2c_bus
 699              		.code	16
 700              		.thumb_func
 701              		.type	scan_i2c_bus, %function
 702              	scan_i2c_bus:
 703              	.LFB43:
 344:main.c        **** 
 345:main.c        **** void scan_i2c_bus() {
 704              		.loc 1 345 0
 705              		.cfi_startproc
 706              		@ args = 0, pretend = 0, frame = 0
 707              		@ frame_needed = 0, uses_anonymous_args = 0
 708 0000 10B5     		push	{r4, lr}
 709              		.cfi_def_cfa_offset 8
 710              		.cfi_offset 4, -8
 711              		.cfi_offset 14, -4
 712              	.LVL104:
 346:main.c        ****     uint8_t address;
 347:main.c        ****     uint8_t dummy = 0;
 348:main.c        ****     uint32_t status;
 349:main.c        **** 
 350:main.c        ****     I2C_0_Start();
 713              		.loc 1 350 0
 714 0002 FFF7FEFF 		bl	I2C_0_Start
 715              	.LVL105:
 351:main.c        **** 
 352:main.c        ****     for (address = 1; address < 127; address++) {
 716              		.loc 1 352 0
 717 0006 0124     		movs	r4, #1
 718 0008 18E0     		b	.L32
 719              	.LVL106:
 720              	.L35:
 353:main.c        ****         // Try writing 0 bytes to each address, just to see if ACK is received
 354:main.c        ****         status = I2C_0_I2CMasterSendStart(address << 1, I2C_0_I2C_WRITE_XFER_MODE, 10);
 721              		.loc 1 354 0
 722 000a 6000     		lsls	r0, r4, #1
 723 000c 0A22     		movs	r2, #10
 724 000e 0021     		movs	r1, #0
 725 0010 FFF7FEFF 		bl	I2C_0_I2CMasterSendStart
 726              	.LVL107:
 355:main.c        ****         
 356:main.c        ****         if (status == I2C_0_I2C_MSTR_NO_ERROR) {
 727              		.loc 1 356 0
ARM GAS  C:\Users\amant\AppData\Local\Temp\ccgEi7qj.s 			page 20


 728 0014 0028     		cmp	r0, #0
 729 0016 09D1     		bne	.L33
 357:main.c        ****             LED_2_Write(1);
 730              		.loc 1 357 0
 731 0018 0130     		adds	r0, r0, #1
 732              	.LVL108:
 733 001a FFF7FEFF 		bl	LED_2_Write
 734              	.LVL109:
 358:main.c        ****             CyDelay(3000);
 735              		.loc 1 358 0
 736 001e 0948     		ldr	r0, .L36
 737 0020 FFF7FEFF 		bl	CyDelay
 738              	.LVL110:
 359:main.c        ****             I2C_0_I2CMasterSendStop(10); // Important: end communication cleanly
 739              		.loc 1 359 0
 740 0024 0A20     		movs	r0, #10
 741 0026 FFF7FEFF 		bl	I2C_0_I2CMasterSendStop
 742              	.LVL111:
 743 002a 02E0     		b	.L34
 744              	.LVL112:
 745              	.L33:
 360:main.c        ****         } else {
 361:main.c        ****             I2C_0_I2CMasterSendStop(10); // Still clean up after NACK
 746              		.loc 1 361 0
 747 002c 0A20     		movs	r0, #10
 748              	.LVL113:
 749 002e FFF7FEFF 		bl	I2C_0_I2CMasterSendStop
 750              	.LVL114:
 751              	.L34:
 362:main.c        ****         }
 363:main.c        **** 
 364:main.c        ****         CyDelay(10); // Small delay to avoid hammering the bus
 752              		.loc 1 364 0 discriminator 2
 753 0032 0A20     		movs	r0, #10
 754 0034 FFF7FEFF 		bl	CyDelay
 755              	.LVL115:
 352:main.c        ****         // Try writing 0 bytes to each address, just to see if ACK is received
 756              		.loc 1 352 0 discriminator 2
 757 0038 0134     		adds	r4, r4, #1
 758              	.LVL116:
 759 003a E4B2     		uxtb	r4, r4
 760              	.LVL117:
 761              	.L32:
 352:main.c        ****         // Try writing 0 bytes to each address, just to see if ACK is received
 762              		.loc 1 352 0 is_stmt 0 discriminator 1
 763 003c 7E2C     		cmp	r4, #126
 764 003e E4D9     		bls	.L35
 365:main.c        ****     }
 366:main.c        **** 
 367:main.c        **** }
 765              		.loc 1 367 0 is_stmt 1
 766              		@ sp needed
 767              	.LVL118:
 768 0040 10BD     		pop	{r4, pc}
 769              	.L37:
 770 0042 C046     		.align	2
 771              	.L36:
ARM GAS  C:\Users\amant\AppData\Local\Temp\ccgEi7qj.s 			page 21


 772 0044 B80B0000 		.word	3000
 773              		.cfi_endproc
 774              	.LFE43:
 775              		.size	scan_i2c_bus, .-scan_i2c_bus
 776              		.section	.text.main,"ax",%progbits
 777              		.align	2
 778              		.global	main
 779              		.code	16
 780              		.thumb_func
 781              		.type	main, %function
 782              	main:
 783              	.LFB44:
 368:main.c        **** 
 369:main.c        **** int main(void)
 370:main.c        **** {
 784              		.loc 1 370 0
 785              		.cfi_startproc
 786              		@ args = 0, pretend = 0, frame = 0
 787              		@ frame_needed = 0, uses_anonymous_args = 0
 788 0000 10B5     		push	{r4, lr}
 789              		.cfi_def_cfa_offset 8
 790              		.cfi_offset 4, -8
 791              		.cfi_offset 14, -4
 792              	.LVL119:
 371:main.c        ****     State current_state = IDLE;
 372:main.c        ****     I2C_0_Init();
 793              		.loc 1 372 0
 794 0002 FFF7FEFF 		bl	I2C_0_Init
 795              	.LVL120:
 373:main.c        ****     I2C_0_Enable();
 796              		.loc 1 373 0
 797 0006 FFF7FEFF 		bl	I2C_0_Enable
 798              	.LVL121:
 374:main.c        ****     
 375:main.c        ****     // Motor activation
 376:main.c        ****     CyGlobalIntEnable; /* Enable global interrupts. */
 799              		.loc 1 376 0
 800              		.syntax divided
 801              	@ 376 "main.c" 1
 802 000a 62B6     		CPSIE   i
 803              	@ 0 "" 2
 377:main.c        ****     LED_2_Write(0);
 804              		.loc 1 377 0
 805              		.thumb
 806              		.syntax unified
 807 000c 0020     		movs	r0, #0
 808 000e FFF7FEFF 		bl	LED_2_Write
 809              	.LVL122:
 810              	.L39:
 378:main.c        **** 
 379:main.c        ****     
 380:main.c        ****     while(1) {
 381:main.c        ****         scan_i2c_bus();
 811              		.loc 1 381 0 discriminator 1
 812 0012 FFF7FEFF 		bl	scan_i2c_bus
 813              	.LVL123:
 814 0016 FCE7     		b	.L39
ARM GAS  C:\Users\amant\AppData\Local\Temp\ccgEi7qj.s 			page 22


 815              		.cfi_endproc
 816              	.LFE44:
 817              		.size	main, .-main
 818              		.section	.rodata.str1.4,"aMS",%progbits,1
 819              		.align	2
 820              	.LC0:
 821 0000 57726974 		.ascii	"WriteBuf error: %lu\012\000"
 821      65427566 
 821      20657272 
 821      6F723A20 
 821      256C750A 
 822 0015 000000   		.space	3
 823              	.LC3:
 824 0018 25690A00 		.ascii	"%i\012\000"
 825              		.text
 826              	.Letext0:
 827              		.file 2 "c:\\program files (x86)\\cypress\\psoc creator\\4.4\\psoc creator\\import\\gnu\\arm\\5.4.
 828              		.file 3 "c:\\program files (x86)\\cypress\\psoc creator\\4.4\\psoc creator\\import\\gnu\\arm\\5.4.
 829              		.file 4 "Generated_Source\\PSoC4/cytypes.h"
 830              		.file 5 "Generated_Source\\PSoC4/I2C_0.h"
 831              		.file 6 "Generated_Source\\PSoC4/I2C_0_I2C.h"
 832              		.file 7 "Generated_Source\\PSoC4/BUTTON_TILT_EN.h"
 833              		.file 8 "Generated_Source\\PSoC4/BUTTON_MOTOR_EN.h"
 834              		.file 9 "Generated_Source\\PSoC4/BUTTON_DIR_UP.h"
 835              		.file 10 "Generated_Source\\PSoC4/BUTTON_DIR_DOWN.h"
 836              		.file 11 "Generated_Source\\PSoC4/PWM_REAR_0.h"
 837              		.file 12 "Generated_Source\\PSoC4/PWM_FRONT_0.h"
 838              		.file 13 "Generated_Source\\PSoC4/ENABLE_FRONT_MOTORS.h"
 839              		.file 14 "Generated_Source\\PSoC4/ENABLE_REAR_MOTORS.h"
 840              		.file 15 "Generated_Source\\PSoC4/DIR_FRONT_LEFT.h"
 841              		.file 16 "Generated_Source\\PSoC4/DIR_FRONT_RIGHT.h"
 842              		.file 17 "Generated_Source\\PSoC4/DIR_REAR_LEFT.h"
 843              		.file 18 "Generated_Source\\PSoC4/DIR_REAR_RIGHT.h"
 844              		.file 19 "Generated_Source\\PSoC4/BUZZER_PWM_0.h"
 845              		.file 20 "c:\\program files (x86)\\cypress\\psoc creator\\4.4\\psoc creator\\import\\gnu\\arm\\5.4
 846              		.file 21 "Generated_Source\\PSoC4/LED_2.h"
 847              		.file 22 "Generated_Source\\PSoC4/CyLib.h"
 848              		.file 23 "Generated_Source\\PSoC4/I2C_0_I2C_PVT.h"
 849              		.section	.debug_info,"",%progbits
 850              	.Ldebug_info0:
 851 0000 210A0000 		.4byte	0xa21
 852 0004 0400     		.2byte	0x4
 853 0006 00000000 		.4byte	.Ldebug_abbrev0
 854 000a 04       		.byte	0x4
 855 000b 01       		.uleb128 0x1
 856 000c 9E010000 		.4byte	.LASF94
 857 0010 0C       		.byte	0xc
 858 0011 E8040000 		.4byte	.LASF95
 859 0015 6C000000 		.4byte	.LASF96
 860 0019 00000000 		.4byte	.Ldebug_ranges0+0
 861 001d 00000000 		.4byte	0
 862 0021 00000000 		.4byte	.Ldebug_line0
 863 0025 02       		.uleb128 0x2
 864 0026 01       		.byte	0x1
 865 0027 06       		.byte	0x6
 866 0028 8F030000 		.4byte	.LASF0
 867 002c 03       		.uleb128 0x3
ARM GAS  C:\Users\amant\AppData\Local\Temp\ccgEi7qj.s 			page 23


 868 002d EC020000 		.4byte	.LASF2
 869 0031 02       		.byte	0x2
 870 0032 1D       		.byte	0x1d
 871 0033 37000000 		.4byte	0x37
 872 0037 02       		.uleb128 0x2
 873 0038 01       		.byte	0x1
 874 0039 08       		.byte	0x8
 875 003a 5C030000 		.4byte	.LASF1
 876 003e 03       		.uleb128 0x3
 877 003f 99050000 		.4byte	.LASF3
 878 0043 02       		.byte	0x2
 879 0044 29       		.byte	0x29
 880 0045 49000000 		.4byte	0x49
 881 0049 02       		.uleb128 0x2
 882 004a 02       		.byte	0x2
 883 004b 05       		.byte	0x5
 884 004c 65010000 		.4byte	.LASF4
 885 0050 02       		.uleb128 0x2
 886 0051 02       		.byte	0x2
 887 0052 07       		.byte	0x7
 888 0053 3D040000 		.4byte	.LASF5
 889 0057 02       		.uleb128 0x2
 890 0058 04       		.byte	0x4
 891 0059 05       		.byte	0x5
 892 005a 9F020000 		.4byte	.LASF6
 893 005e 03       		.uleb128 0x3
 894 005f 1A010000 		.4byte	.LASF7
 895 0063 02       		.byte	0x2
 896 0064 41       		.byte	0x41
 897 0065 69000000 		.4byte	0x69
 898 0069 02       		.uleb128 0x2
 899 006a 04       		.byte	0x4
 900 006b 07       		.byte	0x7
 901 006c EF040000 		.4byte	.LASF8
 902 0070 02       		.uleb128 0x2
 903 0071 08       		.byte	0x8
 904 0072 05       		.byte	0x5
 905 0073 68020000 		.4byte	.LASF9
 906 0077 02       		.uleb128 0x2
 907 0078 08       		.byte	0x8
 908 0079 07       		.byte	0x7
 909 007a A8030000 		.4byte	.LASF10
 910 007e 04       		.uleb128 0x4
 911 007f 04       		.byte	0x4
 912 0080 05       		.byte	0x5
 913 0081 696E7400 		.ascii	"int\000"
 914 0085 02       		.uleb128 0x2
 915 0086 04       		.byte	0x4
 916 0087 07       		.byte	0x7
 917 0088 E9030000 		.4byte	.LASF11
 918 008c 03       		.uleb128 0x3
 919 008d 2C020000 		.4byte	.LASF12
 920 0091 03       		.byte	0x3
 921 0092 18       		.byte	0x18
 922 0093 2C000000 		.4byte	0x2c
 923 0097 03       		.uleb128 0x3
 924 0098 96040000 		.4byte	.LASF13
ARM GAS  C:\Users\amant\AppData\Local\Temp\ccgEi7qj.s 			page 24


 925 009c 03       		.byte	0x3
 926 009d 20       		.byte	0x20
 927 009e 3E000000 		.4byte	0x3e
 928 00a2 03       		.uleb128 0x3
 929 00a3 4D020000 		.4byte	.LASF14
 930 00a7 03       		.byte	0x3
 931 00a8 30       		.byte	0x30
 932 00a9 5E000000 		.4byte	0x5e
 933 00ad 05       		.uleb128 0x5
 934 00ae 47020000 		.4byte	.LASF15
 935 00b2 04       		.byte	0x4
 936 00b3 FB01     		.2byte	0x1fb
 937 00b5 37000000 		.4byte	0x37
 938 00b9 05       		.uleb128 0x5
 939 00ba DA040000 		.4byte	.LASF16
 940 00be 04       		.byte	0x4
 941 00bf FC01     		.2byte	0x1fc
 942 00c1 50000000 		.4byte	0x50
 943 00c5 05       		.uleb128 0x5
 944 00c6 E1040000 		.4byte	.LASF17
 945 00ca 04       		.byte	0x4
 946 00cb FD01     		.2byte	0x1fd
 947 00cd 69000000 		.4byte	0x69
 948 00d1 02       		.uleb128 0x2
 949 00d2 04       		.byte	0x4
 950 00d3 04       		.byte	0x4
 951 00d4 5B020000 		.4byte	.LASF18
 952 00d8 02       		.uleb128 0x2
 953 00d9 08       		.byte	0x8
 954 00da 04       		.byte	0x4
 955 00db 02060000 		.4byte	.LASF19
 956 00df 02       		.uleb128 0x2
 957 00e0 01       		.byte	0x1
 958 00e1 08       		.byte	0x8
 959 00e2 57040000 		.4byte	.LASF20
 960 00e6 06       		.uleb128 0x6
 961 00e7 B9000000 		.4byte	0xb9
 962 00eb 02       		.uleb128 0x2
 963 00ec 08       		.byte	0x8
 964 00ed 04       		.byte	0x4
 965 00ee 44030000 		.4byte	.LASF21
 966 00f2 02       		.uleb128 0x2
 967 00f3 04       		.byte	0x4
 968 00f4 07       		.byte	0x7
 969 00f5 BF000000 		.4byte	.LASF22
 970 00f9 07       		.uleb128 0x7
 971 00fa 01       		.byte	0x1
 972 00fb 37000000 		.4byte	0x37
 973 00ff 01       		.byte	0x1
 974 0100 4A       		.byte	0x4a
 975 0101 30010000 		.4byte	0x130
 976 0105 08       		.uleb128 0x8
 977 0106 37040000 		.4byte	.LASF23
 978 010a 00       		.byte	0
 979 010b 08       		.uleb128 0x8
 980 010c 56020000 		.4byte	.LASF24
 981 0110 01       		.byte	0x1
ARM GAS  C:\Users\amant\AppData\Local\Temp\ccgEi7qj.s 			page 25


 982 0111 08       		.uleb128 0x8
 983 0112 4E060000 		.4byte	.LASF25
 984 0116 02       		.byte	0x2
 985 0117 08       		.uleb128 0x8
 986 0118 42010000 		.4byte	.LASF26
 987 011c 03       		.byte	0x3
 988 011d 08       		.uleb128 0x8
 989 011e 37010000 		.4byte	.LASF27
 990 0122 04       		.byte	0x4
 991 0123 08       		.uleb128 0x8
 992 0124 E1020000 		.4byte	.LASF28
 993 0128 05       		.byte	0x5
 994 0129 08       		.uleb128 0x8
 995 012a 90040000 		.4byte	.LASF29
 996 012e 06       		.byte	0x6
 997 012f 00       		.byte	0
 998 0130 03       		.uleb128 0x3
 999 0131 84020000 		.4byte	.LASF30
 1000 0135 01       		.byte	0x1
 1001 0136 4A       		.byte	0x4a
 1002 0137 F9000000 		.4byte	0xf9
 1003 013b 09       		.uleb128 0x9
 1004 013c 01050000 		.4byte	.LASF41
 1005 0140 01       		.byte	0x1
 1006 0141 4C       		.byte	0x4c
 1007 0142 00000000 		.4byte	.LFB33
 1008 0146 30000000 		.4byte	.LFE33-.LFB33
 1009 014a 01       		.uleb128 0x1
 1010 014b 9C       		.byte	0x9c
 1011 014c E6010000 		.4byte	0x1e6
 1012 0150 0A       		.uleb128 0xa
 1013 0151 76020000 		.4byte	.LASF31
 1014 0155 01       		.byte	0x1
 1015 0156 4C       		.byte	0x4c
 1016 0157 C5000000 		.4byte	0xc5
 1017 015b 00000000 		.4byte	.LLST0
 1018 015f 0A       		.uleb128 0xa
 1019 0160 C6040000 		.4byte	.LASF32
 1020 0164 01       		.byte	0x1
 1021 0165 4C       		.byte	0x4c
 1022 0166 AD000000 		.4byte	0xad
 1023 016a 2C000000 		.4byte	.LLST1
 1024 016e 0A       		.uleb128 0xa
 1025 016f 13000000 		.4byte	.LASF33
 1026 0173 01       		.byte	0x1
 1027 0174 4C       		.byte	0x4c
 1028 0175 E6010000 		.4byte	0x1e6
 1029 0179 57000000 		.4byte	.LLST2
 1030 017d 0A       		.uleb128 0xa
 1031 017e 16050000 		.4byte	.LASF34
 1032 0182 01       		.byte	0x1
 1033 0183 4C       		.byte	0x4c
 1034 0184 C5000000 		.4byte	0xc5
 1035 0188 83000000 		.4byte	.LLST3
 1036 018c 0B       		.uleb128 0xb
 1037 018d 09030000 		.4byte	.LASF59
 1038 0191 01       		.byte	0x1
ARM GAS  C:\Users\amant\AppData\Local\Temp\ccgEi7qj.s 			page 26


 1039 0192 60       		.byte	0x60
 1040 0193 C5000000 		.4byte	0xc5
 1041 0197 0C       		.uleb128 0xc
 1042 0198 14000000 		.4byte	.LVL2
 1043 019c 02090000 		.4byte	0x902
 1044 01a0 0D       		.uleb128 0xd
 1045 01a1 20000000 		.4byte	.LVL3
 1046 01a5 0D090000 		.4byte	0x90d
 1047 01a9 C4010000 		.4byte	0x1c4
 1048 01ad 0E       		.uleb128 0xe
 1049 01ae 01       		.uleb128 0x1
 1050 01af 50       		.byte	0x50
 1051 01b0 02       		.uleb128 0x2
 1052 01b1 74       		.byte	0x74
 1053 01b2 00       		.sleb128 0
 1054 01b3 0E       		.uleb128 0xe
 1055 01b4 01       		.uleb128 0x1
 1056 01b5 51       		.byte	0x51
 1057 01b6 02       		.uleb128 0x2
 1058 01b7 75       		.byte	0x75
 1059 01b8 00       		.sleb128 0
 1060 01b9 0E       		.uleb128 0xe
 1061 01ba 01       		.uleb128 0x1
 1062 01bb 52       		.byte	0x52
 1063 01bc 01       		.uleb128 0x1
 1064 01bd 31       		.byte	0x31
 1065 01be 0E       		.uleb128 0xe
 1066 01bf 01       		.uleb128 0x1
 1067 01c0 53       		.byte	0x53
 1068 01c1 01       		.uleb128 0x1
 1069 01c2 32       		.byte	0x32
 1070 01c3 00       		.byte	0
 1071 01c4 0F       		.uleb128 0xf
 1072 01c5 2C000000 		.4byte	.LVL4
 1073 01c9 19090000 		.4byte	0x919
 1074 01cd 0E       		.uleb128 0xe
 1075 01ce 01       		.uleb128 0x1
 1076 01cf 50       		.byte	0x50
 1077 01d0 02       		.uleb128 0x2
 1078 01d1 74       		.byte	0x74
 1079 01d2 00       		.sleb128 0
 1080 01d3 0E       		.uleb128 0xe
 1081 01d4 01       		.uleb128 0x1
 1082 01d5 51       		.byte	0x51
 1083 01d6 02       		.uleb128 0x2
 1084 01d7 76       		.byte	0x76
 1085 01d8 00       		.sleb128 0
 1086 01d9 0E       		.uleb128 0xe
 1087 01da 01       		.uleb128 0x1
 1088 01db 52       		.byte	0x52
 1089 01dc 02       		.uleb128 0x2
 1090 01dd 77       		.byte	0x77
 1091 01de 00       		.sleb128 0
 1092 01df 0E       		.uleb128 0xe
 1093 01e0 01       		.uleb128 0x1
 1094 01e1 53       		.byte	0x53
 1095 01e2 01       		.uleb128 0x1
ARM GAS  C:\Users\amant\AppData\Local\Temp\ccgEi7qj.s 			page 27


 1096 01e3 31       		.byte	0x31
 1097 01e4 00       		.byte	0
 1098 01e5 00       		.byte	0
 1099 01e6 10       		.uleb128 0x10
 1100 01e7 04       		.byte	0x4
 1101 01e8 AD000000 		.4byte	0xad
 1102 01ec 11       		.uleb128 0x11
 1103 01ed 22040000 		.4byte	.LASF97
 1104 01f1 01       		.byte	0x1
 1105 01f2 63       		.byte	0x63
 1106 01f3 A4020000 		.4byte	0x2a4
 1107 01f7 00000000 		.4byte	.LFB34
 1108 01fb 22000000 		.4byte	.LFE34-.LFB34
 1109 01ff 01       		.uleb128 0x1
 1110 0200 9C       		.byte	0x9c
 1111 0201 A4020000 		.4byte	0x2a4
 1112 0205 0A       		.uleb128 0xa
 1113 0206 5E000000 		.4byte	.LASF35
 1114 020a 01       		.byte	0x1
 1115 020b 63       		.byte	0x63
 1116 020c AB020000 		.4byte	0x2ab
 1117 0210 AF000000 		.4byte	.LLST4
 1118 0214 12       		.uleb128 0x12
 1119 0215 C8000000 		.4byte	.LASF36
 1120 0219 01       		.byte	0x1
 1121 021a 6D       		.byte	0x6d
 1122 021b B1020000 		.4byte	0x2b1
 1123 021f 02       		.uleb128 0x2
 1124 0220 91       		.byte	0x91
 1125 0221 74       		.sleb128 -12
 1126 0222 12       		.uleb128 0x12
 1127 0223 1B000000 		.4byte	.LASF37
 1128 0227 01       		.byte	0x1
 1129 0228 6E       		.byte	0x6e
 1130 0229 B1020000 		.4byte	0x2b1
 1131 022d 02       		.uleb128 0x2
 1132 022e 91       		.byte	0x91
 1133 022f 70       		.sleb128 -16
 1134 0230 12       		.uleb128 0x12
 1135 0231 BF030000 		.4byte	.LASF38
 1136 0235 01       		.byte	0x1
 1137 0236 74       		.byte	0x74
 1138 0237 97000000 		.4byte	0x97
 1139 023b 14       		.uleb128 0x14
 1140 023c 91       		.byte	0x91
 1141 023d 75       		.sleb128 -11
 1142 023e 94       		.byte	0x94
 1143 023f 01       		.byte	0x1
 1144 0240 08       		.byte	0x8
 1145 0241 FF       		.byte	0xff
 1146 0242 1A       		.byte	0x1a
 1147 0243 38       		.byte	0x38
 1148 0244 24       		.byte	0x24
 1149 0245 91       		.byte	0x91
 1150 0246 74       		.sleb128 -12
 1151 0247 94       		.byte	0x94
 1152 0248 01       		.byte	0x1
ARM GAS  C:\Users\amant\AppData\Local\Temp\ccgEi7qj.s 			page 28


 1153 0249 08       		.byte	0x8
 1154 024a FF       		.byte	0xff
 1155 024b 1A       		.byte	0x1a
 1156 024c 21       		.byte	0x21
 1157 024d 40       		.byte	0x40
 1158 024e 1B       		.byte	0x1b
 1159 024f 9F       		.byte	0x9f
 1160 0250 13       		.uleb128 0x13
 1161 0251 25010000 		.4byte	.LASF39
 1162 0255 01       		.byte	0x1
 1163 0256 75       		.byte	0x75
 1164 0257 97000000 		.4byte	0x97
 1165 025b D0000000 		.4byte	.LLST5
 1166 025f 0D       		.uleb128 0xd
 1167 0260 10000000 		.4byte	.LVL11
 1168 0264 3B010000 		.4byte	0x13b
 1169 0268 83020000 		.4byte	0x283
 1170 026c 0E       		.uleb128 0xe
 1171 026d 01       		.uleb128 0x1
 1172 026e 50       		.byte	0x50
 1173 026f 02       		.uleb128 0x2
 1174 0270 08       		.byte	0x8
 1175 0271 28       		.byte	0x28
 1176 0272 0E       		.uleb128 0xe
 1177 0273 01       		.uleb128 0x1
 1178 0274 51       		.byte	0x51
 1179 0275 01       		.uleb128 0x1
 1180 0276 4C       		.byte	0x4c
 1181 0277 0E       		.uleb128 0xe
 1182 0278 01       		.uleb128 0x1
 1183 0279 52       		.byte	0x52
 1184 027a 02       		.uleb128 0x2
 1185 027b 91       		.byte	0x91
 1186 027c 74       		.sleb128 -12
 1187 027d 0E       		.uleb128 0xe
 1188 027e 01       		.uleb128 0x1
 1189 027f 53       		.byte	0x53
 1190 0280 01       		.uleb128 0x1
 1191 0281 32       		.byte	0x32
 1192 0282 00       		.byte	0
 1193 0283 0F       		.uleb128 0xf
 1194 0284 1C000000 		.4byte	.LVL12
 1195 0288 3B010000 		.4byte	0x13b
 1196 028c 0E       		.uleb128 0xe
 1197 028d 01       		.uleb128 0x1
 1198 028e 50       		.byte	0x50
 1199 028f 02       		.uleb128 0x2
 1200 0290 08       		.byte	0x8
 1201 0291 28       		.byte	0x28
 1202 0292 0E       		.uleb128 0xe
 1203 0293 01       		.uleb128 0x1
 1204 0294 51       		.byte	0x51
 1205 0295 01       		.uleb128 0x1
 1206 0296 4E       		.byte	0x4e
 1207 0297 0E       		.uleb128 0xe
 1208 0298 01       		.uleb128 0x1
 1209 0299 52       		.byte	0x52
ARM GAS  C:\Users\amant\AppData\Local\Temp\ccgEi7qj.s 			page 29


 1210 029a 02       		.uleb128 0x2
 1211 029b 7D       		.byte	0x7d
 1212 029c 00       		.sleb128 0
 1213 029d 0E       		.uleb128 0xe
 1214 029e 01       		.uleb128 0x1
 1215 029f 53       		.byte	0x53
 1216 02a0 01       		.uleb128 0x1
 1217 02a1 32       		.byte	0x32
 1218 02a2 00       		.byte	0
 1219 02a3 00       		.byte	0
 1220 02a4 02       		.uleb128 0x2
 1221 02a5 01       		.byte	0x1
 1222 02a6 02       		.byte	0x2
 1223 02a7 9E040000 		.4byte	.LASF40
 1224 02ab 10       		.uleb128 0x10
 1225 02ac 04       		.byte	0x4
 1226 02ad 30010000 		.4byte	0x130
 1227 02b1 14       		.uleb128 0x14
 1228 02b2 AD000000 		.4byte	0xad
 1229 02b6 C1020000 		.4byte	0x2c1
 1230 02ba 15       		.uleb128 0x15
 1231 02bb F2000000 		.4byte	0xf2
 1232 02bf 01       		.byte	0x1
 1233 02c0 00       		.byte	0
 1234 02c1 16       		.uleb128 0x16
 1235 02c2 70060000 		.4byte	.LASF98
 1236 02c6 01       		.byte	0x1
 1237 02c7 7D       		.byte	0x7d
 1238 02c8 00000000 		.4byte	.LFB35
 1239 02cc 02000000 		.4byte	.LFE35-.LFB35
 1240 02d0 01       		.uleb128 0x1
 1241 02d1 9C       		.byte	0x9c
 1242 02d2 09       		.uleb128 0x9
 1243 02d3 F6030000 		.4byte	.LASF42
 1244 02d7 01       		.byte	0x1
 1245 02d8 81       		.byte	0x81
 1246 02d9 00000000 		.4byte	.LFB36
 1247 02dd 6A000000 		.4byte	.LFE36-.LFB36
 1248 02e1 01       		.uleb128 0x1
 1249 02e2 9C       		.byte	0x9c
 1250 02e3 74030000 		.4byte	0x374
 1251 02e7 0A       		.uleb128 0xa
 1252 02e8 5E000000 		.4byte	.LASF35
 1253 02ec 01       		.byte	0x1
 1254 02ed 81       		.byte	0x81
 1255 02ee AB020000 		.4byte	0x2ab
 1256 02f2 14010000 		.4byte	.LLST6
 1257 02f6 13       		.uleb128 0x13
 1258 02f7 8D010000 		.4byte	.LASF43
 1259 02fb 01       		.byte	0x1
 1260 02fc 89       		.byte	0x89
 1261 02fd AD000000 		.4byte	0xad
 1262 0301 40010000 		.4byte	.LLST7
 1263 0305 13       		.uleb128 0x13
 1264 0306 48050000 		.4byte	.LASF44
 1265 030a 01       		.byte	0x1
 1266 030b 8A       		.byte	0x8a
ARM GAS  C:\Users\amant\AppData\Local\Temp\ccgEi7qj.s 			page 30


 1267 030c AD000000 		.4byte	0xad
 1268 0310 5E010000 		.4byte	.LLST8
 1269 0314 13       		.uleb128 0x13
 1270 0315 B5040000 		.4byte	.LASF45
 1271 0319 01       		.byte	0x1
 1272 031a 8B       		.byte	0x8b
 1273 031b AD000000 		.4byte	0xad
 1274 031f 7C010000 		.4byte	.LLST9
 1275 0323 13       		.uleb128 0x13
 1276 0324 F6020000 		.4byte	.LASF46
 1277 0328 01       		.byte	0x1
 1278 0329 8C       		.byte	0x8c
 1279 032a AD000000 		.4byte	0xad
 1280 032e 9A010000 		.4byte	.LLST10
 1281 0332 12       		.uleb128 0x12
 1282 0333 21060000 		.4byte	.LASF47
 1283 0337 01       		.byte	0x1
 1284 0338 8F       		.byte	0x8f
 1285 0339 A4020000 		.4byte	0x2a4
 1286 033d 01       		.uleb128 0x1
 1287 033e 50       		.byte	0x50
 1288 033f 0C       		.uleb128 0xc
 1289 0340 0A000000 		.4byte	.LVL15
 1290 0344 25090000 		.4byte	0x925
 1291 0348 0C       		.uleb128 0xc
 1292 0349 10000000 		.4byte	.LVL17
 1293 034d 30090000 		.4byte	0x930
 1294 0351 0C       		.uleb128 0xc
 1295 0352 16000000 		.4byte	.LVL19
 1296 0356 3B090000 		.4byte	0x93b
 1297 035a 0C       		.uleb128 0xc
 1298 035b 1C000000 		.4byte	.LVL21
 1299 035f 46090000 		.4byte	0x946
 1300 0363 0F       		.uleb128 0xf
 1301 0364 24000000 		.4byte	.LVL24
 1302 0368 EC010000 		.4byte	0x1ec
 1303 036c 0E       		.uleb128 0xe
 1304 036d 01       		.uleb128 0x1
 1305 036e 50       		.byte	0x50
 1306 036f 02       		.uleb128 0x2
 1307 0370 76       		.byte	0x76
 1308 0371 00       		.sleb128 0
 1309 0372 00       		.byte	0
 1310 0373 00       		.byte	0
 1311 0374 09       		.uleb128 0x9
 1312 0375 FD000000 		.4byte	.LASF48
 1313 0379 01       		.byte	0x1
 1314 037a A8       		.byte	0xa8
 1315 037b 00000000 		.4byte	.LFB37
 1316 037f 52000000 		.4byte	.LFE37-.LFB37
 1317 0383 01       		.uleb128 0x1
 1318 0384 9C       		.byte	0x9c
 1319 0385 5B040000 		.4byte	0x45b
 1320 0389 0A       		.uleb128 0xa
 1321 038a 5E000000 		.4byte	.LASF35
 1322 038e 01       		.byte	0x1
 1323 038f A8       		.byte	0xa8
ARM GAS  C:\Users\amant\AppData\Local\Temp\ccgEi7qj.s 			page 31


 1324 0390 AB020000 		.4byte	0x2ab
 1325 0394 B9010000 		.4byte	.LLST11
 1326 0398 13       		.uleb128 0x13
 1327 0399 6A030000 		.4byte	.LASF49
 1328 039d 01       		.byte	0x1
 1329 039e B1       		.byte	0xb1
 1330 039f AD000000 		.4byte	0xad
 1331 03a3 E5010000 		.4byte	.LLST12
 1332 03a7 13       		.uleb128 0x13
 1333 03a8 A8020000 		.4byte	.LASF50
 1334 03ac 01       		.byte	0x1
 1335 03ad B2       		.byte	0xb2
 1336 03ae AD000000 		.4byte	0xad
 1337 03b2 F8010000 		.4byte	.LLST13
 1338 03b6 0C       		.uleb128 0xc
 1339 03b7 08000000 		.4byte	.LVL30
 1340 03bb 30090000 		.4byte	0x930
 1341 03bf 0C       		.uleb128 0xc
 1342 03c0 0E000000 		.4byte	.LVL32
 1343 03c4 3B090000 		.4byte	0x93b
 1344 03c8 0C       		.uleb128 0xc
 1345 03c9 1A000000 		.4byte	.LVL34
 1346 03cd 51090000 		.4byte	0x951
 1347 03d1 0C       		.uleb128 0xc
 1348 03d2 1E000000 		.4byte	.LVL35
 1349 03d6 5C090000 		.4byte	0x95c
 1350 03da 0D       		.uleb128 0xd
 1351 03db 2A000000 		.4byte	.LVL36
 1352 03df 67090000 		.4byte	0x967
 1353 03e3 ED030000 		.4byte	0x3ed
 1354 03e7 0E       		.uleb128 0xe
 1355 03e8 01       		.uleb128 0x1
 1356 03e9 50       		.byte	0x50
 1357 03ea 01       		.uleb128 0x1
 1358 03eb 31       		.byte	0x31
 1359 03ec 00       		.byte	0
 1360 03ed 0D       		.uleb128 0xd
 1361 03ee 30000000 		.4byte	.LVL37
 1362 03f2 72090000 		.4byte	0x972
 1363 03f6 00040000 		.4byte	0x400
 1364 03fa 0E       		.uleb128 0xe
 1365 03fb 01       		.uleb128 0x1
 1366 03fc 50       		.byte	0x50
 1367 03fd 01       		.uleb128 0x1
 1368 03fe 31       		.byte	0x31
 1369 03ff 00       		.byte	0
 1370 0400 0C       		.uleb128 0xc
 1371 0401 34000000 		.4byte	.LVL38
 1372 0405 7D090000 		.4byte	0x97d
 1373 0409 0C       		.uleb128 0xc
 1374 040a 38000000 		.4byte	.LVL39
 1375 040e 88090000 		.4byte	0x988
 1376 0412 0D       		.uleb128 0xd
 1377 0413 3E000000 		.4byte	.LVL40
 1378 0417 93090000 		.4byte	0x993
 1379 041b 25040000 		.4byte	0x425
 1380 041f 0E       		.uleb128 0xe
ARM GAS  C:\Users\amant\AppData\Local\Temp\ccgEi7qj.s 			page 32


 1381 0420 01       		.uleb128 0x1
 1382 0421 50       		.byte	0x50
 1383 0422 01       		.uleb128 0x1
 1384 0423 31       		.byte	0x31
 1385 0424 00       		.byte	0
 1386 0425 0D       		.uleb128 0xd
 1387 0426 44000000 		.4byte	.LVL41
 1388 042a 9E090000 		.4byte	0x99e
 1389 042e 38040000 		.4byte	0x438
 1390 0432 0E       		.uleb128 0xe
 1391 0433 01       		.uleb128 0x1
 1392 0434 50       		.byte	0x50
 1393 0435 01       		.uleb128 0x1
 1394 0436 31       		.byte	0x31
 1395 0437 00       		.byte	0
 1396 0438 0D       		.uleb128 0xd
 1397 0439 4A000000 		.4byte	.LVL42
 1398 043d A9090000 		.4byte	0x9a9
 1399 0441 4B040000 		.4byte	0x44b
 1400 0445 0E       		.uleb128 0xe
 1401 0446 01       		.uleb128 0x1
 1402 0447 50       		.byte	0x50
 1403 0448 01       		.uleb128 0x1
 1404 0449 31       		.byte	0x31
 1405 044a 00       		.byte	0
 1406 044b 0F       		.uleb128 0xf
 1407 044c 50000000 		.4byte	.LVL43
 1408 0450 B4090000 		.4byte	0x9b4
 1409 0454 0E       		.uleb128 0xe
 1410 0455 01       		.uleb128 0x1
 1411 0456 50       		.byte	0x50
 1412 0457 01       		.uleb128 0x1
 1413 0458 31       		.byte	0x31
 1414 0459 00       		.byte	0
 1415 045a 00       		.byte	0
 1416 045b 09       		.uleb128 0x9
 1417 045c A3050000 		.4byte	.LASF51
 1418 0460 01       		.byte	0x1
 1419 0461 CA       		.byte	0xca
 1420 0462 00000000 		.4byte	.LFB38
 1421 0466 52000000 		.4byte	.LFE38-.LFB38
 1422 046a 01       		.uleb128 0x1
 1423 046b 9C       		.byte	0x9c
 1424 046c 42050000 		.4byte	0x542
 1425 0470 0A       		.uleb128 0xa
 1426 0471 5E000000 		.4byte	.LASF35
 1427 0475 01       		.byte	0x1
 1428 0476 CA       		.byte	0xca
 1429 0477 AB020000 		.4byte	0x2ab
 1430 047b 0B020000 		.4byte	.LLST14
 1431 047f 13       		.uleb128 0x13
 1432 0480 6A030000 		.4byte	.LASF49
 1433 0484 01       		.byte	0x1
 1434 0485 D2       		.byte	0xd2
 1435 0486 AD000000 		.4byte	0xad
 1436 048a 37020000 		.4byte	.LLST15
 1437 048e 13       		.uleb128 0x13
ARM GAS  C:\Users\amant\AppData\Local\Temp\ccgEi7qj.s 			page 33


 1438 048f EB000000 		.4byte	.LASF52
 1439 0493 01       		.byte	0x1
 1440 0494 D3       		.byte	0xd3
 1441 0495 AD000000 		.4byte	0xad
 1442 0499 4A020000 		.4byte	.LLST16
 1443 049d 0C       		.uleb128 0xc
 1444 049e 08000000 		.4byte	.LVL47
 1445 04a2 30090000 		.4byte	0x930
 1446 04a6 0C       		.uleb128 0xc
 1447 04a7 0E000000 		.4byte	.LVL49
 1448 04ab 46090000 		.4byte	0x946
 1449 04af 0C       		.uleb128 0xc
 1450 04b0 1A000000 		.4byte	.LVL51
 1451 04b4 51090000 		.4byte	0x951
 1452 04b8 0C       		.uleb128 0xc
 1453 04b9 1E000000 		.4byte	.LVL52
 1454 04bd 5C090000 		.4byte	0x95c
 1455 04c1 0D       		.uleb128 0xd
 1456 04c2 2A000000 		.4byte	.LVL53
 1457 04c6 67090000 		.4byte	0x967
 1458 04ca D4040000 		.4byte	0x4d4
 1459 04ce 0E       		.uleb128 0xe
 1460 04cf 01       		.uleb128 0x1
 1461 04d0 50       		.byte	0x50
 1462 04d1 01       		.uleb128 0x1
 1463 04d2 31       		.byte	0x31
 1464 04d3 00       		.byte	0
 1465 04d4 0D       		.uleb128 0xd
 1466 04d5 30000000 		.4byte	.LVL54
 1467 04d9 72090000 		.4byte	0x972
 1468 04dd E7040000 		.4byte	0x4e7
 1469 04e1 0E       		.uleb128 0xe
 1470 04e2 01       		.uleb128 0x1
 1471 04e3 50       		.byte	0x50
 1472 04e4 01       		.uleb128 0x1
 1473 04e5 31       		.byte	0x31
 1474 04e6 00       		.byte	0
 1475 04e7 0C       		.uleb128 0xc
 1476 04e8 34000000 		.4byte	.LVL55
 1477 04ec 7D090000 		.4byte	0x97d
 1478 04f0 0C       		.uleb128 0xc
 1479 04f1 38000000 		.4byte	.LVL56
 1480 04f5 88090000 		.4byte	0x988
 1481 04f9 0D       		.uleb128 0xd
 1482 04fa 3E000000 		.4byte	.LVL57
 1483 04fe 93090000 		.4byte	0x993
 1484 0502 0C050000 		.4byte	0x50c
 1485 0506 0E       		.uleb128 0xe
 1486 0507 01       		.uleb128 0x1
 1487 0508 50       		.byte	0x50
 1488 0509 01       		.uleb128 0x1
 1489 050a 30       		.byte	0x30
 1490 050b 00       		.byte	0
 1491 050c 0D       		.uleb128 0xd
 1492 050d 44000000 		.4byte	.LVL58
 1493 0511 9E090000 		.4byte	0x99e
 1494 0515 1F050000 		.4byte	0x51f
ARM GAS  C:\Users\amant\AppData\Local\Temp\ccgEi7qj.s 			page 34


 1495 0519 0E       		.uleb128 0xe
 1496 051a 01       		.uleb128 0x1
 1497 051b 50       		.byte	0x50
 1498 051c 01       		.uleb128 0x1
 1499 051d 30       		.byte	0x30
 1500 051e 00       		.byte	0
 1501 051f 0D       		.uleb128 0xd
 1502 0520 4A000000 		.4byte	.LVL59
 1503 0524 A9090000 		.4byte	0x9a9
 1504 0528 32050000 		.4byte	0x532
 1505 052c 0E       		.uleb128 0xe
 1506 052d 01       		.uleb128 0x1
 1507 052e 50       		.byte	0x50
 1508 052f 01       		.uleb128 0x1
 1509 0530 30       		.byte	0x30
 1510 0531 00       		.byte	0
 1511 0532 0F       		.uleb128 0xf
 1512 0533 50000000 		.4byte	.LVL60
 1513 0537 B4090000 		.4byte	0x9b4
 1514 053b 0E       		.uleb128 0xe
 1515 053c 01       		.uleb128 0x1
 1516 053d 50       		.byte	0x50
 1517 053e 01       		.uleb128 0x1
 1518 053f 30       		.byte	0x30
 1519 0540 00       		.byte	0
 1520 0541 00       		.byte	0
 1521 0542 09       		.uleb128 0x9
 1522 0543 36060000 		.4byte	.LASF53
 1523 0547 01       		.byte	0x1
 1524 0548 EA       		.byte	0xea
 1525 0549 00000000 		.4byte	.LFB39
 1526 054d 3E000000 		.4byte	.LFE39-.LFB39
 1527 0551 01       		.uleb128 0x1
 1528 0552 9C       		.byte	0x9c
 1529 0553 F1050000 		.4byte	0x5f1
 1530 0557 0A       		.uleb128 0xa
 1531 0558 5E000000 		.4byte	.LASF35
 1532 055c 01       		.byte	0x1
 1533 055d EA       		.byte	0xea
 1534 055e AB020000 		.4byte	0x2ab
 1535 0562 5D020000 		.4byte	.LLST17
 1536 0566 13       		.uleb128 0x13
 1537 0567 4D010000 		.4byte	.LASF54
 1538 056b 01       		.byte	0x1
 1539 056c F1       		.byte	0xf1
 1540 056d AD000000 		.4byte	0xad
 1541 0571 89020000 		.4byte	.LLST18
 1542 0575 13       		.uleb128 0x13
 1543 0576 2E000000 		.4byte	.LASF55
 1544 057a 01       		.byte	0x1
 1545 057b F3       		.byte	0xf3
 1546 057c AD000000 		.4byte	0xad
 1547 0580 9C020000 		.4byte	.LLST19
 1548 0584 0C       		.uleb128 0xc
 1549 0585 08000000 		.4byte	.LVL64
 1550 0589 25090000 		.4byte	0x925
 1551 058d 0C       		.uleb128 0xc
ARM GAS  C:\Users\amant\AppData\Local\Temp\ccgEi7qj.s 			page 35


 1552 058e 0E000000 		.4byte	.LVL66
 1553 0592 3B090000 		.4byte	0x93b
 1554 0596 0C       		.uleb128 0xc
 1555 0597 1A000000 		.4byte	.LVL68
 1556 059b 51090000 		.4byte	0x951
 1557 059f 0D       		.uleb128 0xd
 1558 05a0 26000000 		.4byte	.LVL69
 1559 05a4 67090000 		.4byte	0x967
 1560 05a8 B2050000 		.4byte	0x5b2
 1561 05ac 0E       		.uleb128 0xe
 1562 05ad 01       		.uleb128 0x1
 1563 05ae 50       		.byte	0x50
 1564 05af 01       		.uleb128 0x1
 1565 05b0 30       		.byte	0x30
 1566 05b1 00       		.byte	0
 1567 05b2 0D       		.uleb128 0xd
 1568 05b3 2C000000 		.4byte	.LVL70
 1569 05b7 72090000 		.4byte	0x972
 1570 05bb C5050000 		.4byte	0x5c5
 1571 05bf 0E       		.uleb128 0xe
 1572 05c0 01       		.uleb128 0x1
 1573 05c1 50       		.byte	0x50
 1574 05c2 01       		.uleb128 0x1
 1575 05c3 31       		.byte	0x31
 1576 05c4 00       		.byte	0
 1577 05c5 0C       		.uleb128 0xc
 1578 05c6 30000000 		.4byte	.LVL71
 1579 05ca 7D090000 		.4byte	0x97d
 1580 05ce 0D       		.uleb128 0xd
 1581 05cf 36000000 		.4byte	.LVL72
 1582 05d3 A9090000 		.4byte	0x9a9
 1583 05d7 E1050000 		.4byte	0x5e1
 1584 05db 0E       		.uleb128 0xe
 1585 05dc 01       		.uleb128 0x1
 1586 05dd 50       		.byte	0x50
 1587 05de 01       		.uleb128 0x1
 1588 05df 31       		.byte	0x31
 1589 05e0 00       		.byte	0
 1590 05e1 0F       		.uleb128 0xf
 1591 05e2 3C000000 		.4byte	.LVL73
 1592 05e6 B4090000 		.4byte	0x9b4
 1593 05ea 0E       		.uleb128 0xe
 1594 05eb 01       		.uleb128 0x1
 1595 05ec 50       		.byte	0x50
 1596 05ed 01       		.uleb128 0x1
 1597 05ee 31       		.byte	0x31
 1598 05ef 00       		.byte	0
 1599 05f0 00       		.byte	0
 1600 05f1 17       		.uleb128 0x17
 1601 05f2 5C040000 		.4byte	.LASF56
 1602 05f6 01       		.byte	0x1
 1603 05f7 0601     		.2byte	0x106
 1604 05f9 00000000 		.4byte	.LFB40
 1605 05fd 3E000000 		.4byte	.LFE40-.LFB40
 1606 0601 01       		.uleb128 0x1
 1607 0602 9C       		.byte	0x9c
 1608 0603 A4060000 		.4byte	0x6a4
ARM GAS  C:\Users\amant\AppData\Local\Temp\ccgEi7qj.s 			page 36


 1609 0607 18       		.uleb128 0x18
 1610 0608 5E000000 		.4byte	.LASF35
 1611 060c 01       		.byte	0x1
 1612 060d 0601     		.2byte	0x106
 1613 060f AB020000 		.4byte	0x2ab
 1614 0613 AF020000 		.4byte	.LLST20
 1615 0617 19       		.uleb128 0x19
 1616 0618 4D010000 		.4byte	.LASF54
 1617 061c 01       		.byte	0x1
 1618 061d 0D01     		.2byte	0x10d
 1619 061f AD000000 		.4byte	0xad
 1620 0623 DB020000 		.4byte	.LLST21
 1621 0627 19       		.uleb128 0x19
 1622 0628 2E000000 		.4byte	.LASF55
 1623 062c 01       		.byte	0x1
 1624 062d 0F01     		.2byte	0x10f
 1625 062f AD000000 		.4byte	0xad
 1626 0633 EE020000 		.4byte	.LLST22
 1627 0637 0C       		.uleb128 0xc
 1628 0638 08000000 		.4byte	.LVL77
 1629 063c 25090000 		.4byte	0x925
 1630 0640 0C       		.uleb128 0xc
 1631 0641 0E000000 		.4byte	.LVL79
 1632 0645 3B090000 		.4byte	0x93b
 1633 0649 0C       		.uleb128 0xc
 1634 064a 1A000000 		.4byte	.LVL81
 1635 064e 51090000 		.4byte	0x951
 1636 0652 0D       		.uleb128 0xd
 1637 0653 26000000 		.4byte	.LVL82
 1638 0657 67090000 		.4byte	0x967
 1639 065b 65060000 		.4byte	0x665
 1640 065f 0E       		.uleb128 0xe
 1641 0660 01       		.uleb128 0x1
 1642 0661 50       		.byte	0x50
 1643 0662 01       		.uleb128 0x1
 1644 0663 30       		.byte	0x30
 1645 0664 00       		.byte	0
 1646 0665 0D       		.uleb128 0xd
 1647 0666 2C000000 		.4byte	.LVL83
 1648 066a 72090000 		.4byte	0x972
 1649 066e 78060000 		.4byte	0x678
 1650 0672 0E       		.uleb128 0xe
 1651 0673 01       		.uleb128 0x1
 1652 0674 50       		.byte	0x50
 1653 0675 01       		.uleb128 0x1
 1654 0676 31       		.byte	0x31
 1655 0677 00       		.byte	0
 1656 0678 0C       		.uleb128 0xc
 1657 0679 30000000 		.4byte	.LVL84
 1658 067d 7D090000 		.4byte	0x97d
 1659 0681 0D       		.uleb128 0xd
 1660 0682 36000000 		.4byte	.LVL85
 1661 0686 A9090000 		.4byte	0x9a9
 1662 068a 94060000 		.4byte	0x694
 1663 068e 0E       		.uleb128 0xe
 1664 068f 01       		.uleb128 0x1
 1665 0690 50       		.byte	0x50
ARM GAS  C:\Users\amant\AppData\Local\Temp\ccgEi7qj.s 			page 37


 1666 0691 01       		.uleb128 0x1
 1667 0692 30       		.byte	0x30
 1668 0693 00       		.byte	0
 1669 0694 0F       		.uleb128 0xf
 1670 0695 3C000000 		.4byte	.LVL86
 1671 0699 B4090000 		.4byte	0x9b4
 1672 069d 0E       		.uleb128 0xe
 1673 069e 01       		.uleb128 0x1
 1674 069f 50       		.byte	0x50
 1675 06a0 01       		.uleb128 0x1
 1676 06a1 30       		.byte	0x30
 1677 06a2 00       		.byte	0
 1678 06a3 00       		.byte	0
 1679 06a4 17       		.uleb128 0x17
 1680 06a5 00000000 		.4byte	.LASF57
 1681 06a9 01       		.byte	0x1
 1682 06aa 2201     		.2byte	0x122
 1683 06ac 00000000 		.4byte	.LFB41
 1684 06b0 1C000000 		.4byte	.LFE41-.LFB41
 1685 06b4 01       		.uleb128 0x1
 1686 06b5 9C       		.byte	0x9c
 1687 06b6 01070000 		.4byte	0x701
 1688 06ba 18       		.uleb128 0x18
 1689 06bb 5E000000 		.4byte	.LASF35
 1690 06bf 01       		.byte	0x1
 1691 06c0 2201     		.2byte	0x122
 1692 06c2 AB020000 		.4byte	0x2ab
 1693 06c6 01030000 		.4byte	.LLST23
 1694 06ca 19       		.uleb128 0x19
 1695 06cb 74040000 		.4byte	.LASF58
 1696 06cf 01       		.byte	0x1
 1697 06d0 2A01     		.2byte	0x12a
 1698 06d2 A4020000 		.4byte	0x2a4
 1699 06d6 2D030000 		.4byte	.LLST24
 1700 06da 0D       		.uleb128 0xd
 1701 06db 08000000 		.4byte	.LVL90
 1702 06df EC010000 		.4byte	0x1ec
 1703 06e3 EE060000 		.4byte	0x6ee
 1704 06e7 0E       		.uleb128 0xe
 1705 06e8 01       		.uleb128 0x1
 1706 06e9 50       		.byte	0x50
 1707 06ea 02       		.uleb128 0x2
 1708 06eb 74       		.byte	0x74
 1709 06ec 00       		.sleb128 0
 1710 06ed 00       		.byte	0
 1711 06ee 0C       		.uleb128 0xc
 1712 06ef 10000000 		.4byte	.LVL91
 1713 06f3 BF090000 		.4byte	0x9bf
 1714 06f7 0C       		.uleb128 0xc
 1715 06f8 1A000000 		.4byte	.LVL93
 1716 06fc CA090000 		.4byte	0x9ca
 1717 0700 00       		.byte	0
 1718 0701 1A       		.uleb128 0x1a
 1719 0702 C9020000 		.4byte	.LASF63
 1720 0706 01       		.byte	0x1
 1721 0707 3701     		.2byte	0x137
 1722 0709 00000000 		.4byte	.LFB42
ARM GAS  C:\Users\amant\AppData\Local\Temp\ccgEi7qj.s 			page 38


 1723 070d 74000000 		.4byte	.LFE42-.LFB42
 1724 0711 01       		.uleb128 0x1
 1725 0712 9C       		.byte	0x9c
 1726 0713 D1070000 		.4byte	0x7d1
 1727 0717 19       		.uleb128 0x19
 1728 0718 09030000 		.4byte	.LASF59
 1729 071c 01       		.byte	0x1
 1730 071d 3801     		.2byte	0x138
 1731 071f C5000000 		.4byte	0xc5
 1732 0723 4B030000 		.4byte	.LLST25
 1733 0727 1B       		.uleb128 0x1b
 1734 0728 61020000 		.4byte	.LASF60
 1735 072c 01       		.byte	0x1
 1736 072d 3901     		.2byte	0x139
 1737 072f D1070000 		.4byte	0x7d1
 1738 0733 02       		.uleb128 0x2
 1739 0734 91       		.byte	0x91
 1740 0735 70       		.sleb128 -16
 1741 0736 1B       		.uleb128 0x1b
 1742 0737 6F010000 		.4byte	.LASF61
 1743 073b 01       		.byte	0x1
 1744 073c 3A01     		.2byte	0x13a
 1745 073e AD000000 		.4byte	0xad
 1746 0742 02       		.uleb128 0x2
 1747 0743 91       		.byte	0x91
 1748 0744 6F       		.sleb128 -17
 1749 0745 19       		.uleb128 0x19
 1750 0746 1B050000 		.4byte	.LASF62
 1751 074a 01       		.byte	0x1
 1752 074b 5001     		.2byte	0x150
 1753 074d 97000000 		.4byte	0x97
 1754 0751 74030000 		.4byte	.LLST26
 1755 0755 0C       		.uleb128 0xc
 1756 0756 10000000 		.4byte	.LVL95
 1757 075a 02090000 		.4byte	0x902
 1758 075e 0D       		.uleb128 0xd
 1759 075f 1C000000 		.4byte	.LVL96
 1760 0763 0D090000 		.4byte	0x90d
 1761 0767 82070000 		.4byte	0x782
 1762 076b 0E       		.uleb128 0xe
 1763 076c 01       		.uleb128 0x1
 1764 076d 50       		.byte	0x50
 1765 076e 02       		.uleb128 0x2
 1766 076f 08       		.byte	0x8
 1767 0770 50       		.byte	0x50
 1768 0771 0E       		.uleb128 0xe
 1769 0772 01       		.uleb128 0x1
 1770 0773 51       		.byte	0x51
 1771 0774 02       		.uleb128 0x2
 1772 0775 74       		.byte	0x74
 1773 0776 00       		.sleb128 0
 1774 0777 0E       		.uleb128 0xe
 1775 0778 01       		.uleb128 0x1
 1776 0779 52       		.byte	0x52
 1777 077a 01       		.uleb128 0x1
 1778 077b 31       		.byte	0x31
 1779 077c 0E       		.uleb128 0xe
ARM GAS  C:\Users\amant\AppData\Local\Temp\ccgEi7qj.s 			page 39


 1780 077d 01       		.uleb128 0x1
 1781 077e 53       		.byte	0x53
 1782 077f 01       		.uleb128 0x1
 1783 0780 32       		.byte	0x32
 1784 0781 00       		.byte	0
 1785 0782 0D       		.uleb128 0xd
 1786 0783 28000000 		.4byte	.LVL98
 1787 0787 D5090000 		.4byte	0x9d5
 1788 078b 99070000 		.4byte	0x799
 1789 078f 0E       		.uleb128 0xe
 1790 0790 01       		.uleb128 0x1
 1791 0791 50       		.byte	0x50
 1792 0792 05       		.uleb128 0x5
 1793 0793 03       		.byte	0x3
 1794 0794 00000000 		.4byte	.LC0
 1795 0798 00       		.byte	0
 1796 0799 0D       		.uleb128 0xd
 1797 079a 3E000000 		.4byte	.LVL101
 1798 079e 19090000 		.4byte	0x919
 1799 07a2 BD070000 		.4byte	0x7bd
 1800 07a6 0E       		.uleb128 0xe
 1801 07a7 01       		.uleb128 0x1
 1802 07a8 50       		.byte	0x50
 1803 07a9 02       		.uleb128 0x2
 1804 07aa 08       		.byte	0x8
 1805 07ab 28       		.byte	0x28
 1806 07ac 0E       		.uleb128 0xe
 1807 07ad 01       		.uleb128 0x1
 1808 07ae 51       		.byte	0x51
 1809 07af 02       		.uleb128 0x2
 1810 07b0 91       		.byte	0x91
 1811 07b1 70       		.sleb128 -16
 1812 07b2 0E       		.uleb128 0xe
 1813 07b3 01       		.uleb128 0x1
 1814 07b4 52       		.byte	0x52
 1815 07b5 01       		.uleb128 0x1
 1816 07b6 36       		.byte	0x36
 1817 07b7 0E       		.uleb128 0xe
 1818 07b8 01       		.uleb128 0x1
 1819 07b9 53       		.byte	0x53
 1820 07ba 01       		.uleb128 0x1
 1821 07bb 31       		.byte	0x31
 1822 07bc 00       		.byte	0
 1823 07bd 0F       		.uleb128 0xf
 1824 07be 62000000 		.4byte	.LVL103
 1825 07c2 D5090000 		.4byte	0x9d5
 1826 07c6 0E       		.uleb128 0xe
 1827 07c7 01       		.uleb128 0x1
 1828 07c8 50       		.byte	0x50
 1829 07c9 05       		.uleb128 0x5
 1830 07ca 03       		.byte	0x3
 1831 07cb 18000000 		.4byte	.LC3
 1832 07cf 00       		.byte	0
 1833 07d0 00       		.byte	0
 1834 07d1 14       		.uleb128 0x14
 1835 07d2 AD000000 		.4byte	0xad
 1836 07d6 E1070000 		.4byte	0x7e1
ARM GAS  C:\Users\amant\AppData\Local\Temp\ccgEi7qj.s 			page 40


 1837 07da 15       		.uleb128 0x15
 1838 07db F2000000 		.4byte	0xf2
 1839 07df 05       		.byte	0x5
 1840 07e0 00       		.byte	0
 1841 07e1 1A       		.uleb128 0x1a
 1842 07e2 9B030000 		.4byte	.LASF64
 1843 07e6 01       		.byte	0x1
 1844 07e7 5901     		.2byte	0x159
 1845 07e9 00000000 		.4byte	.LFB43
 1846 07ed 48000000 		.4byte	.LFE43-.LFB43
 1847 07f1 01       		.uleb128 0x1
 1848 07f2 9C       		.byte	0x9c
 1849 07f3 A1080000 		.4byte	0x8a1
 1850 07f7 19       		.uleb128 0x19
 1851 07f8 BA020000 		.4byte	.LASF65
 1852 07fc 01       		.byte	0x1
 1853 07fd 5A01     		.2byte	0x15a
 1854 07ff 8C000000 		.4byte	0x8c
 1855 0803 87030000 		.4byte	.LLST27
 1856 0807 1C       		.uleb128 0x1c
 1857 0808 DB020000 		.4byte	.LASF66
 1858 080c 01       		.byte	0x1
 1859 080d 5B01     		.2byte	0x15b
 1860 080f 8C000000 		.4byte	0x8c
 1861 0813 00       		.byte	0
 1862 0814 19       		.uleb128 0x19
 1863 0815 50040000 		.4byte	.LASF67
 1864 0819 01       		.byte	0x1
 1865 081a 5C01     		.2byte	0x15c
 1866 081c A2000000 		.4byte	0xa2
 1867 0820 B1030000 		.4byte	.LLST28
 1868 0824 0C       		.uleb128 0xc
 1869 0825 06000000 		.4byte	.LVL105
 1870 0829 02090000 		.4byte	0x902
 1871 082d 0D       		.uleb128 0xd
 1872 082e 14000000 		.4byte	.LVL107
 1873 0832 E0090000 		.4byte	0x9e0
 1874 0836 4D080000 		.4byte	0x84d
 1875 083a 0E       		.uleb128 0xe
 1876 083b 01       		.uleb128 0x1
 1877 083c 50       		.byte	0x50
 1878 083d 04       		.uleb128 0x4
 1879 083e 74       		.byte	0x74
 1880 083f 00       		.sleb128 0
 1881 0840 31       		.byte	0x31
 1882 0841 24       		.byte	0x24
 1883 0842 0E       		.uleb128 0xe
 1884 0843 01       		.uleb128 0x1
 1885 0844 51       		.byte	0x51
 1886 0845 01       		.uleb128 0x1
 1887 0846 30       		.byte	0x30
 1888 0847 0E       		.uleb128 0xe
 1889 0848 01       		.uleb128 0x1
 1890 0849 52       		.byte	0x52
 1891 084a 01       		.uleb128 0x1
 1892 084b 3A       		.byte	0x3a
 1893 084c 00       		.byte	0
ARM GAS  C:\Users\amant\AppData\Local\Temp\ccgEi7qj.s 			page 41


 1894 084d 0C       		.uleb128 0xc
 1895 084e 1E000000 		.4byte	.LVL109
 1896 0852 EC090000 		.4byte	0x9ec
 1897 0856 0D       		.uleb128 0xd
 1898 0857 24000000 		.4byte	.LVL110
 1899 085b F7090000 		.4byte	0x9f7
 1900 085f 6B080000 		.4byte	0x86b
 1901 0863 0E       		.uleb128 0xe
 1902 0864 01       		.uleb128 0x1
 1903 0865 50       		.byte	0x50
 1904 0866 03       		.uleb128 0x3
 1905 0867 0A       		.byte	0xa
 1906 0868 B80B     		.2byte	0xbb8
 1907 086a 00       		.byte	0
 1908 086b 0D       		.uleb128 0xd
 1909 086c 2A000000 		.4byte	.LVL111
 1910 0870 020A0000 		.4byte	0xa02
 1911 0874 7E080000 		.4byte	0x87e
 1912 0878 0E       		.uleb128 0xe
 1913 0879 01       		.uleb128 0x1
 1914 087a 50       		.byte	0x50
 1915 087b 01       		.uleb128 0x1
 1916 087c 3A       		.byte	0x3a
 1917 087d 00       		.byte	0
 1918 087e 0D       		.uleb128 0xd
 1919 087f 32000000 		.4byte	.LVL114
 1920 0883 020A0000 		.4byte	0xa02
 1921 0887 91080000 		.4byte	0x891
 1922 088b 0E       		.uleb128 0xe
 1923 088c 01       		.uleb128 0x1
 1924 088d 50       		.byte	0x50
 1925 088e 01       		.uleb128 0x1
 1926 088f 3A       		.byte	0x3a
 1927 0890 00       		.byte	0
 1928 0891 0F       		.uleb128 0xf
 1929 0892 38000000 		.4byte	.LVL115
 1930 0896 F7090000 		.4byte	0x9f7
 1931 089a 0E       		.uleb128 0xe
 1932 089b 01       		.uleb128 0x1
 1933 089c 50       		.byte	0x50
 1934 089d 01       		.uleb128 0x1
 1935 089e 3A       		.byte	0x3a
 1936 089f 00       		.byte	0
 1937 08a0 00       		.byte	0
 1938 08a1 1D       		.uleb128 0x1d
 1939 08a2 15010000 		.4byte	.LASF99
 1940 08a6 01       		.byte	0x1
 1941 08a7 7101     		.2byte	0x171
 1942 08a9 7E000000 		.4byte	0x7e
 1943 08ad 00000000 		.4byte	.LFB44
 1944 08b1 18000000 		.4byte	.LFE44-.LFB44
 1945 08b5 01       		.uleb128 0x1
 1946 08b6 9C       		.byte	0x9c
 1947 08b7 F7080000 		.4byte	0x8f7
 1948 08bb 1C       		.uleb128 0x1c
 1949 08bc 5E000000 		.4byte	.LASF35
 1950 08c0 01       		.byte	0x1
ARM GAS  C:\Users\amant\AppData\Local\Temp\ccgEi7qj.s 			page 42


 1951 08c1 7301     		.2byte	0x173
 1952 08c3 30010000 		.4byte	0x130
 1953 08c7 01       		.byte	0x1
 1954 08c8 0C       		.uleb128 0xc
 1955 08c9 06000000 		.4byte	.LVL120
 1956 08cd 0E0A0000 		.4byte	0xa0e
 1957 08d1 0C       		.uleb128 0xc
 1958 08d2 0A000000 		.4byte	.LVL121
 1959 08d6 190A0000 		.4byte	0xa19
 1960 08da 0D       		.uleb128 0xd
 1961 08db 12000000 		.4byte	.LVL122
 1962 08df EC090000 		.4byte	0x9ec
 1963 08e3 ED080000 		.4byte	0x8ed
 1964 08e7 0E       		.uleb128 0xe
 1965 08e8 01       		.uleb128 0x1
 1966 08e9 50       		.byte	0x50
 1967 08ea 01       		.uleb128 0x1
 1968 08eb 30       		.byte	0x30
 1969 08ec 00       		.byte	0
 1970 08ed 0C       		.uleb128 0xc
 1971 08ee 16000000 		.4byte	.LVL123
 1972 08f2 E1070000 		.4byte	0x7e1
 1973 08f6 00       		.byte	0
 1974 08f7 1E       		.uleb128 0x1e
 1975 08f8 DA000000 		.4byte	.LASF100
 1976 08fc 17       		.byte	0x17
 1977 08fd 31       		.byte	0x31
 1978 08fe E6000000 		.4byte	0xe6
 1979 0902 1F       		.uleb128 0x1f
 1980 0903 50030000 		.4byte	.LASF68
 1981 0907 50030000 		.4byte	.LASF68
 1982 090b 05       		.byte	0x5
 1983 090c 72       		.byte	0x72
 1984 090d 20       		.uleb128 0x20
 1985 090e 09060000 		.4byte	.LASF69
 1986 0912 09060000 		.4byte	.LASF69
 1987 0916 06       		.byte	0x6
 1988 0917 1301     		.2byte	0x113
 1989 0919 20       		.uleb128 0x20
 1990 091a 59060000 		.4byte	.LASF70
 1991 091e 59060000 		.4byte	.LASF70
 1992 0922 06       		.byte	0x6
 1993 0923 1401     		.2byte	0x114
 1994 0925 1F       		.uleb128 0x1f
 1995 0926 58050000 		.4byte	.LASF71
 1996 092a 58050000 		.4byte	.LASF71
 1997 092e 07       		.byte	0x7
 1998 092f 32       		.byte	0x32
 1999 0930 1F       		.uleb128 0x1f
 2000 0931 22030000 		.4byte	.LASF72
 2001 0935 22030000 		.4byte	.LASF72
 2002 0939 08       		.byte	0x8
 2003 093a 32       		.byte	0x32
 2004 093b 1F       		.uleb128 0x1f
 2005 093c EF050000 		.4byte	.LASF73
 2006 0940 EF050000 		.4byte	.LASF73
 2007 0944 09       		.byte	0x9
ARM GAS  C:\Users\amant\AppData\Local\Temp\ccgEi7qj.s 			page 43


 2008 0945 32       		.byte	0x32
 2009 0946 1F       		.uleb128 0x1f
 2010 0947 6C050000 		.4byte	.LASF74
 2011 094b 6C050000 		.4byte	.LASF74
 2012 094f 0A       		.byte	0xa
 2013 0950 32       		.byte	0x32
 2014 0951 1F       		.uleb128 0x1f
 2015 0952 38050000 		.4byte	.LASF75
 2016 0956 38050000 		.4byte	.LASF75
 2017 095a 0B       		.byte	0xb
 2018 095b 93       		.byte	0x93
 2019 095c 1F       		.uleb128 0x1f
 2020 095d 7C010000 		.4byte	.LASF76
 2021 0961 7C010000 		.4byte	.LASF76
 2022 0965 0C       		.byte	0xc
 2023 0966 93       		.byte	0x93
 2024 0967 1F       		.uleb128 0x1f
 2025 0968 08040000 		.4byte	.LASF77
 2026 096c 08040000 		.4byte	.LASF77
 2027 0970 0D       		.byte	0xd
 2028 0971 33       		.byte	0x33
 2029 0972 1F       		.uleb128 0x1f
 2030 0973 D0030000 		.4byte	.LASF78
 2031 0977 D0030000 		.4byte	.LASF78
 2032 097b 0E       		.byte	0xe
 2033 097c 33       		.byte	0x33
 2034 097d 1F       		.uleb128 0x1f
 2035 097e A4040000 		.4byte	.LASF79
 2036 0982 A4040000 		.4byte	.LASF79
 2037 0986 0B       		.byte	0xb
 2038 0987 92       		.byte	0x92
 2039 0988 1F       		.uleb128 0x1f
 2040 0989 DD050000 		.4byte	.LASF80
 2041 098d DD050000 		.4byte	.LASF80
 2042 0991 0C       		.byte	0xc
 2043 0992 92       		.byte	0x92
 2044 0993 1F       		.uleb128 0x1f
 2045 0994 23050000 		.4byte	.LASF81
 2046 0998 23050000 		.4byte	.LASF81
 2047 099c 0F       		.byte	0xf
 2048 099d 33       		.byte	0x33
 2049 099e 1F       		.uleb128 0x1f
 2050 099f BB050000 		.4byte	.LASF82
 2051 09a3 BB050000 		.4byte	.LASF82
 2052 09a7 10       		.byte	0x10
 2053 09a8 33       		.byte	0x33
 2054 09a9 1F       		.uleb128 0x1f
 2055 09aa 0E030000 		.4byte	.LASF83
 2056 09ae 0E030000 		.4byte	.LASF83
 2057 09b2 11       		.byte	0x11
 2058 09b3 33       		.byte	0x33
 2059 09b4 1F       		.uleb128 0x1f
 2060 09b5 8A020000 		.4byte	.LASF84
 2061 09b9 8A020000 		.4byte	.LASF84
 2062 09bd 12       		.byte	0x12
 2063 09be 33       		.byte	0x33
 2064 09bf 1F       		.uleb128 0x1f
ARM GAS  C:\Users\amant\AppData\Local\Temp\ccgEi7qj.s 			page 44


 2065 09c0 7D030000 		.4byte	.LASF85
 2066 09c4 7D030000 		.4byte	.LASF85
 2067 09c8 13       		.byte	0x13
 2068 09c9 93       		.byte	0x93
 2069 09ca 1F       		.uleb128 0x1f
 2070 09cb 34020000 		.4byte	.LASF86
 2071 09cf 34020000 		.4byte	.LASF86
 2072 09d3 13       		.byte	0x13
 2073 09d4 92       		.byte	0x92
 2074 09d5 1F       		.uleb128 0x1f
 2075 09d6 C2020000 		.4byte	.LASF87
 2076 09da C2020000 		.4byte	.LASF87
 2077 09de 14       		.byte	0x14
 2078 09df BB       		.byte	0xbb
 2079 09e0 20       		.uleb128 0x20
 2080 09e1 45000000 		.4byte	.LASF88
 2081 09e5 45000000 		.4byte	.LASF88
 2082 09e9 06       		.byte	0x6
 2083 09ea 1B01     		.2byte	0x11b
 2084 09ec 1F       		.uleb128 0x1f
 2085 09ed D1050000 		.4byte	.LASF89
 2086 09f1 D1050000 		.4byte	.LASF89
 2087 09f5 15       		.byte	0x15
 2088 09f6 33       		.byte	0x33
 2089 09f7 1F       		.uleb128 0x1f
 2090 09f8 2E060000 		.4byte	.LASF90
 2091 09fc 2E060000 		.4byte	.LASF90
 2092 0a00 16       		.byte	0x16
 2093 0a01 EC       		.byte	0xec
 2094 0a02 20       		.uleb128 0x20
 2095 0a03 81050000 		.4byte	.LASF91
 2096 0a07 81050000 		.4byte	.LASF91
 2097 0a0b 06       		.byte	0x6
 2098 0a0c 1D01     		.2byte	0x11d
 2099 0a0e 1F       		.uleb128 0x1f
 2100 0a0f 2C040000 		.4byte	.LASF92
 2101 0a13 2C040000 		.4byte	.LASF92
 2102 0a17 05       		.byte	0x5
 2103 0a18 70       		.byte	0x70
 2104 0a19 1F       		.uleb128 0x1f
 2105 0a1a 37030000 		.4byte	.LASF93
 2106 0a1e 37030000 		.4byte	.LASF93
 2107 0a22 05       		.byte	0x5
 2108 0a23 71       		.byte	0x71
 2109 0a24 00       		.byte	0
 2110              		.section	.debug_abbrev,"",%progbits
 2111              	.Ldebug_abbrev0:
 2112 0000 01       		.uleb128 0x1
 2113 0001 11       		.uleb128 0x11
 2114 0002 01       		.byte	0x1
 2115 0003 25       		.uleb128 0x25
 2116 0004 0E       		.uleb128 0xe
 2117 0005 13       		.uleb128 0x13
 2118 0006 0B       		.uleb128 0xb
 2119 0007 03       		.uleb128 0x3
 2120 0008 0E       		.uleb128 0xe
 2121 0009 1B       		.uleb128 0x1b
ARM GAS  C:\Users\amant\AppData\Local\Temp\ccgEi7qj.s 			page 45


 2122 000a 0E       		.uleb128 0xe
 2123 000b 55       		.uleb128 0x55
 2124 000c 17       		.uleb128 0x17
 2125 000d 11       		.uleb128 0x11
 2126 000e 01       		.uleb128 0x1
 2127 000f 10       		.uleb128 0x10
 2128 0010 17       		.uleb128 0x17
 2129 0011 00       		.byte	0
 2130 0012 00       		.byte	0
 2131 0013 02       		.uleb128 0x2
 2132 0014 24       		.uleb128 0x24
 2133 0015 00       		.byte	0
 2134 0016 0B       		.uleb128 0xb
 2135 0017 0B       		.uleb128 0xb
 2136 0018 3E       		.uleb128 0x3e
 2137 0019 0B       		.uleb128 0xb
 2138 001a 03       		.uleb128 0x3
 2139 001b 0E       		.uleb128 0xe
 2140 001c 00       		.byte	0
 2141 001d 00       		.byte	0
 2142 001e 03       		.uleb128 0x3
 2143 001f 16       		.uleb128 0x16
 2144 0020 00       		.byte	0
 2145 0021 03       		.uleb128 0x3
 2146 0022 0E       		.uleb128 0xe
 2147 0023 3A       		.uleb128 0x3a
 2148 0024 0B       		.uleb128 0xb
 2149 0025 3B       		.uleb128 0x3b
 2150 0026 0B       		.uleb128 0xb
 2151 0027 49       		.uleb128 0x49
 2152 0028 13       		.uleb128 0x13
 2153 0029 00       		.byte	0
 2154 002a 00       		.byte	0
 2155 002b 04       		.uleb128 0x4
 2156 002c 24       		.uleb128 0x24
 2157 002d 00       		.byte	0
 2158 002e 0B       		.uleb128 0xb
 2159 002f 0B       		.uleb128 0xb
 2160 0030 3E       		.uleb128 0x3e
 2161 0031 0B       		.uleb128 0xb
 2162 0032 03       		.uleb128 0x3
 2163 0033 08       		.uleb128 0x8
 2164 0034 00       		.byte	0
 2165 0035 00       		.byte	0
 2166 0036 05       		.uleb128 0x5
 2167 0037 16       		.uleb128 0x16
 2168 0038 00       		.byte	0
 2169 0039 03       		.uleb128 0x3
 2170 003a 0E       		.uleb128 0xe
 2171 003b 3A       		.uleb128 0x3a
 2172 003c 0B       		.uleb128 0xb
 2173 003d 3B       		.uleb128 0x3b
 2174 003e 05       		.uleb128 0x5
 2175 003f 49       		.uleb128 0x49
 2176 0040 13       		.uleb128 0x13
 2177 0041 00       		.byte	0
 2178 0042 00       		.byte	0
ARM GAS  C:\Users\amant\AppData\Local\Temp\ccgEi7qj.s 			page 46


 2179 0043 06       		.uleb128 0x6
 2180 0044 35       		.uleb128 0x35
 2181 0045 00       		.byte	0
 2182 0046 49       		.uleb128 0x49
 2183 0047 13       		.uleb128 0x13
 2184 0048 00       		.byte	0
 2185 0049 00       		.byte	0
 2186 004a 07       		.uleb128 0x7
 2187 004b 04       		.uleb128 0x4
 2188 004c 01       		.byte	0x1
 2189 004d 0B       		.uleb128 0xb
 2190 004e 0B       		.uleb128 0xb
 2191 004f 49       		.uleb128 0x49
 2192 0050 13       		.uleb128 0x13
 2193 0051 3A       		.uleb128 0x3a
 2194 0052 0B       		.uleb128 0xb
 2195 0053 3B       		.uleb128 0x3b
 2196 0054 0B       		.uleb128 0xb
 2197 0055 01       		.uleb128 0x1
 2198 0056 13       		.uleb128 0x13
 2199 0057 00       		.byte	0
 2200 0058 00       		.byte	0
 2201 0059 08       		.uleb128 0x8
 2202 005a 28       		.uleb128 0x28
 2203 005b 00       		.byte	0
 2204 005c 03       		.uleb128 0x3
 2205 005d 0E       		.uleb128 0xe
 2206 005e 1C       		.uleb128 0x1c
 2207 005f 0B       		.uleb128 0xb
 2208 0060 00       		.byte	0
 2209 0061 00       		.byte	0
 2210 0062 09       		.uleb128 0x9
 2211 0063 2E       		.uleb128 0x2e
 2212 0064 01       		.byte	0x1
 2213 0065 3F       		.uleb128 0x3f
 2214 0066 19       		.uleb128 0x19
 2215 0067 03       		.uleb128 0x3
 2216 0068 0E       		.uleb128 0xe
 2217 0069 3A       		.uleb128 0x3a
 2218 006a 0B       		.uleb128 0xb
 2219 006b 3B       		.uleb128 0x3b
 2220 006c 0B       		.uleb128 0xb
 2221 006d 27       		.uleb128 0x27
 2222 006e 19       		.uleb128 0x19
 2223 006f 11       		.uleb128 0x11
 2224 0070 01       		.uleb128 0x1
 2225 0071 12       		.uleb128 0x12
 2226 0072 06       		.uleb128 0x6
 2227 0073 40       		.uleb128 0x40
 2228 0074 18       		.uleb128 0x18
 2229 0075 9742     		.uleb128 0x2117
 2230 0077 19       		.uleb128 0x19
 2231 0078 01       		.uleb128 0x1
 2232 0079 13       		.uleb128 0x13
 2233 007a 00       		.byte	0
 2234 007b 00       		.byte	0
 2235 007c 0A       		.uleb128 0xa
ARM GAS  C:\Users\amant\AppData\Local\Temp\ccgEi7qj.s 			page 47


 2236 007d 05       		.uleb128 0x5
 2237 007e 00       		.byte	0
 2238 007f 03       		.uleb128 0x3
 2239 0080 0E       		.uleb128 0xe
 2240 0081 3A       		.uleb128 0x3a
 2241 0082 0B       		.uleb128 0xb
 2242 0083 3B       		.uleb128 0x3b
 2243 0084 0B       		.uleb128 0xb
 2244 0085 49       		.uleb128 0x49
 2245 0086 13       		.uleb128 0x13
 2246 0087 02       		.uleb128 0x2
 2247 0088 17       		.uleb128 0x17
 2248 0089 00       		.byte	0
 2249 008a 00       		.byte	0
 2250 008b 0B       		.uleb128 0xb
 2251 008c 34       		.uleb128 0x34
 2252 008d 00       		.byte	0
 2253 008e 03       		.uleb128 0x3
 2254 008f 0E       		.uleb128 0xe
 2255 0090 3A       		.uleb128 0x3a
 2256 0091 0B       		.uleb128 0xb
 2257 0092 3B       		.uleb128 0x3b
 2258 0093 0B       		.uleb128 0xb
 2259 0094 49       		.uleb128 0x49
 2260 0095 13       		.uleb128 0x13
 2261 0096 00       		.byte	0
 2262 0097 00       		.byte	0
 2263 0098 0C       		.uleb128 0xc
 2264 0099 898201   		.uleb128 0x4109
 2265 009c 00       		.byte	0
 2266 009d 11       		.uleb128 0x11
 2267 009e 01       		.uleb128 0x1
 2268 009f 31       		.uleb128 0x31
 2269 00a0 13       		.uleb128 0x13
 2270 00a1 00       		.byte	0
 2271 00a2 00       		.byte	0
 2272 00a3 0D       		.uleb128 0xd
 2273 00a4 898201   		.uleb128 0x4109
 2274 00a7 01       		.byte	0x1
 2275 00a8 11       		.uleb128 0x11
 2276 00a9 01       		.uleb128 0x1
 2277 00aa 31       		.uleb128 0x31
 2278 00ab 13       		.uleb128 0x13
 2279 00ac 01       		.uleb128 0x1
 2280 00ad 13       		.uleb128 0x13
 2281 00ae 00       		.byte	0
 2282 00af 00       		.byte	0
 2283 00b0 0E       		.uleb128 0xe
 2284 00b1 8A8201   		.uleb128 0x410a
 2285 00b4 00       		.byte	0
 2286 00b5 02       		.uleb128 0x2
 2287 00b6 18       		.uleb128 0x18
 2288 00b7 9142     		.uleb128 0x2111
 2289 00b9 18       		.uleb128 0x18
 2290 00ba 00       		.byte	0
 2291 00bb 00       		.byte	0
 2292 00bc 0F       		.uleb128 0xf
ARM GAS  C:\Users\amant\AppData\Local\Temp\ccgEi7qj.s 			page 48


 2293 00bd 898201   		.uleb128 0x4109
 2294 00c0 01       		.byte	0x1
 2295 00c1 11       		.uleb128 0x11
 2296 00c2 01       		.uleb128 0x1
 2297 00c3 31       		.uleb128 0x31
 2298 00c4 13       		.uleb128 0x13
 2299 00c5 00       		.byte	0
 2300 00c6 00       		.byte	0
 2301 00c7 10       		.uleb128 0x10
 2302 00c8 0F       		.uleb128 0xf
 2303 00c9 00       		.byte	0
 2304 00ca 0B       		.uleb128 0xb
 2305 00cb 0B       		.uleb128 0xb
 2306 00cc 49       		.uleb128 0x49
 2307 00cd 13       		.uleb128 0x13
 2308 00ce 00       		.byte	0
 2309 00cf 00       		.byte	0
 2310 00d0 11       		.uleb128 0x11
 2311 00d1 2E       		.uleb128 0x2e
 2312 00d2 01       		.byte	0x1
 2313 00d3 3F       		.uleb128 0x3f
 2314 00d4 19       		.uleb128 0x19
 2315 00d5 03       		.uleb128 0x3
 2316 00d6 0E       		.uleb128 0xe
 2317 00d7 3A       		.uleb128 0x3a
 2318 00d8 0B       		.uleb128 0xb
 2319 00d9 3B       		.uleb128 0x3b
 2320 00da 0B       		.uleb128 0xb
 2321 00db 27       		.uleb128 0x27
 2322 00dc 19       		.uleb128 0x19
 2323 00dd 49       		.uleb128 0x49
 2324 00de 13       		.uleb128 0x13
 2325 00df 11       		.uleb128 0x11
 2326 00e0 01       		.uleb128 0x1
 2327 00e1 12       		.uleb128 0x12
 2328 00e2 06       		.uleb128 0x6
 2329 00e3 40       		.uleb128 0x40
 2330 00e4 18       		.uleb128 0x18
 2331 00e5 9742     		.uleb128 0x2117
 2332 00e7 19       		.uleb128 0x19
 2333 00e8 01       		.uleb128 0x1
 2334 00e9 13       		.uleb128 0x13
 2335 00ea 00       		.byte	0
 2336 00eb 00       		.byte	0
 2337 00ec 12       		.uleb128 0x12
 2338 00ed 34       		.uleb128 0x34
 2339 00ee 00       		.byte	0
 2340 00ef 03       		.uleb128 0x3
 2341 00f0 0E       		.uleb128 0xe
 2342 00f1 3A       		.uleb128 0x3a
 2343 00f2 0B       		.uleb128 0xb
 2344 00f3 3B       		.uleb128 0x3b
 2345 00f4 0B       		.uleb128 0xb
 2346 00f5 49       		.uleb128 0x49
 2347 00f6 13       		.uleb128 0x13
 2348 00f7 02       		.uleb128 0x2
 2349 00f8 18       		.uleb128 0x18
ARM GAS  C:\Users\amant\AppData\Local\Temp\ccgEi7qj.s 			page 49


 2350 00f9 00       		.byte	0
 2351 00fa 00       		.byte	0
 2352 00fb 13       		.uleb128 0x13
 2353 00fc 34       		.uleb128 0x34
 2354 00fd 00       		.byte	0
 2355 00fe 03       		.uleb128 0x3
 2356 00ff 0E       		.uleb128 0xe
 2357 0100 3A       		.uleb128 0x3a
 2358 0101 0B       		.uleb128 0xb
 2359 0102 3B       		.uleb128 0x3b
 2360 0103 0B       		.uleb128 0xb
 2361 0104 49       		.uleb128 0x49
 2362 0105 13       		.uleb128 0x13
 2363 0106 02       		.uleb128 0x2
 2364 0107 17       		.uleb128 0x17
 2365 0108 00       		.byte	0
 2366 0109 00       		.byte	0
 2367 010a 14       		.uleb128 0x14
 2368 010b 01       		.uleb128 0x1
 2369 010c 01       		.byte	0x1
 2370 010d 49       		.uleb128 0x49
 2371 010e 13       		.uleb128 0x13
 2372 010f 01       		.uleb128 0x1
 2373 0110 13       		.uleb128 0x13
 2374 0111 00       		.byte	0
 2375 0112 00       		.byte	0
 2376 0113 15       		.uleb128 0x15
 2377 0114 21       		.uleb128 0x21
 2378 0115 00       		.byte	0
 2379 0116 49       		.uleb128 0x49
 2380 0117 13       		.uleb128 0x13
 2381 0118 2F       		.uleb128 0x2f
 2382 0119 0B       		.uleb128 0xb
 2383 011a 00       		.byte	0
 2384 011b 00       		.byte	0
 2385 011c 16       		.uleb128 0x16
 2386 011d 2E       		.uleb128 0x2e
 2387 011e 00       		.byte	0
 2388 011f 3F       		.uleb128 0x3f
 2389 0120 19       		.uleb128 0x19
 2390 0121 03       		.uleb128 0x3
 2391 0122 0E       		.uleb128 0xe
 2392 0123 3A       		.uleb128 0x3a
 2393 0124 0B       		.uleb128 0xb
 2394 0125 3B       		.uleb128 0x3b
 2395 0126 0B       		.uleb128 0xb
 2396 0127 11       		.uleb128 0x11
 2397 0128 01       		.uleb128 0x1
 2398 0129 12       		.uleb128 0x12
 2399 012a 06       		.uleb128 0x6
 2400 012b 40       		.uleb128 0x40
 2401 012c 18       		.uleb128 0x18
 2402 012d 9742     		.uleb128 0x2117
 2403 012f 19       		.uleb128 0x19
 2404 0130 00       		.byte	0
 2405 0131 00       		.byte	0
 2406 0132 17       		.uleb128 0x17
ARM GAS  C:\Users\amant\AppData\Local\Temp\ccgEi7qj.s 			page 50


 2407 0133 2E       		.uleb128 0x2e
 2408 0134 01       		.byte	0x1
 2409 0135 3F       		.uleb128 0x3f
 2410 0136 19       		.uleb128 0x19
 2411 0137 03       		.uleb128 0x3
 2412 0138 0E       		.uleb128 0xe
 2413 0139 3A       		.uleb128 0x3a
 2414 013a 0B       		.uleb128 0xb
 2415 013b 3B       		.uleb128 0x3b
 2416 013c 05       		.uleb128 0x5
 2417 013d 27       		.uleb128 0x27
 2418 013e 19       		.uleb128 0x19
 2419 013f 11       		.uleb128 0x11
 2420 0140 01       		.uleb128 0x1
 2421 0141 12       		.uleb128 0x12
 2422 0142 06       		.uleb128 0x6
 2423 0143 40       		.uleb128 0x40
 2424 0144 18       		.uleb128 0x18
 2425 0145 9742     		.uleb128 0x2117
 2426 0147 19       		.uleb128 0x19
 2427 0148 01       		.uleb128 0x1
 2428 0149 13       		.uleb128 0x13
 2429 014a 00       		.byte	0
 2430 014b 00       		.byte	0
 2431 014c 18       		.uleb128 0x18
 2432 014d 05       		.uleb128 0x5
 2433 014e 00       		.byte	0
 2434 014f 03       		.uleb128 0x3
 2435 0150 0E       		.uleb128 0xe
 2436 0151 3A       		.uleb128 0x3a
 2437 0152 0B       		.uleb128 0xb
 2438 0153 3B       		.uleb128 0x3b
 2439 0154 05       		.uleb128 0x5
 2440 0155 49       		.uleb128 0x49
 2441 0156 13       		.uleb128 0x13
 2442 0157 02       		.uleb128 0x2
 2443 0158 17       		.uleb128 0x17
 2444 0159 00       		.byte	0
 2445 015a 00       		.byte	0
 2446 015b 19       		.uleb128 0x19
 2447 015c 34       		.uleb128 0x34
 2448 015d 00       		.byte	0
 2449 015e 03       		.uleb128 0x3
 2450 015f 0E       		.uleb128 0xe
 2451 0160 3A       		.uleb128 0x3a
 2452 0161 0B       		.uleb128 0xb
 2453 0162 3B       		.uleb128 0x3b
 2454 0163 05       		.uleb128 0x5
 2455 0164 49       		.uleb128 0x49
 2456 0165 13       		.uleb128 0x13
 2457 0166 02       		.uleb128 0x2
 2458 0167 17       		.uleb128 0x17
 2459 0168 00       		.byte	0
 2460 0169 00       		.byte	0
 2461 016a 1A       		.uleb128 0x1a
 2462 016b 2E       		.uleb128 0x2e
 2463 016c 01       		.byte	0x1
ARM GAS  C:\Users\amant\AppData\Local\Temp\ccgEi7qj.s 			page 51


 2464 016d 3F       		.uleb128 0x3f
 2465 016e 19       		.uleb128 0x19
 2466 016f 03       		.uleb128 0x3
 2467 0170 0E       		.uleb128 0xe
 2468 0171 3A       		.uleb128 0x3a
 2469 0172 0B       		.uleb128 0xb
 2470 0173 3B       		.uleb128 0x3b
 2471 0174 05       		.uleb128 0x5
 2472 0175 11       		.uleb128 0x11
 2473 0176 01       		.uleb128 0x1
 2474 0177 12       		.uleb128 0x12
 2475 0178 06       		.uleb128 0x6
 2476 0179 40       		.uleb128 0x40
 2477 017a 18       		.uleb128 0x18
 2478 017b 9742     		.uleb128 0x2117
 2479 017d 19       		.uleb128 0x19
 2480 017e 01       		.uleb128 0x1
 2481 017f 13       		.uleb128 0x13
 2482 0180 00       		.byte	0
 2483 0181 00       		.byte	0
 2484 0182 1B       		.uleb128 0x1b
 2485 0183 34       		.uleb128 0x34
 2486 0184 00       		.byte	0
 2487 0185 03       		.uleb128 0x3
 2488 0186 0E       		.uleb128 0xe
 2489 0187 3A       		.uleb128 0x3a
 2490 0188 0B       		.uleb128 0xb
 2491 0189 3B       		.uleb128 0x3b
 2492 018a 05       		.uleb128 0x5
 2493 018b 49       		.uleb128 0x49
 2494 018c 13       		.uleb128 0x13
 2495 018d 02       		.uleb128 0x2
 2496 018e 18       		.uleb128 0x18
 2497 018f 00       		.byte	0
 2498 0190 00       		.byte	0
 2499 0191 1C       		.uleb128 0x1c
 2500 0192 34       		.uleb128 0x34
 2501 0193 00       		.byte	0
 2502 0194 03       		.uleb128 0x3
 2503 0195 0E       		.uleb128 0xe
 2504 0196 3A       		.uleb128 0x3a
 2505 0197 0B       		.uleb128 0xb
 2506 0198 3B       		.uleb128 0x3b
 2507 0199 05       		.uleb128 0x5
 2508 019a 49       		.uleb128 0x49
 2509 019b 13       		.uleb128 0x13
 2510 019c 1C       		.uleb128 0x1c
 2511 019d 0B       		.uleb128 0xb
 2512 019e 00       		.byte	0
 2513 019f 00       		.byte	0
 2514 01a0 1D       		.uleb128 0x1d
 2515 01a1 2E       		.uleb128 0x2e
 2516 01a2 01       		.byte	0x1
 2517 01a3 3F       		.uleb128 0x3f
 2518 01a4 19       		.uleb128 0x19
 2519 01a5 03       		.uleb128 0x3
 2520 01a6 0E       		.uleb128 0xe
ARM GAS  C:\Users\amant\AppData\Local\Temp\ccgEi7qj.s 			page 52


 2521 01a7 3A       		.uleb128 0x3a
 2522 01a8 0B       		.uleb128 0xb
 2523 01a9 3B       		.uleb128 0x3b
 2524 01aa 05       		.uleb128 0x5
 2525 01ab 27       		.uleb128 0x27
 2526 01ac 19       		.uleb128 0x19
 2527 01ad 49       		.uleb128 0x49
 2528 01ae 13       		.uleb128 0x13
 2529 01af 8701     		.uleb128 0x87
 2530 01b1 19       		.uleb128 0x19
 2531 01b2 11       		.uleb128 0x11
 2532 01b3 01       		.uleb128 0x1
 2533 01b4 12       		.uleb128 0x12
 2534 01b5 06       		.uleb128 0x6
 2535 01b6 40       		.uleb128 0x40
 2536 01b7 18       		.uleb128 0x18
 2537 01b8 9742     		.uleb128 0x2117
 2538 01ba 19       		.uleb128 0x19
 2539 01bb 01       		.uleb128 0x1
 2540 01bc 13       		.uleb128 0x13
 2541 01bd 00       		.byte	0
 2542 01be 00       		.byte	0
 2543 01bf 1E       		.uleb128 0x1e
 2544 01c0 34       		.uleb128 0x34
 2545 01c1 00       		.byte	0
 2546 01c2 03       		.uleb128 0x3
 2547 01c3 0E       		.uleb128 0xe
 2548 01c4 3A       		.uleb128 0x3a
 2549 01c5 0B       		.uleb128 0xb
 2550 01c6 3B       		.uleb128 0x3b
 2551 01c7 0B       		.uleb128 0xb
 2552 01c8 49       		.uleb128 0x49
 2553 01c9 13       		.uleb128 0x13
 2554 01ca 3F       		.uleb128 0x3f
 2555 01cb 19       		.uleb128 0x19
 2556 01cc 3C       		.uleb128 0x3c
 2557 01cd 19       		.uleb128 0x19
 2558 01ce 00       		.byte	0
 2559 01cf 00       		.byte	0
 2560 01d0 1F       		.uleb128 0x1f
 2561 01d1 2E       		.uleb128 0x2e
 2562 01d2 00       		.byte	0
 2563 01d3 3F       		.uleb128 0x3f
 2564 01d4 19       		.uleb128 0x19
 2565 01d5 3C       		.uleb128 0x3c
 2566 01d6 19       		.uleb128 0x19
 2567 01d7 6E       		.uleb128 0x6e
 2568 01d8 0E       		.uleb128 0xe
 2569 01d9 03       		.uleb128 0x3
 2570 01da 0E       		.uleb128 0xe
 2571 01db 3A       		.uleb128 0x3a
 2572 01dc 0B       		.uleb128 0xb
 2573 01dd 3B       		.uleb128 0x3b
 2574 01de 0B       		.uleb128 0xb
 2575 01df 00       		.byte	0
 2576 01e0 00       		.byte	0
 2577 01e1 20       		.uleb128 0x20
ARM GAS  C:\Users\amant\AppData\Local\Temp\ccgEi7qj.s 			page 53


 2578 01e2 2E       		.uleb128 0x2e
 2579 01e3 00       		.byte	0
 2580 01e4 3F       		.uleb128 0x3f
 2581 01e5 19       		.uleb128 0x19
 2582 01e6 3C       		.uleb128 0x3c
 2583 01e7 19       		.uleb128 0x19
 2584 01e8 6E       		.uleb128 0x6e
 2585 01e9 0E       		.uleb128 0xe
 2586 01ea 03       		.uleb128 0x3
 2587 01eb 0E       		.uleb128 0xe
 2588 01ec 3A       		.uleb128 0x3a
 2589 01ed 0B       		.uleb128 0xb
 2590 01ee 3B       		.uleb128 0x3b
 2591 01ef 05       		.uleb128 0x5
 2592 01f0 00       		.byte	0
 2593 01f1 00       		.byte	0
 2594 01f2 00       		.byte	0
 2595              		.section	.debug_loc,"",%progbits
 2596              	.Ldebug_loc0:
 2597              	.LLST0:
 2598 0000 00000000 		.4byte	.LVL0
 2599 0004 13000000 		.4byte	.LVL2-1
 2600 0008 0100     		.2byte	0x1
 2601 000a 50       		.byte	0x50
 2602 000b 13000000 		.4byte	.LVL2-1
 2603 000f 2E000000 		.4byte	.LVL5
 2604 0013 0100     		.2byte	0x1
 2605 0015 54       		.byte	0x54
 2606 0016 2E000000 		.4byte	.LVL5
 2607 001a 30000000 		.4byte	.LFE33
 2608 001e 0400     		.2byte	0x4
 2609 0020 F3       		.byte	0xf3
 2610 0021 01       		.uleb128 0x1
 2611 0022 50       		.byte	0x50
 2612 0023 9F       		.byte	0x9f
 2613 0024 00000000 		.4byte	0
 2614 0028 00000000 		.4byte	0
 2615              	.LLST1:
 2616 002c 00000000 		.4byte	.LVL0
 2617 0030 13000000 		.4byte	.LVL2-1
 2618 0034 0100     		.2byte	0x1
 2619 0036 51       		.byte	0x51
 2620 0037 13000000 		.4byte	.LVL2-1
 2621 003b 2E000000 		.4byte	.LVL6
 2622 003f 0200     		.2byte	0x2
 2623 0041 75       		.byte	0x75
 2624 0042 00       		.sleb128 0
 2625 0043 2E000000 		.4byte	.LVL6
 2626 0047 30000000 		.4byte	.LFE33
 2627 004b 0200     		.2byte	0x2
 2628 004d 91       		.byte	0x91
 2629 004e 67       		.sleb128 -25
 2630 004f 00000000 		.4byte	0
 2631 0053 00000000 		.4byte	0
 2632              	.LLST2:
 2633 0057 00000000 		.4byte	.LVL0
 2634 005b 13000000 		.4byte	.LVL2-1
ARM GAS  C:\Users\amant\AppData\Local\Temp\ccgEi7qj.s 			page 54


 2635 005f 0100     		.2byte	0x1
 2636 0061 52       		.byte	0x52
 2637 0062 13000000 		.4byte	.LVL2-1
 2638 0066 2E000000 		.4byte	.LVL7
 2639 006a 0100     		.2byte	0x1
 2640 006c 56       		.byte	0x56
 2641 006d 2E000000 		.4byte	.LVL7
 2642 0071 30000000 		.4byte	.LFE33
 2643 0075 0400     		.2byte	0x4
 2644 0077 F3       		.byte	0xf3
 2645 0078 01       		.uleb128 0x1
 2646 0079 52       		.byte	0x52
 2647 007a 9F       		.byte	0x9f
 2648 007b 00000000 		.4byte	0
 2649 007f 00000000 		.4byte	0
 2650              	.LLST3:
 2651 0083 00000000 		.4byte	.LVL0
 2652 0087 0C000000 		.4byte	.LVL1
 2653 008b 0100     		.2byte	0x1
 2654 008d 53       		.byte	0x53
 2655 008e 0C000000 		.4byte	.LVL1
 2656 0092 2E000000 		.4byte	.LVL8
 2657 0096 0100     		.2byte	0x1
 2658 0098 57       		.byte	0x57
 2659 0099 2E000000 		.4byte	.LVL8
 2660 009d 30000000 		.4byte	.LFE33
 2661 00a1 0400     		.2byte	0x4
 2662 00a3 F3       		.byte	0xf3
 2663 00a4 01       		.uleb128 0x1
 2664 00a5 53       		.byte	0x53
 2665 00a6 9F       		.byte	0x9f
 2666 00a7 00000000 		.4byte	0
 2667 00ab 00000000 		.4byte	0
 2668              	.LLST4:
 2669 00af 00000000 		.4byte	.LVL9
 2670 00b3 0C000000 		.4byte	.LVL10
 2671 00b7 0100     		.2byte	0x1
 2672 00b9 50       		.byte	0x50
 2673 00ba 0C000000 		.4byte	.LVL10
 2674 00be 22000000 		.4byte	.LFE34
 2675 00c2 0400     		.2byte	0x4
 2676 00c4 F3       		.byte	0xf3
 2677 00c5 01       		.uleb128 0x1
 2678 00c6 50       		.byte	0x50
 2679 00c7 9F       		.byte	0x9f
 2680 00c8 00000000 		.4byte	0
 2681 00cc 00000000 		.4byte	0
 2682              	.LLST5:
 2683 00d0 1C000000 		.4byte	.LVL12
 2684 00d4 20000000 		.4byte	.LVL13
 2685 00d8 1400     		.2byte	0x14
 2686 00da 91       		.byte	0x91
 2687 00db 71       		.sleb128 -15
 2688 00dc 94       		.byte	0x94
 2689 00dd 01       		.byte	0x1
 2690 00de 08       		.byte	0x8
 2691 00df FF       		.byte	0xff
ARM GAS  C:\Users\amant\AppData\Local\Temp\ccgEi7qj.s 			page 55


 2692 00e0 1A       		.byte	0x1a
 2693 00e1 38       		.byte	0x38
 2694 00e2 24       		.byte	0x24
 2695 00e3 7D       		.byte	0x7d
 2696 00e4 00       		.sleb128 0
 2697 00e5 94       		.byte	0x94
 2698 00e6 01       		.byte	0x1
 2699 00e7 08       		.byte	0x8
 2700 00e8 FF       		.byte	0xff
 2701 00e9 1A       		.byte	0x1a
 2702 00ea 21       		.byte	0x21
 2703 00eb 40       		.byte	0x40
 2704 00ec 1B       		.byte	0x1b
 2705 00ed 9F       		.byte	0x9f
 2706 00ee 20000000 		.4byte	.LVL13
 2707 00f2 22000000 		.4byte	.LFE34
 2708 00f6 1400     		.2byte	0x14
 2709 00f8 91       		.byte	0x91
 2710 00f9 71       		.sleb128 -15
 2711 00fa 94       		.byte	0x94
 2712 00fb 01       		.byte	0x1
 2713 00fc 08       		.byte	0x8
 2714 00fd FF       		.byte	0xff
 2715 00fe 1A       		.byte	0x1a
 2716 00ff 38       		.byte	0x38
 2717 0100 24       		.byte	0x24
 2718 0101 91       		.byte	0x91
 2719 0102 70       		.sleb128 -16
 2720 0103 94       		.byte	0x94
 2721 0104 01       		.byte	0x1
 2722 0105 08       		.byte	0x8
 2723 0106 FF       		.byte	0xff
 2724 0107 1A       		.byte	0x1a
 2725 0108 21       		.byte	0x21
 2726 0109 40       		.byte	0x40
 2727 010a 1B       		.byte	0x1b
 2728 010b 9F       		.byte	0x9f
 2729 010c 00000000 		.4byte	0
 2730 0110 00000000 		.4byte	0
 2731              	.LLST6:
 2732 0114 00000000 		.4byte	.LVL14
 2733 0118 09000000 		.4byte	.LVL15-1
 2734 011c 0100     		.2byte	0x1
 2735 011e 50       		.byte	0x50
 2736 011f 09000000 		.4byte	.LVL15-1
 2737 0123 68000000 		.4byte	.LVL27
 2738 0127 0100     		.2byte	0x1
 2739 0129 56       		.byte	0x56
 2740 012a 68000000 		.4byte	.LVL27
 2741 012e 6A000000 		.4byte	.LFE36
 2742 0132 0400     		.2byte	0x4
 2743 0134 F3       		.byte	0xf3
 2744 0135 01       		.uleb128 0x1
 2745 0136 50       		.byte	0x50
 2746 0137 9F       		.byte	0x9f
 2747 0138 00000000 		.4byte	0
 2748 013c 00000000 		.4byte	0
ARM GAS  C:\Users\amant\AppData\Local\Temp\ccgEi7qj.s 			page 56


 2749              	.LLST7:
 2750 0140 0C000000 		.4byte	.LVL16
 2751 0144 0F000000 		.4byte	.LVL17-1
 2752 0148 0100     		.2byte	0x1
 2753 014a 50       		.byte	0x50
 2754 014b 0F000000 		.4byte	.LVL17-1
 2755 014f 68000000 		.4byte	.LVL26
 2756 0153 0100     		.2byte	0x1
 2757 0155 55       		.byte	0x55
 2758 0156 00000000 		.4byte	0
 2759 015a 00000000 		.4byte	0
 2760              	.LLST8:
 2761 015e 12000000 		.4byte	.LVL18
 2762 0162 15000000 		.4byte	.LVL19-1
 2763 0166 0100     		.2byte	0x1
 2764 0168 50       		.byte	0x50
 2765 0169 15000000 		.4byte	.LVL19-1
 2766 016d 68000000 		.4byte	.LVL25
 2767 0171 0100     		.2byte	0x1
 2768 0173 54       		.byte	0x54
 2769 0174 00000000 		.4byte	0
 2770 0178 00000000 		.4byte	0
 2771              	.LLST9:
 2772 017c 18000000 		.4byte	.LVL20
 2773 0180 1B000000 		.4byte	.LVL21-1
 2774 0184 0100     		.2byte	0x1
 2775 0186 50       		.byte	0x50
 2776 0187 1B000000 		.4byte	.LVL21-1
 2777 018b 68000000 		.4byte	.LVL28
 2778 018f 0100     		.2byte	0x1
 2779 0191 57       		.byte	0x57
 2780 0192 00000000 		.4byte	0
 2781 0196 00000000 		.4byte	0
 2782              	.LLST10:
 2783 019a 1E000000 		.4byte	.LVL22
 2784 019e 20000000 		.4byte	.LVL23
 2785 01a2 0100     		.2byte	0x1
 2786 01a4 50       		.byte	0x50
 2787 01a5 20000000 		.4byte	.LVL23
 2788 01a9 6A000000 		.4byte	.LFE36
 2789 01ad 0200     		.2byte	0x2
 2790 01af 91       		.byte	0x91
 2791 01b0 64       		.sleb128 -28
 2792 01b1 00000000 		.4byte	0
 2793 01b5 00000000 		.4byte	0
 2794              	.LLST11:
 2795 01b9 00000000 		.4byte	.LVL29
 2796 01bd 07000000 		.4byte	.LVL30-1
 2797 01c1 0100     		.2byte	0x1
 2798 01c3 50       		.byte	0x50
 2799 01c4 07000000 		.4byte	.LVL30-1
 2800 01c8 50000000 		.4byte	.LVL44
 2801 01cc 0100     		.2byte	0x1
 2802 01ce 54       		.byte	0x54
 2803 01cf 50000000 		.4byte	.LVL44
 2804 01d3 52000000 		.4byte	.LFE37
 2805 01d7 0400     		.2byte	0x4
ARM GAS  C:\Users\amant\AppData\Local\Temp\ccgEi7qj.s 			page 57


 2806 01d9 F3       		.byte	0xf3
 2807 01da 01       		.uleb128 0x1
 2808 01db 50       		.byte	0x50
 2809 01dc 9F       		.byte	0x9f
 2810 01dd 00000000 		.4byte	0
 2811 01e1 00000000 		.4byte	0
 2812              	.LLST12:
 2813 01e5 0A000000 		.4byte	.LVL31
 2814 01e9 50000000 		.4byte	.LVL45
 2815 01ed 0100     		.2byte	0x1
 2816 01ef 55       		.byte	0x55
 2817 01f0 00000000 		.4byte	0
 2818 01f4 00000000 		.4byte	0
 2819              	.LLST13:
 2820 01f8 0E000000 		.4byte	.LVL32
 2821 01fc 10000000 		.4byte	.LVL33
 2822 0200 0100     		.2byte	0x1
 2823 0202 50       		.byte	0x50
 2824 0203 00000000 		.4byte	0
 2825 0207 00000000 		.4byte	0
 2826              	.LLST14:
 2827 020b 00000000 		.4byte	.LVL46
 2828 020f 07000000 		.4byte	.LVL47-1
 2829 0213 0100     		.2byte	0x1
 2830 0215 50       		.byte	0x50
 2831 0216 07000000 		.4byte	.LVL47-1
 2832 021a 50000000 		.4byte	.LVL61
 2833 021e 0100     		.2byte	0x1
 2834 0220 54       		.byte	0x54
 2835 0221 50000000 		.4byte	.LVL61
 2836 0225 52000000 		.4byte	.LFE38
 2837 0229 0400     		.2byte	0x4
 2838 022b F3       		.byte	0xf3
 2839 022c 01       		.uleb128 0x1
 2840 022d 50       		.byte	0x50
 2841 022e 9F       		.byte	0x9f
 2842 022f 00000000 		.4byte	0
 2843 0233 00000000 		.4byte	0
 2844              	.LLST15:
 2845 0237 0A000000 		.4byte	.LVL48
 2846 023b 50000000 		.4byte	.LVL62
 2847 023f 0100     		.2byte	0x1
 2848 0241 55       		.byte	0x55
 2849 0242 00000000 		.4byte	0
 2850 0246 00000000 		.4byte	0
 2851              	.LLST16:
 2852 024a 0E000000 		.4byte	.LVL49
 2853 024e 10000000 		.4byte	.LVL50
 2854 0252 0100     		.2byte	0x1
 2855 0254 50       		.byte	0x50
 2856 0255 00000000 		.4byte	0
 2857 0259 00000000 		.4byte	0
 2858              	.LLST17:
 2859 025d 00000000 		.4byte	.LVL63
 2860 0261 07000000 		.4byte	.LVL64-1
 2861 0265 0100     		.2byte	0x1
 2862 0267 50       		.byte	0x50
ARM GAS  C:\Users\amant\AppData\Local\Temp\ccgEi7qj.s 			page 58


 2863 0268 07000000 		.4byte	.LVL64-1
 2864 026c 3C000000 		.4byte	.LVL74
 2865 0270 0100     		.2byte	0x1
 2866 0272 54       		.byte	0x54
 2867 0273 3C000000 		.4byte	.LVL74
 2868 0277 3E000000 		.4byte	.LFE39
 2869 027b 0400     		.2byte	0x4
 2870 027d F3       		.byte	0xf3
 2871 027e 01       		.uleb128 0x1
 2872 027f 50       		.byte	0x50
 2873 0280 9F       		.byte	0x9f
 2874 0281 00000000 		.4byte	0
 2875 0285 00000000 		.4byte	0
 2876              	.LLST18:
 2877 0289 0A000000 		.4byte	.LVL65
 2878 028d 3C000000 		.4byte	.LVL75
 2879 0291 0100     		.2byte	0x1
 2880 0293 55       		.byte	0x55
 2881 0294 00000000 		.4byte	0
 2882 0298 00000000 		.4byte	0
 2883              	.LLST19:
 2884 029c 0E000000 		.4byte	.LVL66
 2885 02a0 10000000 		.4byte	.LVL67
 2886 02a4 0100     		.2byte	0x1
 2887 02a6 50       		.byte	0x50
 2888 02a7 00000000 		.4byte	0
 2889 02ab 00000000 		.4byte	0
 2890              	.LLST20:
 2891 02af 00000000 		.4byte	.LVL76
 2892 02b3 07000000 		.4byte	.LVL77-1
 2893 02b7 0100     		.2byte	0x1
 2894 02b9 50       		.byte	0x50
 2895 02ba 07000000 		.4byte	.LVL77-1
 2896 02be 3C000000 		.4byte	.LVL87
 2897 02c2 0100     		.2byte	0x1
 2898 02c4 54       		.byte	0x54
 2899 02c5 3C000000 		.4byte	.LVL87
 2900 02c9 3E000000 		.4byte	.LFE40
 2901 02cd 0400     		.2byte	0x4
 2902 02cf F3       		.byte	0xf3
 2903 02d0 01       		.uleb128 0x1
 2904 02d1 50       		.byte	0x50
 2905 02d2 9F       		.byte	0x9f
 2906 02d3 00000000 		.4byte	0
 2907 02d7 00000000 		.4byte	0
 2908              	.LLST21:
 2909 02db 0A000000 		.4byte	.LVL78
 2910 02df 3C000000 		.4byte	.LVL88
 2911 02e3 0100     		.2byte	0x1
 2912 02e5 55       		.byte	0x55
 2913 02e6 00000000 		.4byte	0
 2914 02ea 00000000 		.4byte	0
 2915              	.LLST22:
 2916 02ee 0E000000 		.4byte	.LVL79
 2917 02f2 10000000 		.4byte	.LVL80
 2918 02f6 0100     		.2byte	0x1
 2919 02f8 50       		.byte	0x50
ARM GAS  C:\Users\amant\AppData\Local\Temp\ccgEi7qj.s 			page 59


 2920 02f9 00000000 		.4byte	0
 2921 02fd 00000000 		.4byte	0
 2922              	.LLST23:
 2923 0301 00000000 		.4byte	.LVL89
 2924 0305 07000000 		.4byte	.LVL90-1
 2925 0309 0100     		.2byte	0x1
 2926 030b 50       		.byte	0x50
 2927 030c 07000000 		.4byte	.LVL90-1
 2928 0310 1A000000 		.4byte	.LVL94
 2929 0314 0100     		.2byte	0x1
 2930 0316 54       		.byte	0x54
 2931 0317 1A000000 		.4byte	.LVL94
 2932 031b 1C000000 		.4byte	.LFE41
 2933 031f 0400     		.2byte	0x4
 2934 0321 F3       		.byte	0xf3
 2935 0322 01       		.uleb128 0x1
 2936 0323 50       		.byte	0x50
 2937 0324 9F       		.byte	0x9f
 2938 0325 00000000 		.4byte	0
 2939 0329 00000000 		.4byte	0
 2940              	.LLST24:
 2941 032d 08000000 		.4byte	.LVL90
 2942 0331 0F000000 		.4byte	.LVL91-1
 2943 0335 0100     		.2byte	0x1
 2944 0337 50       		.byte	0x50
 2945 0338 16000000 		.4byte	.LVL92
 2946 033c 19000000 		.4byte	.LVL93-1
 2947 0340 0100     		.2byte	0x1
 2948 0342 50       		.byte	0x50
 2949 0343 00000000 		.4byte	0
 2950 0347 00000000 		.4byte	0
 2951              	.LLST25:
 2952 034b 1C000000 		.4byte	.LVL96
 2953 034f 24000000 		.4byte	.LVL97
 2954 0353 0100     		.2byte	0x1
 2955 0355 50       		.byte	0x50
 2956 0356 24000000 		.4byte	.LVL97
 2957 035a 27000000 		.4byte	.LVL98-1
 2958 035e 0100     		.2byte	0x1
 2959 0360 51       		.byte	0x51
 2960 0361 2A000000 		.4byte	.LVL99
 2961 0365 3A000000 		.4byte	.LVL100
 2962 0369 0100     		.2byte	0x1
 2963 036b 50       		.byte	0x50
 2964 036c 00000000 		.4byte	0
 2965 0370 00000000 		.4byte	0
 2966              	.LLST26:
 2967 0374 5C000000 		.4byte	.LVL102
 2968 0378 61000000 		.4byte	.LVL103-1
 2969 037c 0100     		.2byte	0x1
 2970 037e 51       		.byte	0x51
 2971 037f 00000000 		.4byte	0
 2972 0383 00000000 		.4byte	0
 2973              	.LLST27:
 2974 0387 06000000 		.4byte	.LVL105
 2975 038b 0A000000 		.4byte	.LVL106
 2976 038f 0200     		.2byte	0x2
ARM GAS  C:\Users\amant\AppData\Local\Temp\ccgEi7qj.s 			page 60


 2977 0391 31       		.byte	0x31
 2978 0392 9F       		.byte	0x9f
 2979 0393 0A000000 		.4byte	.LVL106
 2980 0397 3A000000 		.4byte	.LVL116
 2981 039b 0100     		.2byte	0x1
 2982 039d 54       		.byte	0x54
 2983 039e 3C000000 		.4byte	.LVL117
 2984 03a2 40000000 		.4byte	.LVL118
 2985 03a6 0100     		.2byte	0x1
 2986 03a8 54       		.byte	0x54
 2987 03a9 00000000 		.4byte	0
 2988 03ad 00000000 		.4byte	0
 2989              	.LLST28:
 2990 03b1 14000000 		.4byte	.LVL107
 2991 03b5 1A000000 		.4byte	.LVL108
 2992 03b9 0100     		.2byte	0x1
 2993 03bb 50       		.byte	0x50
 2994 03bc 1A000000 		.4byte	.LVL108
 2995 03c0 1D000000 		.4byte	.LVL109-1
 2996 03c4 0300     		.2byte	0x3
 2997 03c6 70       		.byte	0x70
 2998 03c7 7F       		.sleb128 -1
 2999 03c8 9F       		.byte	0x9f
 3000 03c9 2C000000 		.4byte	.LVL112
 3001 03cd 2E000000 		.4byte	.LVL113
 3002 03d1 0100     		.2byte	0x1
 3003 03d3 50       		.byte	0x50
 3004 03d4 00000000 		.4byte	0
 3005 03d8 00000000 		.4byte	0
 3006              		.section	.debug_aranges,"",%progbits
 3007 0000 74000000 		.4byte	0x74
 3008 0004 0200     		.2byte	0x2
 3009 0006 00000000 		.4byte	.Ldebug_info0
 3010 000a 04       		.byte	0x4
 3011 000b 00       		.byte	0
 3012 000c 0000     		.2byte	0
 3013 000e 0000     		.2byte	0
 3014 0010 00000000 		.4byte	.LFB33
 3015 0014 30000000 		.4byte	.LFE33-.LFB33
 3016 0018 00000000 		.4byte	.LFB34
 3017 001c 22000000 		.4byte	.LFE34-.LFB34
 3018 0020 00000000 		.4byte	.LFB35
 3019 0024 02000000 		.4byte	.LFE35-.LFB35
 3020 0028 00000000 		.4byte	.LFB36
 3021 002c 6A000000 		.4byte	.LFE36-.LFB36
 3022 0030 00000000 		.4byte	.LFB37
 3023 0034 52000000 		.4byte	.LFE37-.LFB37
 3024 0038 00000000 		.4byte	.LFB38
 3025 003c 52000000 		.4byte	.LFE38-.LFB38
 3026 0040 00000000 		.4byte	.LFB39
 3027 0044 3E000000 		.4byte	.LFE39-.LFB39
 3028 0048 00000000 		.4byte	.LFB40
 3029 004c 3E000000 		.4byte	.LFE40-.LFB40
 3030 0050 00000000 		.4byte	.LFB41
 3031 0054 1C000000 		.4byte	.LFE41-.LFB41
 3032 0058 00000000 		.4byte	.LFB42
 3033 005c 74000000 		.4byte	.LFE42-.LFB42
ARM GAS  C:\Users\amant\AppData\Local\Temp\ccgEi7qj.s 			page 61


 3034 0060 00000000 		.4byte	.LFB43
 3035 0064 48000000 		.4byte	.LFE43-.LFB43
 3036 0068 00000000 		.4byte	.LFB44
 3037 006c 18000000 		.4byte	.LFE44-.LFB44
 3038 0070 00000000 		.4byte	0
 3039 0074 00000000 		.4byte	0
 3040              		.section	.debug_ranges,"",%progbits
 3041              	.Ldebug_ranges0:
 3042 0000 00000000 		.4byte	.LFB33
 3043 0004 30000000 		.4byte	.LFE33
 3044 0008 00000000 		.4byte	.LFB34
 3045 000c 22000000 		.4byte	.LFE34
 3046 0010 00000000 		.4byte	.LFB35
 3047 0014 02000000 		.4byte	.LFE35
 3048 0018 00000000 		.4byte	.LFB36
 3049 001c 6A000000 		.4byte	.LFE36
 3050 0020 00000000 		.4byte	.LFB37
 3051 0024 52000000 		.4byte	.LFE37
 3052 0028 00000000 		.4byte	.LFB38
 3053 002c 52000000 		.4byte	.LFE38
 3054 0030 00000000 		.4byte	.LFB39
 3055 0034 3E000000 		.4byte	.LFE39
 3056 0038 00000000 		.4byte	.LFB40
 3057 003c 3E000000 		.4byte	.LFE40
 3058 0040 00000000 		.4byte	.LFB41
 3059 0044 1C000000 		.4byte	.LFE41
 3060 0048 00000000 		.4byte	.LFB42
 3061 004c 74000000 		.4byte	.LFE42
 3062 0050 00000000 		.4byte	.LFB43
 3063 0054 48000000 		.4byte	.LFE43
 3064 0058 00000000 		.4byte	.LFB44
 3065 005c 18000000 		.4byte	.LFE44
 3066 0060 00000000 		.4byte	0
 3067 0064 00000000 		.4byte	0
 3068              		.section	.debug_line,"",%progbits
 3069              	.Ldebug_line0:
 3070 0000 6F040000 		.section	.debug_str,"MS",%progbits,1
 3070      0200F902 
 3070      00000201 
 3070      FB0E0D00 
 3070      01010101 
 3071              	.LASF57:
 3072 0000 68616E64 		.ascii	"handle_panic_state\000"
 3072      6C655F70 
 3072      616E6963 
 3072      5F737461 
 3072      746500
 3073              	.LASF33:
 3074 0013 636F7079 		.ascii	"copy_to\000"
 3074      5F746F00 
 3075              	.LASF37:
 3076 001b 70697463 		.ascii	"pitch_imu_raw_data\000"
 3076      685F696D 
 3076      755F7261 
 3076      775F6461 
 3076      746100
 3077              	.LASF55:
ARM GAS  C:\Users\amant\AppData\Local\Temp\ccgEi7qj.s 			page 62


 3078 002e 72616973 		.ascii	"raise_rear_legs_button\000"
 3078      655F7265 
 3078      61725F6C 
 3078      6567735F 
 3078      62757474 
 3079              	.LASF88:
 3080 0045 4932435F 		.ascii	"I2C_0_I2CMasterSendStart\000"
 3080      305F4932 
 3080      434D6173 
 3080      74657253 
 3080      656E6453 
 3081              	.LASF35:
 3082 005e 63757272 		.ascii	"current_state\000"
 3082      656E745F 
 3082      73746174 
 3082      6500
 3083              	.LASF96:
 3084 006c 433A5C55 		.ascii	"C:\\Users\\amant\\Generate\\Uplift-Solutions\\uplif"
 3084      73657273 
 3084      5C616D61 
 3084      6E745C47 
 3084      656E6572 
 3085 009a 742D6677 		.ascii	"t-fw-sp25\\src\\psoc_4200_uplift.cydsn\000"
 3085      2D737032 
 3085      355C7372 
 3085      635C7073 
 3085      6F635F34 
 3086              	.LASF22:
 3087 00bf 73697A65 		.ascii	"sizetype\000"
 3087      74797065 
 3087      00
 3088              	.LASF36:
 3089 00c8 726F6C6C 		.ascii	"roll_imu_raw_data\000"
 3089      5F696D75 
 3089      5F726177 
 3089      5F646174 
 3089      6100
 3090              	.LASF100:
 3091 00da 4932435F 		.ascii	"I2C_0_mstrStatus\000"
 3091      305F6D73 
 3091      74725374 
 3091      61747573 
 3091      00
 3092              	.LASF52:
 3093 00eb 6C6F7765 		.ascii	"lower_legs_button\000"
 3093      725F6C65 
 3093      67735F62 
 3093      7574746F 
 3093      6E00
 3094              	.LASF48:
 3095 00fd 68616E64 		.ascii	"handle_raise_legs_state\000"
 3095      6C655F72 
 3095      61697365 
 3095      5F6C6567 
 3095      735F7374 
 3096              	.LASF99:
 3097 0115 6D61696E 		.ascii	"main\000"
ARM GAS  C:\Users\amant\AppData\Local\Temp\ccgEi7qj.s 			page 63


 3097      00
 3098              	.LASF7:
 3099 011a 5F5F7569 		.ascii	"__uint32_t\000"
 3099      6E743332 
 3099      5F7400
 3100              	.LASF39:
 3101 0125 75736162 		.ascii	"usable_pitch_data\000"
 3101      6C655F70 
 3101      69746368 
 3101      5F646174 
 3101      6100
 3102              	.LASF27:
 3103 0137 52414953 		.ascii	"RAISE_SEAT\000"
 3103      455F5345 
 3103      415400
 3104              	.LASF26:
 3105 0142 4C4F5745 		.ascii	"LOWER_LEGS\000"
 3105      525F4C45 
 3105      475300
 3106              	.LASF54:
 3107 014d 656E6162 		.ascii	"enable_tilt_seat_button\000"
 3107      6C655F74 
 3107      696C745F 
 3107      73656174 
 3107      5F627574 
 3108              	.LASF4:
 3109 0165 73686F72 		.ascii	"short int\000"
 3109      7420696E 
 3109      7400
 3110              	.LASF61:
 3111 016f 65756C65 		.ascii	"euler_angles\000"
 3111      725F616E 
 3111      676C6573 
 3111      00
 3112              	.LASF76:
 3113 017c 50574D5F 		.ascii	"PWM_FRONT_0_Stop\000"
 3113      46524F4E 
 3113      545F305F 
 3113      53746F70 
 3113      00
 3114              	.LASF43:
 3115 018d 74696C74 		.ascii	"tilt_seat_button\000"
 3115      5F736561 
 3115      745F6275 
 3115      74746F6E 
 3115      00
 3116              	.LASF94:
 3117 019e 474E5520 		.ascii	"GNU C11 5.4.1 20160609 (release) [ARM/embedded-5-br"
 3117      43313120 
 3117      352E342E 
 3117      31203230 
 3117      31363036 
 3118 01d1 616E6368 		.ascii	"anch revision 237715] -mcpu=cortex-m0 -mthumb -g -O"
 3118      20726576 
 3118      6973696F 
 3118      6E203233 
 3118      37373135 
ARM GAS  C:\Users\amant\AppData\Local\Temp\ccgEi7qj.s 			page 64


 3119 0204 67202D66 		.ascii	"g -ffunction-sections -ffat-lto-objects\000"
 3119      66756E63 
 3119      74696F6E 
 3119      2D736563 
 3119      74696F6E 
 3120              	.LASF12:
 3121 022c 75696E74 		.ascii	"uint8_t\000"
 3121      385F7400 
 3122              	.LASF86:
 3123 0234 42555A5A 		.ascii	"BUZZER_PWM_0_Start\000"
 3123      45525F50 
 3123      574D5F30 
 3123      5F537461 
 3123      727400
 3124              	.LASF15:
 3125 0247 75696E74 		.ascii	"uint8\000"
 3125      3800
 3126              	.LASF14:
 3127 024d 75696E74 		.ascii	"uint32_t\000"
 3127      33325F74 
 3127      00
 3128              	.LASF24:
 3129 0256 49444C45 		.ascii	"IDLE\000"
 3129      00
 3130              	.LASF18:
 3131 025b 666C6F61 		.ascii	"float\000"
 3131      7400
 3132              	.LASF60:
 3133 0261 72644275 		.ascii	"rdBuff\000"
 3133      666600
 3134              	.LASF9:
 3135 0268 6C6F6E67 		.ascii	"long long int\000"
 3135      206C6F6E 
 3135      6720696E 
 3135      7400
 3136              	.LASF31:
 3137 0276 736C6176 		.ascii	"slave_address\000"
 3137      655F6164 
 3137      64726573 
 3137      7300
 3138              	.LASF30:
 3139 0284 53746174 		.ascii	"State\000"
 3139      6500
 3140              	.LASF84:
 3141 028a 4449525F 		.ascii	"DIR_REAR_RIGHT_Write\000"
 3141      52454152 
 3141      5F524947 
 3141      48545F57 
 3141      72697465 
 3142              	.LASF6:
 3143 029f 6C6F6E67 		.ascii	"long int\000"
 3143      20696E74 
 3143      00
 3144              	.LASF50:
 3145 02a8 72616973 		.ascii	"raise_legs_button\000"
 3145      655F6C65 
 3145      67735F62 
ARM GAS  C:\Users\amant\AppData\Local\Temp\ccgEi7qj.s 			page 65


 3145      7574746F 
 3145      6E00
 3146              	.LASF65:
 3147 02ba 61646472 		.ascii	"address\000"
 3147      65737300 
 3148              	.LASF87:
 3149 02c2 7072696E 		.ascii	"printf\000"
 3149      746600
 3150              	.LASF63:
 3151 02c9 6172655F 		.ascii	"are_you_there_imu\000"
 3151      796F755F 
 3151      74686572 
 3151      655F696D 
 3151      7500
 3152              	.LASF66:
 3153 02db 64756D6D 		.ascii	"dummy\000"
 3153      7900
 3154              	.LASF28:
 3155 02e1 4C4F5745 		.ascii	"LOWER_SEAT\000"
 3155      525F5345 
 3155      415400
 3156              	.LASF2:
 3157 02ec 5F5F7569 		.ascii	"__uint8_t\000"
 3157      6E74385F 
 3157      7400
 3158              	.LASF46:
 3159 02f6 6D6F746F 		.ascii	"motors_down_button\000"
 3159      72735F64 
 3159      6F776E5F 
 3159      62757474 
 3159      6F6E00
 3160              	.LASF59:
 3161 0309 65727253 		.ascii	"errS\000"
 3161      00
 3162              	.LASF83:
 3163 030e 4449525F 		.ascii	"DIR_REAR_LEFT_Write\000"
 3163      52454152 
 3163      5F4C4546 
 3163      545F5772 
 3163      69746500 
 3164              	.LASF72:
 3165 0322 42555454 		.ascii	"BUTTON_MOTOR_EN_Read\000"
 3165      4F4E5F4D 
 3165      4F544F52 
 3165      5F454E5F 
 3165      52656164 
 3166              	.LASF93:
 3167 0337 4932435F 		.ascii	"I2C_0_Enable\000"
 3167      305F456E 
 3167      61626C65 
 3167      00
 3168              	.LASF21:
 3169 0344 6C6F6E67 		.ascii	"long double\000"
 3169      20646F75 
 3169      626C6500 
 3170              	.LASF68:
 3171 0350 4932435F 		.ascii	"I2C_0_Start\000"
ARM GAS  C:\Users\amant\AppData\Local\Temp\ccgEi7qj.s 			page 66


 3171      305F5374 
 3171      61727400 
 3172              	.LASF1:
 3173 035c 756E7369 		.ascii	"unsigned char\000"
 3173      676E6564 
 3173      20636861 
 3173      7200
 3174              	.LASF49:
 3175 036a 6C656773 		.ascii	"legs_enable_button\000"
 3175      5F656E61 
 3175      626C655F 
 3175      62757474 
 3175      6F6E00
 3176              	.LASF85:
 3177 037d 42555A5A 		.ascii	"BUZZER_PWM_0_Stop\000"
 3177      45525F50 
 3177      574D5F30 
 3177      5F53746F 
 3177      7000
 3178              	.LASF0:
 3179 038f 7369676E 		.ascii	"signed char\000"
 3179      65642063 
 3179      68617200 
 3180              	.LASF64:
 3181 039b 7363616E 		.ascii	"scan_i2c_bus\000"
 3181      5F693263 
 3181      5F627573 
 3181      00
 3182              	.LASF10:
 3183 03a8 6C6F6E67 		.ascii	"long long unsigned int\000"
 3183      206C6F6E 
 3183      6720756E 
 3183      7369676E 
 3183      65642069 
 3184              	.LASF38:
 3185 03bf 75736162 		.ascii	"usable_roll_data\000"
 3185      6C655F72 
 3185      6F6C6C5F 
 3185      64617461 
 3185      00
 3186              	.LASF78:
 3187 03d0 454E4142 		.ascii	"ENABLE_REAR_MOTORS_Write\000"
 3187      4C455F52 
 3187      4541525F 
 3187      4D4F544F 
 3187      52535F57 
 3188              	.LASF11:
 3189 03e9 756E7369 		.ascii	"unsigned int\000"
 3189      676E6564 
 3189      20696E74 
 3189      00
 3190              	.LASF42:
 3191 03f6 68616E64 		.ascii	"handle_idle_state\000"
 3191      6C655F69 
 3191      646C655F 
 3191      73746174 
 3191      6500
ARM GAS  C:\Users\amant\AppData\Local\Temp\ccgEi7qj.s 			page 67


 3192              	.LASF77:
 3193 0408 454E4142 		.ascii	"ENABLE_FRONT_MOTORS_Write\000"
 3193      4C455F46 
 3193      524F4E54 
 3193      5F4D4F54 
 3193      4F52535F 
 3194              	.LASF97:
 3195 0422 63686563 		.ascii	"check_imu\000"
 3195      6B5F696D 
 3195      7500
 3196              	.LASF92:
 3197 042c 4932435F 		.ascii	"I2C_0_Init\000"
 3197      305F496E 
 3197      697400
 3198              	.LASF23:
 3199 0437 534C4545 		.ascii	"SLEEP\000"
 3199      5000
 3200              	.LASF5:
 3201 043d 73686F72 		.ascii	"short unsigned int\000"
 3201      7420756E 
 3201      7369676E 
 3201      65642069 
 3201      6E7400
 3202              	.LASF67:
 3203 0450 73746174 		.ascii	"status\000"
 3203      757300
 3204              	.LASF20:
 3205 0457 63686172 		.ascii	"char\000"
 3205      00
 3206              	.LASF56:
 3207 045c 68616E64 		.ascii	"handle_lower_seat_state\000"
 3207      6C655F6C 
 3207      6F776572 
 3207      5F736561 
 3207      745F7374 
 3208              	.LASF58:
 3209 0474 6172655F 		.ascii	"are_you_still_on_the_ground\000"
 3209      796F755F 
 3209      7374696C 
 3209      6C5F6F6E 
 3209      5F746865 
 3210              	.LASF29:
 3211 0490 50414E49 		.ascii	"PANIC\000"
 3211      4300
 3212              	.LASF13:
 3213 0496 696E7431 		.ascii	"int16_t\000"
 3213      365F7400 
 3214              	.LASF40:
 3215 049e 5F426F6F 		.ascii	"_Bool\000"
 3215      6C00
 3216              	.LASF79:
 3217 04a4 50574D5F 		.ascii	"PWM_REAR_0_Start\000"
 3217      52454152 
 3217      5F305F53 
 3217      74617274 
 3217      00
 3218              	.LASF45:
ARM GAS  C:\Users\amant\AppData\Local\Temp\ccgEi7qj.s 			page 68


 3219 04b5 6D6F746F 		.ascii	"motors_up_button\000"
 3219      72735F75 
 3219      705F6275 
 3219      74746F6E 
 3219      00
 3220              	.LASF32:
 3221 04c6 72656164 		.ascii	"read_slave_register\000"
 3221      5F736C61 
 3221      76655F72 
 3221      65676973 
 3221      74657200 
 3222              	.LASF16:
 3223 04da 75696E74 		.ascii	"uint16\000"
 3223      313600
 3224              	.LASF17:
 3225 04e1 75696E74 		.ascii	"uint32\000"
 3225      333200
 3226              	.LASF95:
 3227 04e8 6D61696E 		.ascii	"main.c\000"
 3227      2E6300
 3228              	.LASF8:
 3229 04ef 6C6F6E67 		.ascii	"long unsigned int\000"
 3229      20756E73 
 3229      69676E65 
 3229      6420696E 
 3229      7400
 3230              	.LASF41:
 3231 0501 6932635F 		.ascii	"i2c_read_transaction\000"
 3231      72656164 
 3231      5F747261 
 3231      6E736163 
 3231      74696F6E 
 3232              	.LASF34:
 3233 0516 73697A65 		.ascii	"size\000"
 3233      00
 3234              	.LASF62:
 3235 051b 68656164 		.ascii	"heading\000"
 3235      696E6700 
 3236              	.LASF81:
 3237 0523 4449525F 		.ascii	"DIR_FRONT_LEFT_Write\000"
 3237      46524F4E 
 3237      545F4C45 
 3237      46545F57 
 3237      72697465 
 3238              	.LASF75:
 3239 0538 50574D5F 		.ascii	"PWM_REAR_0_Stop\000"
 3239      52454152 
 3239      5F305F53 
 3239      746F7000 
 3240              	.LASF44:
 3241 0548 616C6C5F 		.ascii	"all_legs_button\000"
 3241      6C656773 
 3241      5F627574 
 3241      746F6E00 
 3242              	.LASF71:
 3243 0558 42555454 		.ascii	"BUTTON_TILT_EN_Read\000"
 3243      4F4E5F54 
ARM GAS  C:\Users\amant\AppData\Local\Temp\ccgEi7qj.s 			page 69


 3243      494C545F 
 3243      454E5F52 
 3243      65616400 
 3244              	.LASF74:
 3245 056c 42555454 		.ascii	"BUTTON_DIR_DOWN_Read\000"
 3245      4F4E5F44 
 3245      49525F44 
 3245      4F574E5F 
 3245      52656164 
 3246              	.LASF91:
 3247 0581 4932435F 		.ascii	"I2C_0_I2CMasterSendStop\000"
 3247      305F4932 
 3247      434D6173 
 3247      74657253 
 3247      656E6453 
 3248              	.LASF3:
 3249 0599 5F5F696E 		.ascii	"__int16_t\000"
 3249      7431365F 
 3249      7400
 3250              	.LASF51:
 3251 05a3 68616E64 		.ascii	"handle_lower_legs_state\000"
 3251      6C655F6C 
 3251      6F776572 
 3251      5F6C6567 
 3251      735F7374 
 3252              	.LASF82:
 3253 05bb 4449525F 		.ascii	"DIR_FRONT_RIGHT_Write\000"
 3253      46524F4E 
 3253      545F5249 
 3253      4748545F 
 3253      57726974 
 3254              	.LASF89:
 3255 05d1 4C45445F 		.ascii	"LED_2_Write\000"
 3255      325F5772 
 3255      69746500 
 3256              	.LASF80:
 3257 05dd 50574D5F 		.ascii	"PWM_FRONT_0_Start\000"
 3257      46524F4E 
 3257      545F305F 
 3257      53746172 
 3257      7400
 3258              	.LASF73:
 3259 05ef 42555454 		.ascii	"BUTTON_DIR_UP_Read\000"
 3259      4F4E5F44 
 3259      49525F55 
 3259      505F5265 
 3259      616400
 3260              	.LASF19:
 3261 0602 646F7562 		.ascii	"double\000"
 3261      6C6500
 3262              	.LASF69:
 3263 0609 4932435F 		.ascii	"I2C_0_I2CMasterWriteBuf\000"
 3263      305F4932 
 3263      434D6173 
 3263      74657257 
 3263      72697465 
 3264              	.LASF47:
ARM GAS  C:\Users\amant\AppData\Local\Temp\ccgEi7qj.s 			page 70


 3265 0621 6469645F 		.ascii	"did_you_fall\000"
 3265      796F755F 
 3265      66616C6C 
 3265      00
 3266              	.LASF90:
 3267 062e 43794465 		.ascii	"CyDelay\000"
 3267      6C617900 
 3268              	.LASF53:
 3269 0636 68616E64 		.ascii	"handle_raise_seat_state\000"
 3269      6C655F72 
 3269      61697365 
 3269      5F736561 
 3269      745F7374 
 3270              	.LASF25:
 3271 064e 52414953 		.ascii	"RAISE_LEGS\000"
 3271      455F4C45 
 3271      475300
 3272              	.LASF70:
 3273 0659 4932435F 		.ascii	"I2C_0_I2CMasterReadBuf\000"
 3273      305F4932 
 3273      434D6173 
 3273      74657252 
 3273      65616442 
 3274              	.LASF98:
 3275 0670 68616E64 		.ascii	"handle_sleep_state\000"
 3275      6C655F73 
 3275      6C656570 
 3275      5F737461 
 3275      746500
 3276              		.ident	"GCC: (GNU Tools for ARM Embedded Processors) 5.4.1 20160609 (release) [ARM/embedded-5-bran
